
============================================================
[SESSION] 2026-08-29 20:39:49.751 pid=12876 trainer=00007FFBD57E0000 range=0x00007FFBD57E0000-0x00007FFBD59BE000
[SESSION] modules=190 (snapshotted at init; anything loaded later shows as a raw address)
  0x00007FF7C8980000-0x00007FF7CD87C000 Cyberpunk2077.exe
  0x00007FFD45980000-0x00007FFD45BE6000 ntdll.dll
  0x00007FFD43860000-0x00007FFD43929000 KERNEL32.DLL
  0x00007FFD431E0000-0x00007FFD435DF000 KERNELBASE.dll
  0x00007FFD43930000-0x00007FFD43AF6000 USER32.dll
  0x00007FFD42E40000-0x00007FFD42E67000 win32u.dll
  0x00007FFD44180000-0x00007FFD441AB000 GDI32.dll
  0x00007FFD42F20000-0x00007FFD43049000 gdi32full.dll
  0x00007FFD42E70000-0x00007FFD42F13000 msvcp_win.dll
  0x00007FFD42B90000-0x00007FFD42CDC000 ucrtbase.dll
  0x00007FFD44260000-0x00007FFD449E8000 SHELL32.dll
  0x00007FFD456A0000-0x00007FFD45706000 SHLWAPI.dll
  0x00007FFD436D0000-0x00007FFD4378C000 ADVAPI32.dll
  0x00007FFD45400000-0x00007FFD454A9000 msvcrt.dll
  0x00007FFD441B0000-0x00007FFD4425A000 sechost.dll
  0x00007FFD44AD0000-0x00007FFD44BE8000 RPCRT4.dll
  0x00007FFD44DD0000-0x00007FFD44F69000 ole32.dll
  0x00007FFD44FD0000-0x00007FFD45355000 combase.dll
  0x00007FFD43CF0000-0x00007FFD44177000 SETUPAPI.dll
  0x00007FFD458B0000-0x00007FFD45932000 WS2_32.dll
  0x00007FFD449F0000-0x00007FFD44AC9000 OLEAUT32.dll
  0x00007FFC82110000-0x00007FFC82196000 sl.interposer.dll
  0x00007FFC644B0000-0x00007FFC64693000 dbghelp.dll
  0x00007FFC884D0000-0x00007FFC88529000 libxell.dll
  0x00007FFBECD60000-0x00007FFBEDB09000 REDGalaxy64.dll
  0x00007FFCF5A80000-0x00007FFCF5A89000 XINPUT9_1_0.dll
  0x00007FFD43050000-0x00007FFD431CE000 CRYPT32.dll
  0x00007FFC69F70000-0x00007FFC69FED000 bink2w64.dll
  0x00007FFC94000000-0x00007FFC9401B000 redlexer_native.dll
  0x00007FFBEA1E0000-0x00007FFBECD5E000 libxess_fg.dll
  0x00007FFC64870000-0x00007FFC648FF000 PhysX3CharacterKinematic_x64.dll
  0x00007FFC1A870000-0x00007FFC1AA69000 PhysX3Common_x64.dll
  0x00007FFBE57A0000-0x00007FFBEA1D6000 libxess.dll
  0x00007FFC647C0000-0x00007FFC64865000 PhysX3Cooking_x64.dll
  0x00007FFC64150000-0x00007FFC641DC000 PxFoundation_x64.dll
  0x00007FFC16E30000-0x00007FFC170B1000 PhysX3_x64.dll
  0x00007FFC8F8F0000-0x00007FFC8F91B000 ffx_fsr3_x64.dll
  0x00007FFC832A0000-0x00007FFC8330B000 libcurl.dll
  0x00007FFD44BF0000-0x00007FFD44C63000 WLDAP32.dll
  0x00007FFBE4B40000-0x00007FFBE5792000 ffx_backend_dx12_x64.dll
  0x00007FFC0F960000-0x00007FFC0FBE8000 icuin.dll
  0x00007FFD43CE0000-0x00007FFD43CE8000 Normaliz.dll
  0x00007FFC13190000-0x00007FFC13364000 icuuc.dll
  0x00007FFD42830000-0x00007FFD4288E000 POWRPROF.dll
  0x00007FFD40F20000-0x00007FFD40F2F000 HID.DLL
  0x00007FFC2F670000-0x00007FFC2F754000 VERSION.dll
  0x00007FFC569F0000-0x00007FFC56B23000 oo2ext_7_win64.dll
  0x00007FFC89510000-0x00007FFC8954A000 WINMM.dll
  0x00007FFD27B30000-0x00007FFD27BCD000 MSVCP140.dll
  0x00007FFD29040000-0x00007FFD2904C000 VCRUNTIME140_1.dll
  0x00007FFD3FE50000-0x00007FFD3FF8A000 dxgi.dll
  0x00007FFD42760000-0x00007FFD427B2000 CFGMGR32.dll
  0x00007FFD27AA0000-0x00007FFD27ACC000 VCRUNTIME140.dll
  0x00007FFC8F330000-0x00007FFC8F35D000 amd_ags_x64.dll
  0x00007FFD42A80000-0x00007FFD42AAA000 bcrypt.dll
  0x00007FFD28720000-0x00007FFD289B5000 WININET.dll
  0x00007FFD41250000-0x00007FFD41283000 IPHLPAPI.DLL
  0x00007FFD41E30000-0x00007FFD41E9C000 MSWSOCK.dll
  0x00007FFC830D0000-0x00007FFC83103000 ffx_fsr3upscaler_x64.dll
  0x00007FFC821D0000-0x00007FFC821FE000 ffx_frameinterpolation_x64.dll
  0x00007FFC82200000-0x00007FFC82230000 ffx_opticalflow_x64.dll
  0x00007FFC820E0000-0x00007FFC8210C000 dbgcore.DLL
  0x0000024E7DCC0000-0x0000024E7DCC3000 icudt.dll
  0x00007FFD45660000-0x00007FFD45692000 IMM32.DLL
  0x00007FFD42810000-0x00007FFD42825000 UMPDC.dll
  0x00007FFD40680000-0x00007FFD40F1B000 windows.storage.dll
  0x00007FFD454B0000-0x00007FFD455A9000 SHCORE.dll
  0x00007FFD30F60000-0x00007FFD30F96000 winmm.dll
  0x00007FFC17810000-0x00007FFC17947000 RED4ext.dll
  0x00007FFD3BCE0000-0x00007FFD3BCEB000 VERSION.dll
  0x00007FFBE4410000-0x00007FFBE4B40000 cyber_engine_tweaks.asi
  0x00007FFD3DE00000-0x00007FFD3E27F000 D3DCOMPILER_47.dll
  0x00007FFD42120000-0x00007FFD4213B000 cryptsp.dll
  0x00007FFC93940000-0x00007FFC93956000 MSVCP140_ATOMIC_WAIT.dll
  0x00007FFD42140000-0x00007FFD4214C000 CRYPTBASE.DLL
  0x00007FFD42D80000-0x00007FFD42E2C000 bcryptPrimitives.dll
  0x00007FFCB7BE0000-0x00007FFCB7DAA000 usvfs_x64.dll
  0x00007FFD42AB0000-0x00007FFD42AD9000 profapi.dll
  0x00007FFD41880000-0x00007FFD4189B000 kernel.appcore.dll
  0x00007FFC2F5C0000-0x00007FFC2F668000 acu_rs.dll
  0x00007FFBE4210000-0x00007FFBE4402000 ArchiveXL.dll
  0x00007FFBE3E40000-0x00007FFBE420D000 audioware.dll
  0x00007FFD3F720000-0x00007FFD3F7C8000 uxtheme.dll
  0x00007FFD437A0000-0x00007FFD4384E000 clbcatq.dll
  0x00007FFD3BC30000-0x00007FFD3BCD6000 MMDevApi.dll
  0x00007FFD42720000-0x00007FFD4274F000 DEVOBJ.dll
  0x00007FFD12190000-0x00007FFD12347000 AUDIOSES.DLL
  0x00007FFD40330000-0x00007FFD40344000 resourcepolicyclient.dll
  0x00007FFBE3C50000-0x00007FFBE3E38000 Codeware.dll
  0x00007FFC69F20000-0x00007FFC69F63000 ContentTokenActivator.dll
  0x00007FFC89A10000-0x00007FFC89A2D000 DVRCFInput.dll
  0x00007FFC16CD0000-0x00007FFC16E23000 in_world_navigation.dll
  0x00007FFBE3AD0000-0x00007FFBE3C41000 input_loader.dll
  0x00007FFC61500000-0x00007FFC61552000 JRMEr4e.dll
  0x00007FFC2C960000-0x00007FFC2CA3E000 mod_settings.dll
  0x00007FFC820C0000-0x00007FFC820DA000 NamedSaves.dll
  0x00007FFC13070000-0x00007FFC13136000 PhotoModeEx.dll
  0x00007FFC64100000-0x00007FFC64150000 PRMEr4e.dll
  0x00007FFC812D0000-0x00007FFC812F2000 RadioExt.dll
  0x00007FFBE38B0000-0x00007FFBE3AC2000 fmod.dll
  0x00007FFC2CF70000-0x00007FFC2CFEC000 RedData.dll
  0x00007FFC1A7E0000-0x00007FFC1A86B000 RedFileSystem.dll
  0x00007FFBE3580000-0x00007FFBE36DA000 RedHotTools.dll
  0x00007FFC0F840000-0x00007FFC0F959000 RedHttpClient.dll
  0x00007FFBE3400000-0x00007FFBE3573000 TweakXL.dll
  0x00007FFD26340000-0x00007FFD26358000 napinsp.dll
  0x00007FFD412E0000-0x00007FFD41438000 DNSAPI.dll
  0x00007FFD41C10000-0x00007FFD41C1D000 DSPARSE.dll
  0x00007FFD45360000-0x00007FFD4536A000 NSI.dll
  0x00007FFD26150000-0x00007FFD26163000 winrnr.dll
  0x00007FFD23370000-0x00007FFD23392000 nlansp_c.dll
  0x00007FFD3B350000-0x00007FFD3B366000 wshbth.dll
  0x00007FFD3A180000-0x00007FFD3A206000 fwpuclnt.dll
  0x00007FFD3B310000-0x00007FFD3B31B000 rasadhlp.dll
  0x00007FFD3FCE0000-0x00007FFD3FCED000 secur32.dll
  0x00007FFD41B30000-0x00007FFD41B79000 SSPICLI.DLL
  0x00007FFCD8170000-0x00007FFCD817B000 GameServicesSteam.dll
  0x00007FFC177C0000-0x00007FFC1780C000 steam_api64.dll
  0x00007FFD3CA20000-0x00007FFD3CA8D000 netprofm.dll
  0x00007FFD39AB0000-0x00007FFD39AC9000 npmproxy.dll
  0x00007FFD44D70000-0x00007FFD44D78000 PSAPI.DLL
  0x00007FFD3BAA0000-0x00007FFD3BADB000 cryptnet.dll
  0x00007FFD42CF0000-0x00007FFD42D73000 WINTRUST.DLL
  0x00007FFD421A0000-0x00007FFD421B3000 MSASN1.dll
  0x00007FFD45710000-0x00007FFD45730000 imagehlp.dll
  0x00007FFD417E0000-0x00007FFD41819000 rsaenh.dll
  0x00007FFD41EB0000-0x00007FFD41ED5000 gpapi.dll
  0x00007FFBE3060000-0x00007FFBE33FA000 GfnRuntimeSdk.dll
  0x00007FFD15100000-0x00007FFD152DB000 gdiplus.dll
  0x00007FFD3FDE0000-0x00007FFD3FE25000 dxcore.dll
  0x00007FFD3D460000-0x00007FFD3D4BF000 directxdatabasehelper.dll
  0x00007FFBE2E70000-0x00007FFBE305A000 scc_lib.dll
  0x00007FFC16C60000-0x00007FFC16CCD000 CChromaEditorLibrary64.dll
  0x00007FFBE2910000-0x00007FFBE2E6C000 mfc140u.dll
  0x00007FFD15040000-0x00007FFD150F5000 Comctl32.dll
  0x00007FFD3DB60000-0x00007FFD3DB6E000 WINNSI.DLL
  0x00007FFD3B460000-0x00007FFD3B5DA000 drvstore.dll
  0x00007FFD42220000-0x00007FFD4228A000 wldp.dll
  0x00007FFD29DB0000-0x00007FFD29E39000 nvapi64.dll
  0x00007FFD29750000-0x00007FFD29CC7000 nvapi64_impl.dll
  0x00007FFBE2790000-0x00007FFBE2903000 _nvngx.dll
  0x00007FFD419B0000-0x00007FFD419E6000 ntmarta.dll
  0x00007FFBDFCE0000-0x00007FFBE278E000 nvngx_dlss.dll
  0x00007FFBDF580000-0x00007FFBDFCDB000 nvngx_dlssg.dll
  0x00007FFBDB6C0000-0x00007FFBDF57A000 nvngx_dlssd.dll
  0x00007FFC0D700000-0x00007FFC0D7DD000 190_E658703.dll
  0x00007FFCF6E20000-0x00007FFCF6E43000 d3d12.dll
  0x00007FFC0D6A0000-0x00007FFC0D6FE000 190_E658703.dll
  0x00007FFBDB650000-0x00007FFBDB6B9000 190_E658703.dll
  0x00007FFBDB5E0000-0x00007FFBDB64D000 190_E658703.dll
  0x00007FFBDB580000-0x00007FFBDB5D8000 190_E658703.dll
  0x00007FFBDB430000-0x00007FFBDB575000 GFSDK_Aftermath_Lib.x64.dll
  0x00007FFD29E40000-0x00007FFD2F3E5000 nvwgf2umx.dll
  0x00007FFCB2CC0000-0x00007FFCB301A000 D3D12Core.dll
  0x00007FFC88920000-0x00007FFC88A8D000 nvspcap64.dll
  0x00007FFD3BD10000-0x00007FFD3BDDA000 nvldumdx.dll
  0x00007FFD33A00000-0x00007FFD3980E000 nvgpucomp64.dll
  0x00007FFD29310000-0x00007FFD29674000 NvMessageBus.dll
  0x00007FFD31090000-0x00007FFD311CB000 NvMemMapStoragex.dll
  0x00007FFCFB850000-0x00007FFCFBF77000 nvppex.dll
  0x00007FFBDB340000-0x00007FFBDB41F000 D3DSCache.dll
  0x00007FFD41EE0000-0x00007FFD41F12000 USERENV.dll
  0x00007FFCD8630000-0x00007FFCDA50F000 nvcuda64.dll
  0x00007FFCD8580000-0x00007FFCD862F000 nvdxgdmal64.dll
  0x00007FFCD63B0000-0x00007FFCD71B2000 nvobjectloader64.dll
  0x00007FFBD7ED0000-0x00007FFBDB334000 nvrtum64.dll
  0x00007FFC939F0000-0x00007FFC93E9B000 NvTelemetryAPI64.dll
  0x00007FFCB3C40000-0x00007FFCB3CAB000 NvTelemetryBridge64.dll
  0x00007FFBD7710000-0x00007FFBD7D70000 amd_fidelityfx_dx12.DLL
  0x00007FFD1FCB0000-0x00007FFD1FE09000 Windows.UI.dll
  0x00007FFD3FD00000-0x00007FFD3FD29000 Wtsapi32.dll
  0x00007FFD05A90000-0x00007FFD05B2C000 IMGSF50Filter_x64.dll
  0x00007FFD05970000-0x00007FFD05A7C000 Opengl32.dll
  0x00007FFD05930000-0x00007FFD0595D000 GLU32.dll
  0x00007FFD21EC0000-0x00007FFD21EDB000 XInput1_4.dll
  0x00007FFD1CB70000-0x00007FFD1CD53000 inputhost.dll
  0x00007FFD3F830000-0x00007FFD3F95B000 CoreMessaging.dll
  0x00007FFD45740000-0x00007FFD4589D000 MSCTF.dll
  0x00007FFD1CA20000-0x00007FFD1CB66000 textinputframework.dll
  0x00007FFD3F0B0000-0x00007FFD3F2D5000 dcomp.dll
  0x00007FFD3F810000-0x00007FFD3F829000 Microsoft.Internal.WarpPal.dll
  0x00007FFD3FFB0000-0x00007FFD3FFDF000 dwmapi.dll
  0x00007FFD426B0000-0x00007FFD42712000 WINSTA.dll
  0x00007FFD3C470000-0x00007FFD3C754000 CoreUIComponents.dll
  0x00007FFD3CB40000-0x00007FFD3CCAA000 wintypes.dll
  0x00007FFD416B0000-0x00007FFD41775000 schannel.DLL
  0x00007FFD42360000-0x00007FFD42390000 ncrypt.dll
  0x00007FFD42310000-0x00007FFD4234F000 NTASN1.dll
  0x00007FFD22BD0000-0x00007FFD22C18000 ncryptsslp.dll
  0x00007FFBD57E0000-0x00007FFBD59BE000 cp2077_trainer.dll
[FATAL][veh] 20:52:59.223 (utc_ft=0x01DD37ACF00C71E9) pid=12876 tid=31672
  code=0xC0000005 EXCEPTION_ACCESS_VIOLATION
  at=0x00007FFBD57E0000 (cp2077_trainer.dll+0x0)
  access=EXECUTE(DEP) target=0x00007FFBD57E0000 (cp2077_trainer.dll+0x0)
  fault-in-trainer=YES
  rip=0x00007FFBD57E0000 rsp=0x00000086C3BFFD68 rbp=0x0000000000000000
  rax=0x00007FFBD57E0000 rbx=0x0000000000000000 rcx=0x0000000000000000 rdx=0x00007FFBD57E0000
  rsi=0x0000000000000000 rdi=0x0000000000000000 r8=0x0000000000000000 r9=0x00007FFBD57E0000
  r10=0x0000000000000000 r11=0x0000000000000000 r12=0x0000000000000000 r13=0x0000000000000000
  stack:
    +0x0 0x00007FFD4388CCB7 (KERNEL32.DLL+0x2CCB7)
    +0x30 0x00007FFD45A2AD6C (ntdll.dll+0xAAD6C)
[FATAL][unhandled] 20:52:59.241 (utc_ft=0x01DD37ACF00F32F1) pid=12876 tid=31672
  code=0xC0000005 EXCEPTION_ACCESS_VIOLATION
  at=0x00007FFBD57E0000 (cp2077_trainer.dll+0x0)
  access=EXECUTE(DEP) target=0x00007FFBD57E0000 (cp2077_trainer.dll+0x0)
  fault-in-trainer=YES
  rip=0x00007FFBD57E0000 rsp=0x00000086C3BFFD68 rbp=0x0000000000000000
  rax=0x00007FFBD57E0000 rbx=0x0000000000000000 rcx=0x0000000000000000 rdx=0x00007FFBD57E0000
  rsi=0x0000000000000000 rdi=0x0000000000000000 r8=0x0000000000000000 r9=0x00007FFBD57E0000
  r10=0x0000000000000000 r11=0x0000000000000000 r12=0x0000000000000000 r13=0x0000000000000000
  stack:
    +0x0 0x00007FFD4388CCB7 (KERNEL32.DLL+0x2CCB7)
    +0x30 0x00007FFD45A2AD6C (ntdll.dll+0xAAD6C)
    +0x60 0x00007FFD432EF420 (KERNELBASE.dll+0x10F420)

============================================================
[SESSION] 2026-08-29 23:51:02.935 pid=27680 trainer=00007FFC1B410000 range=0x00007FFC1B410000-0x00007FFC1B5EE000
[SESSION] modules=81 (snapshotted at init; anything loaded later shows as a raw address)
  0x00007FF681E10000-0x00007FF686D0C000 Cyberpunk2077.exe
  0x00007FFD45980000-0x00007FFD45BE6000 ntdll.dll
  0x00007FFD43860000-0x00007FFD43929000 KERNEL32.DLL
  0x00007FFD431E0000-0x00007FFD435DF000 KERNELBASE.dll
  0x00007FFD43930000-0x00007FFD43AF6000 USER32.dll
  0x00007FFD42E40000-0x00007FFD42E67000 win32u.dll
  0x00007FFD44180000-0x00007FFD441AB000 GDI32.dll
  0x00007FFD42F20000-0x00007FFD43049000 gdi32full.dll
  0x00007FFD42E70000-0x00007FFD42F13000 msvcp_win.dll
  0x00007FFD42B90000-0x00007FFD42CDC000 ucrtbase.dll
  0x00007FFD44260000-0x00007FFD449E8000 SHELL32.dll
  0x00007FFD456A0000-0x00007FFD45706000 SHLWAPI.dll
  0x00007FFD436D0000-0x00007FFD4378C000 ADVAPI32.dll
  0x00007FFD45400000-0x00007FFD454A9000 msvcrt.dll
  0x00007FFD441B0000-0x00007FFD4425A000 sechost.dll
  0x00007FFD44AD0000-0x00007FFD44BE8000 RPCRT4.dll
  0x00007FFC7CA60000-0x00007FFC7CAE6000 sl.interposer.dll
  0x00007FFD44DD0000-0x00007FFD44F69000 ole32.dll
  0x00007FFD44FD0000-0x00007FFD45355000 combase.dll
  0x00007FFD43CF0000-0x00007FFD44177000 SETUPAPI.dll
  0x00007FFD458B0000-0x00007FFD45932000 WS2_32.dll
  0x00007FFD449F0000-0x00007FFD44AC9000 OLEAUT32.dll
  0x00007FFC644B0000-0x00007FFC64693000 dbghelp.dll
  0x00007FFC884D0000-0x00007FFC88529000 libxell.dll
  0x00007FFC1FC00000-0x00007FFC209A9000 REDGalaxy64.dll
  0x00007FFD03A60000-0x00007FFD03A69000 XINPUT9_1_0.dll
  0x00007FFD43050000-0x00007FFD431CE000 CRYPT32.dll
  0x00007FFCCD1C0000-0x00007FFCCD1DB000 redlexer_native.dll
  0x00007FFC6A1F0000-0x00007FFC6A26D000 bink2w64.dll
  0x00007FFC1D080000-0x00007FFC1FBFE000 libxess_fg.dll
  0x00007FFC6A160000-0x00007FFC6A1EF000 PhysX3CharacterKinematic_x64.dll
  0x00007FFC64250000-0x00007FFC64449000 PhysX3Common_x64.dll
  0x00007FFBFB560000-0x00007FFBFFF96000 libxess.dll
  0x00007FFC69FE0000-0x00007FFC6A085000 PhysX3Cooking_x64.dll
  0x00007FFC69F50000-0x00007FFC69FDC000 PxFoundation_x64.dll
  0x00007FFC1CDF0000-0x00007FFC1D071000 PhysX3_x64.dll
  0x00007FFC97110000-0x00007FFC9713B000 ffx_fsr3_x64.dll
  0x00007FFC821C0000-0x00007FFC8222B000 libcurl.dll
  0x00007FFC1BF00000-0x00007FFC1C188000 icuin.dll
  0x00007FFC1C190000-0x00007FFC1CDE2000 ffx_backend_dx12_x64.dll
  0x00007FFD44BF0000-0x00007FFD44C63000 WLDAP32.dll
  0x00007FFD43CE0000-0x00007FFD43CE8000 Normaliz.dll
  0x00007FFC1BD20000-0x00007FFC1BEF4000 icuuc.dll
  0x00007FFD42830000-0x00007FFD4288E000 POWRPROF.dll
  0x00007FFD40F20000-0x00007FFD40F2F000 HID.DLL
  0x00007FFC64CE0000-0x00007FFC64E13000 oo2ext_7_win64.dll
  0x00007FFC89510000-0x00007FFC8954A000 WINMM.dll
  0x00007FFC64810000-0x00007FFC648F4000 VERSION.dll
  0x00007FFC94000000-0x00007FFC9402D000 amd_ags_x64.dll
  0x00007FFD27B30000-0x00007FFD27BCD000 MSVCP140.dll
  0x00007FFD27AA0000-0x00007FFD27ACC000 VCRUNTIME140.dll
  0x00007FFD29040000-0x00007FFD2904C000 VCRUNTIME140_1.dll
  0x00007FFD3FE50000-0x00007FFD3FF8A000 dxgi.dll
  0x00007FFD42760000-0x00007FFD427B2000 CFGMGR32.dll
  0x00007FFD42A80000-0x00007FFD42AAA000 bcrypt.dll
  0x00007FFD28720000-0x00007FFD289B5000 WININET.dll
  0x00007FFD41250000-0x00007FFD41283000 IPHLPAPI.DLL
  0x00007FFD41E30000-0x00007FFD41E9C000 MSWSOCK.dll
  0x00007FFC830D0000-0x00007FFC83103000 ffx_fsr3upscaler_x64.dll
  0x00007FFC93940000-0x00007FFC93970000 ffx_opticalflow_x64.dll
  0x00007FFC8F330000-0x00007FFC8F35E000 ffx_frameinterpolation_x64.dll
  0x00007FFC820E0000-0x00007FFC8210C000 dbgcore.DLL
  0x000002A2588E0000-0x000002A2588E3000 icudt.dll
  0x00007FFD45660000-0x00007FFD45692000 IMM32.DLL
  0x00007FFD42810000-0x00007FFD42825000 UMPDC.dll
  0x00007FFD40680000-0x00007FFD40F1B000 windows.storage.dll
  0x00007FFD454B0000-0x00007FFD455A9000 SHCORE.dll
  0x00007FFD30F60000-0x00007FFD30F96000 winmm.dll
  0x00007FFC64110000-0x00007FFC64247000 RED4ext.dll
  0x00007FFD3BCE0000-0x00007FFD3BCEB000 VERSION.dll
  0x00007FFC1B5F0000-0x00007FFC1BD20000 cyber_engine_tweaks.asi
  0x00007FFD3DE00000-0x00007FFD3E27F000 D3DCOMPILER_47.dll
  0x00007FFD42120000-0x00007FFD4213B000 cryptsp.dll
  0x00007FFCCD1A0000-0x00007FFCCD1B6000 MSVCP140_ATOMIC_WAIT.dll
  0x00007FFD42140000-0x00007FFD4214C000 CRYPTBASE.DLL
  0x00007FFD42D80000-0x00007FFD42E2C000 bcryptPrimitives.dll
  0x00007FFC94460000-0x00007FFC9462A000 usvfs_x64.dll
  0x00007FFD42AB0000-0x00007FFD42AD9000 profapi.dll
  0x00007FFC1B410000-0x00007FFC1B5EE000 cp2077_trainer.dll
  0x00007FFCF6E20000-0x00007FFCF6E43000 d3d12.dll
  0x00007FFD41880000-0x00007FFD4189B000 kernel.appcore.dll
[FATAL][veh] 23:51:03.968 (utc_ft=0x01DD37C5D0A72B74) pid=27680 tid=21468
  code=0xC0000005 EXCEPTION_ACCESS_VIOLATION
  at=0x00007FFC1B298691
  access=READ target=0x0000000000000010
  fault-in-trainer=no
  rip=0x00007FFC1B298691 rsp=0x000000FFD3BFF340 rbp=0x000002A28C4EDFB8
  rax=0x0000000000000000 rbx=0x000000FFD3BFF398 rcx=0x00007FFC1B3EECE8 rdx=0x0000000000000000
  rsi=0x00007FFC1B3DB308 rdi=0x00000000000002D0 r8=0x00007FFC1B3EECE8 r9=0x0000000000000000
  r10=0x000002A25C5D1130 r11=0x000000FFD3BFF2D0 r12=0x00007FFC1B47C218 r13=0x0000000000000000
  stack:
    +0xA0 0x00007FF6866FE2E0 (Cyberpunk2077.exe+0x48EE2E0)
    +0xA8 0x00007FF6821DE5DF (Cyberpunk2077.exe+0x3CE5DF)
    +0xB0 0x00007FF685DAFEC0 (Cyberpunk2077.exe+0x3F9FEC0)
    +0xE8 0x00007FF681F585DC (Cyberpunk2077.exe+0x1485DC)
    +0x100 0x00007FF685DAFCB8 (Cyberpunk2077.exe+0x3F9FCB8)
    +0x138 0x00007FF681F577F4 (Cyberpunk2077.exe+0x1477F4)
    +0x150 0x00007FFC1B47C214 (cp2077_trainer.dll+0x6C214)
    +0x178 0x00007FF68210105B (Cyberpunk2077.exe+0x2F105B)
    +0x1A8 0x00007FFC1B41D2DD (cp2077_trainer.dll+0xD2DD)
    +0x1B8 0x00007FFC64119CA0 (RED4ext.dll+0x9CA0)
    +0x1C0 0x00007FFC1B41E600 (cp2077_trainer.dll+0xE600)
    +0x1C8 0x00007FFC1B4748A5 (cp2077_trainer.dll+0x648A5)

============================================================
[SESSION] 2026-08-29 23:52:45.606 pid=29516 trainer=00007FFC13570000 range=0x00007FFC13570000-0x00007FFC1374E000
[SESSION] modules=194 (snapshotted at init; anything loaded later shows as a raw address)
  0x00007FF681E10000-0x00007FF686D0C000 Cyberpunk2077.exe
  0x00007FFD45980000-0x00007FFD45BE6000 ntdll.dll
  0x00007FFD43860000-0x00007FFD43929000 KERNEL32.DLL
  0x00007FFD431E0000-0x00007FFD435DF000 KERNELBASE.dll
  0x00007FFD43930000-0x00007FFD43AF6000 USER32.dll
  0x00007FFD42E40000-0x00007FFD42E67000 win32u.dll
  0x00007FFD44180000-0x00007FFD441AB000 GDI32.dll
  0x00007FFD42F20000-0x00007FFD43049000 gdi32full.dll
  0x00007FFD42E70000-0x00007FFD42F13000 msvcp_win.dll
  0x00007FFD42B90000-0x00007FFD42CDC000 ucrtbase.dll
  0x00007FFD44260000-0x00007FFD449E8000 SHELL32.dll
  0x00007FFD456A0000-0x00007FFD45706000 SHLWAPI.dll
  0x00007FFD436D0000-0x00007FFD4378C000 ADVAPI32.dll
  0x00007FFD45400000-0x00007FFD454A9000 msvcrt.dll
  0x00007FFCB8750000-0x00007FFCB87D6000 sl.interposer.dll
  0x00007FFD441B0000-0x00007FFD4425A000 sechost.dll
  0x00007FFC7F030000-0x00007FFC7F213000 dbghelp.dll
  0x00007FFD44AD0000-0x00007FFD44BE8000 RPCRT4.dll
  0x00007FFC1FC00000-0x00007FFC209A9000 REDGalaxy64.dll
  0x00007FFD44DD0000-0x00007FFD44F69000 ole32.dll
  0x00007FFCCD080000-0x00007FFCCD0D9000 libxell.dll
  0x00007FFD44FD0000-0x00007FFD45355000 combase.dll
  0x00007FFD458B0000-0x00007FFD45932000 WS2_32.dll
  0x00007FFD43CF0000-0x00007FFD44177000 SETUPAPI.dll
  0x00007FFD43050000-0x00007FFD431CE000 CRYPT32.dll
  0x00007FFD449F0000-0x00007FFD44AC9000 OLEAUT32.dll
  0x00007FFD1DBB0000-0x00007FFD1DBB9000 XINPUT9_1_0.dll
  0x00007FFC7EFB0000-0x00007FFC7F02D000 bink2w64.dll
  0x00007FFD03A50000-0x00007FFD03A6B000 redlexer_native.dll
  0x00007FFC1D080000-0x00007FFC1FBFE000 libxess_fg.dll
  0x00007FFC7EDB0000-0x00007FFC7EFA9000 PhysX3Common_x64.dll
  0x00007FFC7ED20000-0x00007FFC7EDAF000 PhysX3CharacterKinematic_x64.dll
  0x00007FFC7EC70000-0x00007FFC7ED15000 PhysX3Cooking_x64.dll
  0x00007FFBFB560000-0x00007FFBFFF96000 libxess.dll
  0x00007FFC641C0000-0x00007FFC64441000 PhysX3_x64.dll
  0x00007FFC7EBE0000-0x00007FFC7EC6C000 PxFoundation_x64.dll
  0x00007FFC1C420000-0x00007FFC1D072000 ffx_backend_dx12_x64.dll
  0x00007FFCCD1B0000-0x00007FFCCD1DB000 ffx_fsr3_x64.dll
  0x00007FFC884C0000-0x00007FFC8852B000 libcurl.dll
  0x00007FFD44BF0000-0x00007FFD44C63000 WLDAP32.dll
  0x00007FFC1C190000-0x00007FFC1C418000 icuin.dll
  0x00007FFD43CE0000-0x00007FFD43CE8000 Normaliz.dll
  0x00007FFC644C0000-0x00007FFC64694000 icuuc.dll
  0x00007FFD27B30000-0x00007FFD27BCD000 MSVCP140.dll
  0x00007FFD27AA0000-0x00007FFD27ACC000 VCRUNTIME140.dll
  0x00007FFD29040000-0x00007FFD2904C000 VCRUNTIME140_1.dll
  0x00007FFD3FE50000-0x00007FFD3FF8A000 dxgi.dll
  0x00007FFD42760000-0x00007FFD427B2000 CFGMGR32.dll
  0x00007FFD42830000-0x00007FFD4288E000 POWRPROF.dll
  0x00007FFD40F20000-0x00007FFD40F2F000 HID.DLL
  0x00007FFC69F50000-0x00007FFC6A083000 oo2ext_7_win64.dll
  0x00007FFCCCE00000-0x00007FFCCCE2D000 amd_ags_x64.dll
  0x00007FFD42A80000-0x00007FFD42AAA000 bcrypt.dll
  0x00007FFD28720000-0x00007FFD289B5000 WININET.dll
  0x00007FFD41250000-0x00007FFD41283000 IPHLPAPI.DLL
  0x00007FFD41E30000-0x00007FFD41E9C000 MSWSOCK.dll
  0x00007FFC6A180000-0x00007FFC6A264000 VERSION.dll
  0x00007FFC89510000-0x00007FFC8954A000 WINMM.dll
  0x00007FFC830D0000-0x00007FFC83103000 ffx_fsr3upscaler_x64.dll
  0x00007FFC97110000-0x00007FFC97140000 ffx_opticalflow_x64.dll
  0x00007FFC94000000-0x00007FFC9402E000 ffx_frameinterpolation_x64.dll
  0x00007FFC93940000-0x00007FFC9396C000 dbgcore.DLL
  0x000001979A5D0000-0x000001979A5D3000 icudt.dll
  0x00007FFD45660000-0x00007FFD45692000 IMM32.DLL
  0x00007FFD42810000-0x00007FFD42825000 UMPDC.dll
  0x00007FFD40680000-0x00007FFD40F1B000 windows.storage.dll
  0x00007FFD454B0000-0x00007FFD455A9000 SHCORE.dll
  0x00007FFD30F60000-0x00007FFD30F96000 winmm.dll
  0x00007FFC64CE0000-0x00007FFC64E17000 RED4ext.dll
  0x00007FFD3BCE0000-0x00007FFD3BCEB000 VERSION.dll
  0x00007FFC1BA60000-0x00007FFC1C190000 cyber_engine_tweaks.asi
  0x00007FFD3DE00000-0x00007FFD3E27F000 D3DCOMPILER_47.dll
  0x00007FFD03A30000-0x00007FFD03A46000 MSVCP140_ATOMIC_WAIT.dll
  0x00007FFD42120000-0x00007FFD4213B000 cryptsp.dll
  0x00007FFD42140000-0x00007FFD4214C000 CRYPTBASE.DLL
  0x00007FFD42D80000-0x00007FFD42E2C000 bcryptPrimitives.dll
  0x00007FFC94460000-0x00007FFC9462A000 usvfs_x64.dll
  0x00007FFD42AB0000-0x00007FFD42AD9000 profapi.dll
  0x00007FFD41880000-0x00007FFD4189B000 kernel.appcore.dll
  0x00007FFC7EB30000-0x00007FFC7EBD8000 acu_rs.dll
  0x00007FFC1B860000-0x00007FFC1BA52000 ArchiveXL.dll
  0x00007FFC1B490000-0x00007FFC1B85D000 audioware.dll
  0x00007FFD3F720000-0x00007FFD3F7C8000 uxtheme.dll
  0x00007FFD437A0000-0x00007FFD4384E000 clbcatq.dll
  0x00007FFD3BC30000-0x00007FFD3BCD6000 MMDevApi.dll
  0x00007FFD42720000-0x00007FFD4274F000 DEVOBJ.dll
  0x00007FFD12190000-0x00007FFD12347000 AUDIOSES.DLL
  0x00007FFD40330000-0x00007FFD40344000 resourcepolicyclient.dll
  0x00007FFC1B2A0000-0x00007FFC1B488000 Codeware.dll
  0x00007FFC821E0000-0x00007FFC82223000 ContentTokenActivator.dll
  0x00007FFC95AC0000-0x00007FFC95ADD000 DVRCFInput.dll
  0x00007FFC569D0000-0x00007FFC56B23000 in_world_navigation.dll
  0x00007FFC2F5E0000-0x00007FFC2F751000 input_loader.dll
  0x00007FFC820B0000-0x00007FFC82102000 JRMEr4e.dll
  0x00007FFC64820000-0x00007FFC648FE000 mod_settings.dll
  0x00007FFC943D0000-0x00007FFC943EA000 NamedSaves.dll
  0x00007FFC7CA20000-0x00007FFC7CAE6000 PhotoModeEx.dll
  0x00007FFC647D0000-0x00007FFC64820000 PRMEr4e.dll
  0x00007FFC8F330000-0x00007FFC8F352000 RadioExt.dll
  0x00007FFC1B080000-0x00007FFC1B292000 fmod.dll
  0x00007FFC64140000-0x00007FFC641BC000 RedData.dll
  0x00007FFC2CF60000-0x00007FFC2CFEB000 RedFileSystem.dll
  0x00007FFC1AF20000-0x00007FFC1B07A000 RedHotTools.dll
  0x00007FFC1AE00000-0x00007FFC1AF19000 RedHttpClient.dll
  0x00007FFC1AC80000-0x00007FFC1ADF3000 TweakXL.dll
  0x00007FFD26340000-0x00007FFD26358000 napinsp.dll
  0x00007FFD412E0000-0x00007FFD41438000 DNSAPI.dll
  0x00007FFD41C10000-0x00007FFD41C1D000 DSPARSE.dll
  0x00007FFD45360000-0x00007FFD4536A000 NSI.dll
  0x00007FFD26150000-0x00007FFD26163000 winrnr.dll
  0x00007FFD23370000-0x00007FFD23392000 nlansp_c.dll
  0x00007FFD3B350000-0x00007FFD3B366000 wshbth.dll
  0x00007FFD3A180000-0x00007FFD3A206000 fwpuclnt.dll
  0x00007FFD3B310000-0x00007FFD3B31B000 rasadhlp.dll
  0x00007FFD3FCE0000-0x00007FFD3FCED000 secur32.dll
  0x00007FFD41B30000-0x00007FFD41B79000 SSPICLI.DLL
  0x00007FFCD8170000-0x00007FFCD817B000 GameServicesSteam.dll
  0x00007FFC61510000-0x00007FFC6155C000 steam_api64.dll
  0x00007FFD3CA20000-0x00007FFD3CA8D000 netprofm.dll
  0x00007FFD39AB0000-0x00007FFD39AC9000 npmproxy.dll
  0x00007FFBF9580000-0x00007FFBFAEE4000 steamclient64.dll
  0x00007FFD45710000-0x00007FFD45730000 imagehlp.dll
  0x00007FFD44D70000-0x00007FFD44D78000 PSAPI.DLL
  0x00007FFCB8400000-0x00007FFCB870E000 tier0_s64.dll
  0x00007FFCF5BB0000-0x00007FFCF5C73000 vstdlib_s64.dll
  0x00007FFC1AAC0000-0x00007FFC1AC77000 gameoverlayrenderer64.dll
  0x00007FFD3BAA0000-0x00007FFD3BADB000 cryptnet.dll
  0x00007FFD42CF0000-0x00007FFD42D73000 WINTRUST.DLL
  0x00007FFD421A0000-0x00007FFD421B3000 MSASN1.dll
  0x00007FFD417E0000-0x00007FFD41819000 rsaenh.dll
  0x00007FFD41EB0000-0x00007FFD41ED5000 gpapi.dll
  0x00007FFC1A330000-0x00007FFC1A6CA000 GfnRuntimeSdk.dll
  0x00007FFD15100000-0x00007FFD152DB000 gdiplus.dll
  0x00007FFD3FDE0000-0x00007FFD3FE25000 dxcore.dll
  0x00007FFD3D460000-0x00007FFD3D4BF000 directxdatabasehelper.dll
  0x00007FFC1A8D0000-0x00007FFC1AABA000 scc_lib.dll
  0x00007FFC1A860000-0x00007FFC1A8CD000 CChromaEditorLibrary64.dll
  0x00007FFC19DD0000-0x00007FFC1A32C000 mfc140u.dll
  0x00007FFD15040000-0x00007FFD150F5000 Comctl32.dll
  0x00007FFD3DB60000-0x00007FFD3DB6E000 WINNSI.DLL
  0x00007FFD3B460000-0x00007FFD3B5DA000 drvstore.dll
  0x00007FFD42220000-0x00007FFD4228A000 wldp.dll
  0x00007FFD29DB0000-0x00007FFD29E39000 nvapi64.dll
  0x00007FFD29750000-0x00007FFD29CC7000 nvapi64_impl.dll
  0x00007FFC19B70000-0x00007FFC19CE3000 _nvngx.dll
  0x00007FFD419B0000-0x00007FFD419E6000 ntmarta.dll
  0x00007FFBF6AD0000-0x00007FFBF957E000 nvngx_dlss.dll
  0x00007FFC19410000-0x00007FFC19B6B000 nvngx_dlssg.dll
  0x00007FFBF2C10000-0x00007FFBF6ACA000 nvngx_dlssd.dll
  0x00007FFC19CF0000-0x00007FFC19DCD000 190_E658703.dll
  0x00007FFCF6E20000-0x00007FFCF6E43000 d3d12.dll
  0x00007FFC1A7C0000-0x00007FFC1A81E000 190_E658703.dll
  0x00007FFC193A0000-0x00007FFC19409000 190_E658703.dll
  0x00007FFC187E0000-0x00007FFC1884D000 190_E658703.dll
  0x00007FFC18780000-0x00007FFC187D8000 190_E658703.dll
  0x00007FFC18630000-0x00007FFC18775000 GFSDK_Aftermath_Lib.x64.dll
  0x00007FFD29E40000-0x00007FFD2F3E5000 nvwgf2umx.dll
  0x00007FFCB2CC0000-0x00007FFCB301A000 D3D12Core.dll
  0x00007FFC88920000-0x00007FFC88A8D000 nvspcap64.dll
  0x00007FFD3BD10000-0x00007FFD3BDDA000 nvldumdx.dll
  0x00007FFD33A00000-0x00007FFD3980E000 nvgpucomp64.dll
  0x00007FFD29310000-0x00007FFD29674000 NvMessageBus.dll
  0x00007FFD31090000-0x00007FFD311CB000 NvMemMapStoragex.dll
  0x00007FFCFB850000-0x00007FFCFBF77000 nvppex.dll
  0x00007FFC18540000-0x00007FFC1861F000 D3DSCache.dll
  0x00007FFD41EE0000-0x00007FFD41F12000 USERENV.dll
  0x00007FFCD8630000-0x00007FFCDA50F000 nvcuda64.dll
  0x00007FFCD8580000-0x00007FFCD862F000 nvdxgdmal64.dll
  0x00007FFCD63B0000-0x00007FFCD71B2000 nvobjectloader64.dll
  0x00007FFBEF7A0000-0x00007FFBF2C04000 nvrtum64.dll
  0x00007FFC939F0000-0x00007FFC93E9B000 NvTelemetryAPI64.dll
  0x00007FFCB3C40000-0x00007FFCB3CAB000 NvTelemetryBridge64.dll
  0x00007FFC17EE0000-0x00007FFC18540000 amd_fidelityfx_dx12.DLL
  0x00007FFD1FCB0000-0x00007FFD1FE09000 Windows.UI.dll
  0x00007FFD3FD00000-0x00007FFD3FD29000 Wtsapi32.dll
  0x00007FFD05A90000-0x00007FFD05B2C000 IMGSF50Filter_x64.dll
  0x00007FFD05970000-0x00007FFD05A7C000 Opengl32.dll
  0x00007FFD05930000-0x00007FFD0595D000 GLU32.dll
  0x00007FFD21EC0000-0x00007FFD21EDB000 XInput1_4.dll
  0x00007FFD1CB70000-0x00007FFD1CD53000 inputhost.dll
  0x00007FFD3F830000-0x00007FFD3F95B000 CoreMessaging.dll
  0x00007FFD45740000-0x00007FFD4589D000 MSCTF.dll
  0x00007FFD1CA20000-0x00007FFD1CB66000 textinputframework.dll
  0x00007FFD3C470000-0x00007FFD3C754000 CoreUIComponents.dll
  0x00007FFD3CB40000-0x00007FFD3CCAA000 wintypes.dll
  0x00007FFD3F0B0000-0x00007FFD3F2D5000 dcomp.dll
  0x00007FFD3F810000-0x00007FFD3F829000 Microsoft.Internal.WarpPal.dll
  0x00007FFD3FFB0000-0x00007FFD3FFDF000 dwmapi.dll
  0x00007FFD426B0000-0x00007FFD42712000 WINSTA.dll
  0x00007FFD416B0000-0x00007FFD41775000 schannel.DLL
  0x00007FFD42360000-0x00007FFD42390000 ncrypt.dll
  0x00007FFD42310000-0x00007FFD4234F000 NTASN1.dll
  0x00007FFD22BD0000-0x00007FFD22C18000 ncryptsslp.dll
  0x00007FFC13570000-0x00007FFC1374E000 cp2077_trainer.dll

============================================================
[SESSION] 2026-08-29 23:59:30.967 pid=29324 trainer=00007FFBFBEA0000 range=0x00007FFBFBEA0000-0x00007FFBFC07E000
[SESSION] modules=189 (snapshotted at init; anything loaded later shows as a raw address)
  0x00007FF681E10000-0x00007FF686D0C000 Cyberpunk2077.exe
  0x00007FFD45980000-0x00007FFD45BE6000 ntdll.dll
  0x00007FFD43860000-0x00007FFD43929000 KERNEL32.DLL
  0x00007FFD431E0000-0x00007FFD435DF000 KERNELBASE.dll
  0x00007FFD43930000-0x00007FFD43AF6000 USER32.dll
  0x00007FFD42E40000-0x00007FFD42E67000 win32u.dll
  0x00007FFD44180000-0x00007FFD441AB000 GDI32.dll
  0x00007FFD42F20000-0x00007FFD43049000 gdi32full.dll
  0x00007FFD42E70000-0x00007FFD42F13000 msvcp_win.dll
  0x00007FFD42B90000-0x00007FFD42CDC000 ucrtbase.dll
  0x00007FFD44260000-0x00007FFD449E8000 SHELL32.dll
  0x00007FFD456A0000-0x00007FFD45706000 SHLWAPI.dll
  0x00007FFD436D0000-0x00007FFD4378C000 ADVAPI32.dll
  0x00007FFD45400000-0x00007FFD454A9000 msvcrt.dll
  0x00007FFCB8750000-0x00007FFCB87D6000 sl.interposer.dll
  0x00007FFD441B0000-0x00007FFD4425A000 sechost.dll
  0x00007FFD44AD0000-0x00007FFD44BE8000 RPCRT4.dll
  0x00007FFC6BB40000-0x00007FFC6BD23000 dbghelp.dll
  0x00007FFD44DD0000-0x00007FFD44F69000 ole32.dll
  0x00007FFD44FD0000-0x00007FFD45355000 combase.dll
  0x00007FFCCD080000-0x00007FFCCD0D9000 libxell.dll
  0x00007FFD43CF0000-0x00007FFD44177000 SETUPAPI.dll
  0x00007FFD458B0000-0x00007FFD45932000 WS2_32.dll
  0x00007FFD449F0000-0x00007FFD44AC9000 OLEAUT32.dll
  0x00007FFD1DBB0000-0x00007FFD1DBB9000 XINPUT9_1_0.dll
  0x00007FFCB0D20000-0x00007FFCB0D9D000 bink2w64.dll
  0x00007FFD03A50000-0x00007FFD03A6B000 redlexer_native.dll
  0x00007FFC1BAE0000-0x00007FFC1C889000 REDGalaxy64.dll
  0x00007FFC1B8E0000-0x00007FFC1BAD9000 PhysX3Common_x64.dll
  0x00007FFD43050000-0x00007FFD431CE000 CRYPT32.dll
  0x00007FFC7F190000-0x00007FFC7F21F000 PhysX3CharacterKinematic_x64.dll
  0x00007FFC7CA40000-0x00007FFC7CAE5000 PhysX3Cooking_x64.dll
  0x00007FFC6BAB0000-0x00007FFC6BB3C000 PxFoundation_x64.dll
  0x00007FFC1B650000-0x00007FFC1B8D1000 PhysX3_x64.dll
  0x00007FFC1A9F0000-0x00007FFC1B642000 ffx_backend_dx12_x64.dll
  0x00007FFCCCE00000-0x00007FFCCCE2B000 ffx_fsr3_x64.dll
  0x00007FFC884C0000-0x00007FFC8852B000 libcurl.dll
  0x00007FFD44BF0000-0x00007FFD44C63000 WLDAP32.dll
  0x00007FFD43CE0000-0x00007FFD43CE8000 Normaliz.dll
  0x00007FFC1A440000-0x00007FFC1A6C8000 icuin.dll
  0x00007FFC64110000-0x00007FFC642E4000 icuuc.dll
  0x00007FFBDECA0000-0x00007FFBE36D6000 libxess.dll
  0x00007FFD27B30000-0x00007FFD27BCD000 MSVCP140.dll
  0x00007FFD27AA0000-0x00007FFD27ACC000 VCRUNTIME140.dll
  0x00007FFD29040000-0x00007FFD2904C000 VCRUNTIME140_1.dll
  0x00007FFC69F50000-0x00007FFC6A083000 oo2ext_7_win64.dll
  0x00007FFD42830000-0x00007FFD4288E000 POWRPROF.dll
  0x00007FFD3FE50000-0x00007FFD3FF8A000 dxgi.dll
  0x00007FFD42760000-0x00007FFD427B2000 CFGMGR32.dll
  0x00007FFC64D30000-0x00007FFC64E14000 VERSION.dll
  0x00007FFD40F20000-0x00007FFD40F2F000 HID.DLL
  0x00007FFCB0CF0000-0x00007FFCB0D1D000 amd_ags_x64.dll
  0x00007FFC89510000-0x00007FFC8954A000 WINMM.dll
  0x00007FFD42A80000-0x00007FFD42AAA000 bcrypt.dll
  0x00007FFD28720000-0x00007FFD289B5000 WININET.dll
  0x00007FFD41250000-0x00007FFD41283000 IPHLPAPI.DLL
  0x00007FFD41E30000-0x00007FFD41E9C000 MSWSOCK.dll
  0x00007FFC830D0000-0x00007FFC83103000 ffx_fsr3upscaler_x64.dll
  0x00007FFCB0CC0000-0x00007FFCB0CF0000 ffx_opticalflow_x64.dll
  0x00007FFC97110000-0x00007FFC9713E000 ffx_frameinterpolation_x64.dll
  0x00007FFC94000000-0x00007FFC9402C000 dbgcore.DLL
  0x00007FFBFD420000-0x00007FFBFFF9E000 libxess_fg.dll
  0x000001B907570000-0x000001B907573000 icudt.dll
  0x00007FFD45660000-0x00007FFD45692000 IMM32.DLL
  0x00007FFD42810000-0x00007FFD42825000 UMPDC.dll
  0x00007FFD40680000-0x00007FFD40F1B000 windows.storage.dll
  0x00007FFD454B0000-0x00007FFD455A9000 SHCORE.dll
  0x00007FFD30F60000-0x00007FFD30F96000 winmm.dll
  0x00007FFC647C0000-0x00007FFC648F7000 RED4ext.dll
  0x00007FFD3BCE0000-0x00007FFD3BCEB000 VERSION.dll
  0x00007FFC19D10000-0x00007FFC1A440000 cyber_engine_tweaks.asi
  0x00007FFD03A30000-0x00007FFD03A46000 MSVCP140_ATOMIC_WAIT.dll
  0x00007FFD3DE00000-0x00007FFD3E27F000 D3DCOMPILER_47.dll
  0x00007FFD42120000-0x00007FFD4213B000 cryptsp.dll
  0x00007FFD42140000-0x00007FFD4214C000 CRYPTBASE.DLL
  0x00007FFD42D80000-0x00007FFD42E2C000 bcryptPrimitives.dll
  0x00007FFC94460000-0x00007FFC9462A000 usvfs_x64.dll
  0x00007FFD42AB0000-0x00007FFD42AD9000 profapi.dll
  0x00007FFD41880000-0x00007FFD4189B000 kernel.appcore.dll
  0x00007FFC56A80000-0x00007FFC56B28000 acu_rs.dll
  0x00007FFC1A7F0000-0x00007FFC1A9E2000 ArchiveXL.dll
  0x00007FFC19940000-0x00007FFC19D0D000 audioware.dll
  0x00007FFD3F720000-0x00007FFD3F7C8000 uxtheme.dll
  0x00007FFD437A0000-0x00007FFD4384E000 clbcatq.dll
  0x00007FFD3BC30000-0x00007FFD3BCD6000 MMDevApi.dll
  0x00007FFD42720000-0x00007FFD4274F000 DEVOBJ.dll
  0x00007FFD12190000-0x00007FFD12347000 AUDIOSES.DLL
  0x00007FFD40330000-0x00007FFD40344000 resourcepolicyclient.dll
  0x00007FFC19750000-0x00007FFC19938000 Codeware.dll
  0x00007FFC821E0000-0x00007FFC82223000 ContentTokenActivator.dll
  0x00007FFC95AC0000-0x00007FFC95ADD000 DVRCFInput.dll
  0x00007FFC2F600000-0x00007FFC2F753000 in_world_navigation.dll
  0x00007FFC195D0000-0x00007FFC19741000 input_loader.dll
  0x00007FFC820B0000-0x00007FFC82102000 JRMEr4e.dll
  0x00007FFC194F0000-0x00007FFC195CE000 mod_settings.dll
  0x00007FFC943D0000-0x00007FFC943EA000 NamedSaves.dll
  0x00007FFC569B0000-0x00007FFC56A76000 PhotoModeEx.dll
  0x00007FFC6BA60000-0x00007FFC6BAB0000 PRMEr4e.dll
  0x00007FFC93940000-0x00007FFC93962000 RadioExt.dll
  0x00007FFC18630000-0x00007FFC18842000 fmod.dll
  0x00007FFC644A0000-0x00007FFC6451C000 RedData.dll
  0x00007FFC2CF60000-0x00007FFC2CFEB000 RedFileSystem.dll
  0x00007FFC19390000-0x00007FFC194EA000 RedHotTools.dll
  0x00007FFC18510000-0x00007FFC18629000 RedHttpClient.dll
  0x00007FFC18390000-0x00007FFC18503000 TweakXL.dll
  0x00007FFD26340000-0x00007FFD26358000 napinsp.dll
  0x00007FFD412E0000-0x00007FFD41438000 DNSAPI.dll
  0x00007FFD41C10000-0x00007FFD41C1D000 DSPARSE.dll
  0x00007FFD45360000-0x00007FFD4536A000 NSI.dll
  0x00007FFD26150000-0x00007FFD26163000 winrnr.dll
  0x00007FFD23370000-0x00007FFD23392000 nlansp_c.dll
  0x00007FFD3B350000-0x00007FFD3B366000 wshbth.dll
  0x00007FFD3A180000-0x00007FFD3A206000 fwpuclnt.dll
  0x00007FFD3B310000-0x00007FFD3B31B000 rasadhlp.dll
  0x00007FFD3FCE0000-0x00007FFD3FCED000 secur32.dll
  0x00007FFD41B30000-0x00007FFD41B79000 SSPICLI.DLL
  0x00007FFCD8170000-0x00007FFCD817B000 GameServicesSteam.dll
  0x00007FFC64CE0000-0x00007FFC64D2C000 steam_api64.dll
  0x00007FFD3CA20000-0x00007FFD3CA8D000 netprofm.dll
  0x00007FFD39AB0000-0x00007FFD39AC9000 npmproxy.dll
  0x00007FFBF9580000-0x00007FFBFAEE4000 steamclient64.dll
  0x00007FFD45710000-0x00007FFD45730000 imagehlp.dll
  0x00007FFD44D70000-0x00007FFD44D78000 PSAPI.DLL
  0x00007FFCB8400000-0x00007FFCB870E000 tier0_s64.dll
  0x00007FFCF5BB0000-0x00007FFCF5C73000 vstdlib_s64.dll
  0x00007FFC181D0000-0x00007FFC18387000 gameoverlayrenderer64.dll
  0x00007FFD3BAA0000-0x00007FFD3BADB000 cryptnet.dll
  0x00007FFD42CF0000-0x00007FFD42D73000 WINTRUST.DLL
  0x00007FFD421A0000-0x00007FFD421B3000 MSASN1.dll
  0x00007FFD417E0000-0x00007FFD41819000 rsaenh.dll
  0x00007FFD41EB0000-0x00007FFD41ED5000 gpapi.dll
  0x00007FFC17E30000-0x00007FFC181CA000 GfnRuntimeSdk.dll
  0x00007FFD15100000-0x00007FFD152DB000 gdiplus.dll
  0x00007FFD3FDE0000-0x00007FFD3FE25000 dxcore.dll
  0x00007FFD3D460000-0x00007FFD3D4BF000 directxdatabasehelper.dll
  0x00007FFC17A20000-0x00007FFC17C0A000 scc_lib.dll
  0x00007FFC7F030000-0x00007FFC7F09D000 CChromaEditorLibrary64.dll
  0x00007FFC17180000-0x00007FFC176DC000 mfc140u.dll
  0x00007FFD15040000-0x00007FFD150F5000 Comctl32.dll
  0x00007FFD3DB60000-0x00007FFD3DB6E000 WINNSI.DLL
  0x00007FFD3B460000-0x00007FFD3B5DA000 drvstore.dll
  0x00007FFD42220000-0x00007FFD4228A000 wldp.dll
  0x00007FFD29DB0000-0x00007FFD29E39000 nvapi64.dll
  0x00007FFD29750000-0x00007FFD29CC7000 nvapi64_impl.dll
  0x00007FFC6A190000-0x00007FFC6A26D000 190_E658703.dll
  0x00007FFCF6E20000-0x00007FFCF6E43000 d3d12.dll
  0x00007FFC178A0000-0x00007FFC17A13000 _nvngx.dll
  0x00007FFD419B0000-0x00007FFD419E6000 ntmarta.dll
  0x00007FFBE4BE0000-0x00007FFBE768E000 nvngx_dlss.dll
  0x00007FFC131A0000-0x00007FFC138FB000 nvngx_dlssg.dll
  0x00007FFBD14A0000-0x00007FFBD60BA000 160_E658700.bin
  0x00007FFC17DD0000-0x00007FFC17E2E000 190_E658703.dll
  0x000001DB7CD90000-0x000001DB7CDF9000 190_E658703.dll
  0x00007FFC170E0000-0x00007FFC17177000 190_E658703.dll
  0x00007FFC17830000-0x00007FFC1789D000 190_E658703.dll
  0x00007FFC61500000-0x00007FFC61558000 190_E658703.dll
  0x00007FFC16F90000-0x00007FFC170D5000 GFSDK_Aftermath_Lib.x64.dll
  0x00007FFD29E40000-0x00007FFD2F3E5000 nvwgf2umx.dll
  0x00007FFCB2CC0000-0x00007FFCB301A000 D3D12Core.dll
  0x00007FFC88920000-0x00007FFC88A8D000 nvspcap64.dll
  0x00007FFD3BD10000-0x00007FFD3BDDA000 nvldumdx.dll
  0x00007FFD33A00000-0x00007FFD3980E000 nvgpucomp64.dll
  0x00007FFD29310000-0x00007FFD29674000 NvMessageBus.dll
  0x00007FFD31090000-0x00007FFD311CB000 NvMemMapStoragex.dll
  0x00007FFCFB850000-0x00007FFCFBF77000 nvppex.dll
  0x00007FFC7F0A0000-0x00007FFC7F17F000 D3DSCache.dll
  0x00007FFD41EE0000-0x00007FFD41F12000 USERENV.dll
  0x00007FFCD8630000-0x00007FFCDA50F000 nvcuda64.dll
  0x00007FFCD8580000-0x00007FFCD862F000 nvdxgdmal64.dll
  0x00007FFCD63B0000-0x00007FFCD71B2000 nvobjectloader64.dll
  0x00007FFBDB830000-0x00007FFBDEC94000 nvrtum64.dll
  0x00007FFC939F0000-0x00007FFC93E9B000 NvTelemetryAPI64.dll
  0x00007FFCB3C40000-0x00007FFCB3CAB000 NvTelemetryBridge64.dll
  0x00007FFC0E3A0000-0x00007FFC0EA00000 amd_fidelityfx_dx12.DLL
  0x00007FFD1FCB0000-0x00007FFD1FE09000 Windows.UI.dll
  0x00007FFD3FD00000-0x00007FFD3FD29000 Wtsapi32.dll
  0x00007FFD05A90000-0x00007FFD05B2C000 IMGSF50Filter_x64.dll
  0x00007FFD05970000-0x00007FFD05A7C000 Opengl32.dll
  0x00007FFD05930000-0x00007FFD0595D000 GLU32.dll
  0x00007FFD21EC0000-0x00007FFD21EDB000 XInput1_4.dll
  0x00007FFD1CB70000-0x00007FFD1CD53000 inputhost.dll
  0x00007FFD3F830000-0x00007FFD3F95B000 CoreMessaging.dll
  0x00007FFD45740000-0x00007FFD4589D000 MSCTF.dll
  0x00007FFD1CA20000-0x00007FFD1CB66000 textinputframework.dll
  0x00007FFD3F0B0000-0x00007FFD3F2D5000 dcomp.dll
  0x00007FFD3F810000-0x00007FFD3F829000 Microsoft.Internal.WarpPal.dll
  0x00007FFD3FFB0000-0x00007FFD3FFDF000 dwmapi.dll
  0x00007FFD426B0000-0x00007FFD42712000 WINSTA.dll
  0x00007FFBFBEA0000-0x00007FFBFC07E000 cp2077_trainer.dll
[FATAL][veh] 00:06:39.618 (utc_ft=0x01DD37C7FE580E0C) pid=29324 tid=14916
  code=0xC0000005 EXCEPTION_ACCESS_VIOLATION
  at=0x00007FFBFBEAD65C (cp2077_trainer.dll+0xD65C)
  access=READ target=0xFFFFFFFFFFFFFFFF
  fault-in-trainer=YES
  rip=0x00007FFBFBEAD65C rsp=0x0000005CF87FF508 rbp=0x00007FF6848D22A0
  rax=0x0000000000000001 rbx=0x0000000000000000 rcx=0xF88041C3000000F1 rdx=0x4D402860BE84781A
  rsi=0x000001BDB0315960 rdi=0x0000000000000000 r8=0x000000000000000C r9=0x000000000000005C
  r10=0x000001BDA58A7AE8 r11=0x0000005CF87FEF40 r12=0x000000571D8BE491 r13=0x0000000000000000
  stack:
    +0x0 0x00007FFBFBEAFD4D (cp2077_trainer.dll+0xFD4D)
    +0x18 0x00007FFBFC072F78 (cp2077_trainer.dll+0x1D2F78)
    +0x20 0x00007FFBFBEA0000 (cp2077_trainer.dll+0x0)
    +0x28 0x00007FFBFBEA0000 (cp2077_trainer.dll+0x0)
    +0x30 0x00007FFBFBEB215C (cp2077_trainer.dll+0x1215C)
    +0x40 0x00007FFBFC072F78 (cp2077_trainer.dll+0x1D2F78)
    +0x80 0x00007FFBFBEB0D28 (cp2077_trainer.dll+0x10D28)
    +0x90 0x00007FFBFBEA0000 (cp2077_trainer.dll+0x0)
    +0xA0 0x00007FFBFC072F78 (cp2077_trainer.dll+0x1D2F78)
    +0x1B0 0x00007FFBFBEB071E (cp2077_trainer.dll+0x1071E)
    +0x1C0 0x00007FFBFBEA9218 (cp2077_trainer.dll+0x9218)
    +0x1F0 0x00007FFBFBEB5918 (cp2077_trainer.dll+0x15918)

============================================================
[SESSION] 2026-08-30 00:37:36.670 pid=13248 trainer=00007FFC16CA0000 range=0x00007FFC16CA0000-0x00007FFC16E7E000
[SESSION] modules=191 (snapshotted at init; anything loaded later shows as a raw address)
  0x00007FF681E10000-0x00007FF686D0C000 Cyberpunk2077.exe
  0x00007FFD45980000-0x00007FFD45BE6000 ntdll.dll
  0x00007FFD43860000-0x00007FFD43929000 KERNEL32.DLL
  0x00007FFD431E0000-0x00007FFD435DF000 KERNELBASE.dll
  0x00007FFD43930000-0x00007FFD43AF6000 USER32.dll
  0x00007FFD42E40000-0x00007FFD42E67000 win32u.dll
  0x00007FFD44180000-0x00007FFD441AB000 GDI32.dll
  0x00007FFD42F20000-0x00007FFD43049000 gdi32full.dll
  0x00007FFD42E70000-0x00007FFD42F13000 msvcp_win.dll
  0x00007FFD42B90000-0x00007FFD42CDC000 ucrtbase.dll
  0x00007FFD44260000-0x00007FFD449E8000 SHELL32.dll
  0x00007FFD456A0000-0x00007FFD45706000 SHLWAPI.dll
  0x00007FFD436D0000-0x00007FFD4378C000 ADVAPI32.dll
  0x00007FFD45400000-0x00007FFD454A9000 msvcrt.dll
  0x00007FFCB8750000-0x00007FFCB87D6000 sl.interposer.dll
  0x00007FFC7F5F0000-0x00007FFC7F7D3000 dbghelp.dll
  0x00007FFD441B0000-0x00007FFD4425A000 sechost.dll
  0x00007FFD44AD0000-0x00007FFD44BE8000 RPCRT4.dll
  0x00007FFD44DD0000-0x00007FFD44F69000 ole32.dll
  0x00007FFD44FD0000-0x00007FFD45355000 combase.dll
  0x00007FFD43CF0000-0x00007FFD44177000 SETUPAPI.dll
  0x00007FFD458B0000-0x00007FFD45932000 WS2_32.dll
  0x00007FFD449F0000-0x00007FFD44AC9000 OLEAUT32.dll
  0x00007FFD1DBB0000-0x00007FFD1DBB9000 XINPUT9_1_0.dll
  0x00007FFCCD180000-0x00007FFCCD1D9000 libxell.dll
  0x00007FFC1F050000-0x00007FFC1FDF9000 REDGalaxy64.dll
  0x00007FFBFD420000-0x00007FFBFFF9E000 libxess_fg.dll
  0x00007FFC7F570000-0x00007FFC7F5ED000 bink2w64.dll
  0x00007FFD43050000-0x00007FFD431CE000 CRYPT32.dll
  0x00007FFD03A30000-0x00007FFD03A4B000 redlexer_native.dll
  0x00007FFC7F370000-0x00007FFC7F569000 PhysX3Common_x64.dll
  0x00007FFC7F2E0000-0x00007FFC7F36F000 PhysX3CharacterKinematic_x64.dll
  0x00007FFBF4B40000-0x00007FFBF9576000 libxess.dll
  0x00007FFC7EF40000-0x00007FFC7EFE5000 PhysX3Cooking_x64.dll
  0x00007FFC7F250000-0x00007FFC7F2DC000 PxFoundation_x64.dll
  0x00007FFC6BAA0000-0x00007FFC6BD21000 PhysX3_x64.dll
  0x00007FFC1E3F0000-0x00007FFC1F042000 ffx_backend_dx12_x64.dll
  0x00007FFCB0D00000-0x00007FFCB0D2B000 ffx_fsr3_x64.dll
  0x00007FFC884C0000-0x00007FFC8852B000 libcurl.dll
  0x00007FFD44BF0000-0x00007FFD44C63000 WLDAP32.dll
  0x00007FFD43CE0000-0x00007FFD43CE8000 Normaliz.dll
  0x00007FFC6B480000-0x00007FFC6B708000 icuin.dll
  0x00007FFC7EC50000-0x00007FFC7EE24000 icuuc.dll
  0x00007FFD42830000-0x00007FFD4288E000 POWRPROF.dll
  0x00007FFC6B340000-0x00007FFC6B473000 oo2ext_7_win64.dll
  0x00007FFD40F20000-0x00007FFD40F2F000 HID.DLL
  0x00007FFCB0CD0000-0x00007FFCB0CFD000 amd_ags_x64.dll
  0x00007FFC6B250000-0x00007FFC6B334000 VERSION.dll
  0x00007FFC89510000-0x00007FFC8954A000 WINMM.dll
  0x00007FFD27B30000-0x00007FFD27BCD000 MSVCP140.dll
  0x00007FFD27AA0000-0x00007FFD27ACC000 VCRUNTIME140.dll
  0x00007FFD29040000-0x00007FFD2904C000 VCRUNTIME140_1.dll
  0x00007FFD3FE50000-0x00007FFD3FF8A000 dxgi.dll
  0x00007FFD42760000-0x00007FFD427B2000 CFGMGR32.dll
  0x00007FFD42A80000-0x00007FFD42AAA000 bcrypt.dll
  0x00007FFD28720000-0x00007FFD289B5000 WININET.dll
  0x00007FFD41250000-0x00007FFD41283000 IPHLPAPI.DLL
  0x00007FFD41E30000-0x00007FFD41E9C000 MSWSOCK.dll
  0x00007FFC830D0000-0x00007FFC83103000 ffx_fsr3upscaler_x64.dll
  0x00007FFC93940000-0x00007FFC93970000 ffx_opticalflow_x64.dll
  0x00007FFC8F330000-0x00007FFC8F35E000 ffx_frameinterpolation_x64.dll
  0x00007FFC82200000-0x00007FFC8222C000 dbgcore.DLL
  0x000001D2FDF80000-0x000001D2FDF83000 icudt.dll
  0x00007FFD45660000-0x00007FFD45692000 IMM32.DLL
  0x00007FFD42810000-0x00007FFD42825000 UMPDC.dll
  0x00007FFD40680000-0x00007FFD40F1B000 windows.storage.dll
  0x00007FFD454B0000-0x00007FFD455A9000 SHCORE.dll
  0x00007FFD30F60000-0x00007FFD30F96000 winmm.dll
  0x00007FFC6B110000-0x00007FFC6B247000 RED4ext.dll
  0x00007FFD3BCE0000-0x00007FFD3BCEB000 VERSION.dll
  0x00007FFC20280000-0x00007FFC209B0000 cyber_engine_tweaks.asi
  0x00007FFC95AC0000-0x00007FFC95AD6000 MSVCP140_ATOMIC_WAIT.dll
  0x00007FFD3DE00000-0x00007FFD3E27F000 D3DCOMPILER_47.dll
  0x00007FFD42120000-0x00007FFD4213B000 cryptsp.dll
  0x00007FFD42140000-0x00007FFD4214C000 CRYPTBASE.DLL
  0x00007FFD42D80000-0x00007FFD42E2C000 bcryptPrimitives.dll
  0x00007FFC94460000-0x00007FFC9462A000 usvfs_x64.dll
  0x00007FFD42AB0000-0x00007FFD42AD9000 profapi.dll
  0x00007FFD41880000-0x00007FFD4189B000 kernel.appcore.dll
  0x00007FFC7CA40000-0x00007FFC7CAE8000 acu_rs.dll
  0x00007FFC644A0000-0x00007FFC64692000 ArchiveXL.dll
  0x00007FFC1E020000-0x00007FFC1E3ED000 audioware.dll
  0x00007FFD3F720000-0x00007FFD3F7C8000 uxtheme.dll
  0x00007FFD437A0000-0x00007FFD4384E000 clbcatq.dll
  0x00007FFD3BC30000-0x00007FFD3BCD6000 MMDevApi.dll
  0x00007FFD42720000-0x00007FFD4274F000 DEVOBJ.dll
  0x00007FFD12190000-0x00007FFD12347000 AUDIOSES.DLL
  0x00007FFD40330000-0x00007FFD40344000 resourcepolicyclient.dll
  0x00007FFC64260000-0x00007FFC64448000 Codeware.dll
  0x00007FFC820C0000-0x00007FFC82103000 ContentTokenActivator.dll
  0x00007FFC943D0000-0x00007FFC943ED000 DVRCFInput.dll
  0x00007FFC69F30000-0x00007FFC6A083000 in_world_navigation.dll
  0x00007FFC569B0000-0x00007FFC56B21000 input_loader.dll
  0x00007FFC7EEE0000-0x00007FFC7EF32000 JRMEr4e.dll
  0x00007FFC6A190000-0x00007FFC6A26E000 mod_settings.dll
  0x00007FFC821E0000-0x00007FFC821FA000 NamedSaves.dll
  0x00007FFC64D50000-0x00007FFC64E16000 PhotoModeEx.dll
  0x00007FFC7EB60000-0x00007FFC7EBB0000 PRMEr4e.dll
  0x00007FFC7EEB0000-0x00007FFC7EED2000 RadioExt.dll
  0x00007FFC1DE00000-0x00007FFC1E012000 fmod.dll
  0x00007FFC64CD0000-0x00007FFC64D4C000 RedData.dll
  0x00007FFC64870000-0x00007FFC648FB000 RedFileSystem.dll
  0x00007FFC64100000-0x00007FFC6425A000 RedHotTools.dll
  0x00007FFC2F640000-0x00007FFC2F759000 RedHttpClient.dll
  0x00007FFC1DC80000-0x00007FFC1DDF3000 TweakXL.dll
  0x00007FFD26340000-0x00007FFD26358000 napinsp.dll
  0x00007FFD412E0000-0x00007FFD41438000 DNSAPI.dll
  0x00007FFD41C10000-0x00007FFD41C1D000 DSPARSE.dll
  0x00007FFD45360000-0x00007FFD4536A000 NSI.dll
  0x00007FFD26150000-0x00007FFD26163000 winrnr.dll
  0x00007FFD23370000-0x00007FFD23392000 nlansp_c.dll
  0x00007FFD3B350000-0x00007FFD3B366000 wshbth.dll
  0x00007FFD3A180000-0x00007FFD3A206000 fwpuclnt.dll
  0x00007FFD3B310000-0x00007FFD3B31B000 rasadhlp.dll
  0x00007FFD3FCE0000-0x00007FFD3FCED000 secur32.dll
  0x00007FFD41B30000-0x00007FFD41B79000 SSPICLI.DLL
  0x00007FFCD7EB0000-0x00007FFCD7EBB000 GameServicesSteam.dll
  0x00007FFC6BA50000-0x00007FFC6BA9C000 steam_api64.dll
  0x00007FFD3CA20000-0x00007FFD3CA8D000 netprofm.dll
  0x00007FFD39AB0000-0x00007FFD39AC9000 npmproxy.dll
  0x00007FFBF9580000-0x00007FFBFAEE4000 steamclient64.dll
  0x00007FFD45710000-0x00007FFD45730000 imagehlp.dll
  0x00007FFD44D70000-0x00007FFD44D78000 PSAPI.DLL
  0x00007FFCB8400000-0x00007FFCB870E000 tier0_s64.dll
  0x00007FFCF5BB0000-0x00007FFCF5C73000 vstdlib_s64.dll
  0x00007FFC1DAC0000-0x00007FFC1DC77000 gameoverlayrenderer64.dll
  0x00007FFD3BAA0000-0x00007FFD3BADB000 cryptnet.dll
  0x00007FFD42CF0000-0x00007FFD42D73000 WINTRUST.DLL
  0x00007FFD421A0000-0x00007FFD421B3000 MSASN1.dll
  0x00007FFD417E0000-0x00007FFD41819000 rsaenh.dll
  0x00007FFD41EB0000-0x00007FFD41ED5000 gpapi.dll
  0x00007FFC1D720000-0x00007FFC1DABA000 GfnRuntimeSdk.dll
  0x00007FFD15100000-0x00007FFD152DB000 gdiplus.dll
  0x00007FFD3FDE0000-0x00007FFD3FE25000 dxcore.dll
  0x00007FFD3D460000-0x00007FFD3D4BF000 directxdatabasehelper.dll
  0x00007FFC1D530000-0x00007FFC1D71A000 scc_lib.dll
  0x00007FFC64800000-0x00007FFC6486D000 CChromaEditorLibrary64.dll
  0x00007FFC1BE50000-0x00007FFC1C3AC000 mfc140u.dll
  0x00007FFD15040000-0x00007FFD150F5000 Comctl32.dll
  0x00007FFD3DB60000-0x00007FFD3DB6E000 WINNSI.DLL
  0x00007FFD3B460000-0x00007FFD3B5DA000 drvstore.dll
  0x00007FFD42220000-0x00007FFD4228A000 wldp.dll
  0x00007FFD29DB0000-0x00007FFD29E39000 nvapi64.dll
  0x00007FFD29750000-0x00007FFD29CC7000 nvapi64_impl.dll
  0x00007FFC1D450000-0x00007FFC1D52D000 190_E658703.dll
  0x00007FFCF6E20000-0x00007FFCF6E43000 d3d12.dll
  0x00007FFC1D2D0000-0x00007FFC1D443000 _nvngx.dll
  0x00007FFD419B0000-0x00007FFD419E6000 ntmarta.dll
  0x00007FFBEBEE0000-0x00007FFBEE98E000 nvngx_dlss.dll
  0x00007FFC1B6F0000-0x00007FFC1BE4B000 nvngx_dlssg.dll
  0x00007FFBDEAC0000-0x00007FFBE36DA000 160_E658700.bin
  0x00007FFC61500000-0x00007FFC6155E000 190_E658703.dll
  0x00007FFC2CF80000-0x00007FFC2CFE9000 190_E658703.dll
  0x00007FFC1D230000-0x00007FFC1D2C7000 190_E658703.dll
  0x00007FFC2F5D0000-0x00007FFC2F63D000 190_E658703.dll
  0x00007FFC1D1D0000-0x00007FFC1D228000 190_E658703.dll
  0x00007FFC1CB00000-0x00007FFC1CC45000 GFSDK_Aftermath_Lib.x64.dll
  0x00007FFD29E40000-0x00007FFD2F3E5000 nvwgf2umx.dll
  0x00007FFCB2CC0000-0x00007FFCB301A000 D3D12Core.dll
  0x00007FFC88920000-0x00007FFC88A8D000 nvspcap64.dll
  0x00007FFD3BD10000-0x00007FFD3BDDA000 nvldumdx.dll
  0x00007FFD33A00000-0x00007FFD3980E000 nvgpucomp64.dll
  0x00007FFD29310000-0x00007FFD29674000 NvMessageBus.dll
  0x00007FFD31090000-0x00007FFD311CB000 NvMemMapStoragex.dll
  0x00007FFCFB850000-0x00007FFCFBF77000 nvppex.dll
  0x00007FFC7F150000-0x00007FFC7F22F000 D3DSCache.dll
  0x00007FFD41EE0000-0x00007FFD41F12000 USERENV.dll
  0x00007FFCD8630000-0x00007FFCDA50F000 nvcuda64.dll
  0x00007FFCD8580000-0x00007FFCD862F000 nvdxgdmal64.dll
  0x00007FFCD63B0000-0x00007FFCD71B2000 nvobjectloader64.dll
  0x00007FFBE8A70000-0x00007FFBEBED4000 nvrtum64.dll
  0x00007FFC939F0000-0x00007FFC93E9B000 NvTelemetryAPI64.dll
  0x00007FFCB3C40000-0x00007FFCB3CAB000 NvTelemetryBridge64.dll
  0x00007FFC1B090000-0x00007FFC1B6F0000 amd_fidelityfx_dx12.DLL
  0x00007FFD1FCB0000-0x00007FFD1FE09000 Windows.UI.dll
  0x00007FFD3FD00000-0x00007FFD3FD29000 Wtsapi32.dll
  0x00007FFD05A90000-0x00007FFD05B2C000 IMGSF50Filter_x64.dll
  0x00007FFD05970000-0x00007FFD05A7C000 Opengl32.dll
  0x00007FFD05930000-0x00007FFD0595D000 GLU32.dll
  0x00007FFD21EC0000-0x00007FFD21EDB000 XInput1_4.dll
  0x00007FFD1CB70000-0x00007FFD1CD53000 inputhost.dll
  0x00007FFD3F830000-0x00007FFD3F95B000 CoreMessaging.dll
  0x00007FFD45740000-0x00007FFD4589D000 MSCTF.dll
  0x00007FFD1CA20000-0x00007FFD1CB66000 textinputframework.dll
  0x00007FFD3F0B0000-0x00007FFD3F2D5000 dcomp.dll
  0x00007FFD3F810000-0x00007FFD3F829000 Microsoft.Internal.WarpPal.dll
  0x00007FFD3FFB0000-0x00007FFD3FFDF000 dwmapi.dll
  0x00007FFD426B0000-0x00007FFD42712000 WINSTA.dll
  0x00007FFD3C470000-0x00007FFD3C754000 CoreUIComponents.dll
  0x00007FFD3CB40000-0x00007FFD3CCAA000 wintypes.dll
  0x00007FFC16CA0000-0x00007FFC16E7E000 cp2077_trainer.dll
[FATAL][veh] 01:48:03.381 (utc_ft=0x01DD37D6288C8CC7) pid=13248 tid=30224
  code=0xC0000005 EXCEPTION_ACCESS_VIOLATION
  at=0x00007FFC16CAD816 (cp2077_trainer.dll+0xD816)
  access=READ target=0x0000000041E5BB78
  fault-in-trainer=YES
  rip=0x00007FFC16CAD816 rsp=0x0000008D38FFE868 rbp=0x4D402860BE84781A
  rax=0x0000000041E4BB48 rbx=0x0000000041E5BB48 rcx=0x0000000041E5BB48 rdx=0x00007FFFFFFDFFFF
  rsi=0x0000000000000072 rdi=0x0000000000000002 r8=0x4D402860BE84781A r9=0x00007FFFFFFDFFFF
  r10=0x000001D738B6D540 r11=0x00000000000001D3 r12=0x0000006547C0B430 r13=0x0000000000000000
  stack:
    +0x0 0x00007FFC16CAFFA8 (cp2077_trainer.dll+0xFFA8)
    +0x20 0x00007FF68226936E (Cyberpunk2077.exe+0x45936E)
    +0x30 0x00007FF68226936E (Cyberpunk2077.exe+0x45936E)
    +0x38 0x00007FF6848D22A0 (Cyberpunk2077.exe+0x2AC22A0)
    +0x40 0x00007FF6848D2298 (Cyberpunk2077.exe+0x2AC2298)
    +0x50 0x00007FF68492B038 (Cyberpunk2077.exe+0x2B1B038)
    +0x78 0x00007FF6848D2298 (Cyberpunk2077.exe+0x2AC2298)
    +0x88 0x00007FF68492B038 (Cyberpunk2077.exe+0x2B1B038)
    +0xA0 0x00007FF6848D22A0 (Cyberpunk2077.exe+0x2AC22A0)
    +0xA8 0x00007FF6848D2298 (Cyberpunk2077.exe+0x2AC2298)
    +0xB8 0x00007FF68492B038 (Cyberpunk2077.exe+0x2B1B038)
    +0xD8 0x00007FF6848D22A0 (Cyberpunk2077.exe+0x2AC22A0)
[FATAL][veh] 01:48:03.403 (utc_ft=0x01DD37D6288FF3E8) pid=13248 tid=30224
  code=0xC0000005 EXCEPTION_ACCESS_VIOLATION
  at=0x00007FFC16CAD816 (cp2077_trainer.dll+0xD816)
  access=READ target=0x0000000200001730
  fault-in-trainer=YES
  rip=0x00007FFC16CAD816 rsp=0x0000008D38FFE868 rbp=0x4D402860BE84781A
  rax=0x00000001FFFF1700 rbx=0x0000000200001700 rcx=0x0000000200001700 rdx=0x00007FFFFFFDFFFF
  rsi=0x0000000000000072 rdi=0x0000000000000004 r8=0x4D402860BE84781A r9=0x00007FFFFFFDFFFF
  r10=0x0000000000000000 r11=0x0000000000000000 r12=0x0000006547C0B430 r13=0x0000000000000000
  stack:
    +0x0 0x00007FFC16CAFFA8 (cp2077_trainer.dll+0xFFA8)
    +0x20 0x00007FF68226936E (Cyberpunk2077.exe+0x45936E)
    +0x30 0x00007FF68226936E (Cyberpunk2077.exe+0x45936E)
    +0x38 0x00007FF6848D22A0 (Cyberpunk2077.exe+0x2AC22A0)
    +0x40 0x00007FF6848D2298 (Cyberpunk2077.exe+0x2AC2298)
    +0x50 0x00007FF68492B038 (Cyberpunk2077.exe+0x2B1B038)
    +0x78 0x00007FF6848D2298 (Cyberpunk2077.exe+0x2AC2298)
    +0x88 0x00007FF68492B038 (Cyberpunk2077.exe+0x2B1B038)
    +0xA0 0x00007FF6848D22A0 (Cyberpunk2077.exe+0x2AC22A0)
    +0xA8 0x00007FF6848D2298 (Cyberpunk2077.exe+0x2AC2298)
    +0xB8 0x00007FF68492B038 (Cyberpunk2077.exe+0x2B1B038)
    +0xD8 0x00007FF6848D22A0 (Cyberpunk2077.exe+0x2AC22A0)
[FATAL][veh] 01:48:03.403 (utc_ft=0x01DD37D6288FFCC9) pid=13248 tid=30224
  code=0xC0000005 EXCEPTION_ACCESS_VIOLATION
  at=0x00007FFC16CAD816 (cp2077_trainer.dll+0xD816)
  access=READ target=0x0000010101000232
  fault-in-trainer=YES
  rip=0x00007FFC16CAD816 rsp=0x0000008D38FFE868 rbp=0x4D402860BE84781A
  rax=0x0000010100FF0202 rbx=0x0000010101000202 rcx=0x0000010101000202 rdx=0x00007FFFFFFDFFFF
  rsi=0x0000000000000072 rdi=0x0000000000000005 r8=0x4D402860BE84781A r9=0x00007FFFFFFDFFFF
  r10=0x0000000000000000 r11=0x0000000000000000 r12=0x0000006547C0B430 r13=0x0000000000000000
  stack:
    +0x0 0x00007FFC16CAFFA8 (cp2077_trainer.dll+0xFFA8)
    +0x20 0x00007FF68226936E (Cyberpunk2077.exe+0x45936E)
    +0x30 0x00007FF68226936E (Cyberpunk2077.exe+0x45936E)
    +0x38 0x00007FF6848D22A0 (Cyberpunk2077.exe+0x2AC22A0)
    +0x40 0x00007FF6848D2298 (Cyberpunk2077.exe+0x2AC2298)
    +0x50 0x00007FF68492B038 (Cyberpunk2077.exe+0x2B1B038)
    +0x78 0x00007FF6848D2298 (Cyberpunk2077.exe+0x2AC2298)
    +0x88 0x00007FF68492B038 (Cyberpunk2077.exe+0x2B1B038)
    +0xA0 0x00007FF6848D22A0 (Cyberpunk2077.exe+0x2AC22A0)
    +0xA8 0x00007FF6848D2298 (Cyberpunk2077.exe+0x2AC2298)
    +0xB8 0x00007FF68492B038 (Cyberpunk2077.exe+0x2B1B038)
    +0xD8 0x00007FF6848D22A0 (Cyberpunk2077.exe+0x2AC22A0)
[FATAL][veh] 01:48:03.403 (utc_ft=0x01DD37D6289003C5) pid=13248 tid=30224
  code=0xC0000005 EXCEPTION_ACCESS_VIOLATION
  at=0x00007FFC16CAD816 (cp2077_trainer.dll+0xD816)
  access=READ target=0x000000000010B1A8
  fault-in-trainer=YES
  rip=0x00007FFC16CAD816 rsp=0x0000008D38FFE868 rbp=0x4D402860BE84781A
  rax=0x00000000000FB178 rbx=0x000000000010B178 rcx=0x000000000010B178 rdx=0x00007FFFFFFDFFFF
  rsi=0x0000000000000072 rdi=0x0000000000000006 r8=0x4D402860BE84781A r9=0x00007FFFFFFDFFFF
  r10=0x0000000000000000 r11=0x0000000000000000 r12=0x0000006547C0B430 r13=0x0000000000000000
  stack:
    +0x0 0x00007FFC16CAFFA8 (cp2077_trainer.dll+0xFFA8)
    +0x20 0x00007FF68226936E (Cyberpunk2077.exe+0x45936E)
    +0x30 0x00007FF68226936E (Cyberpunk2077.exe+0x45936E)
    +0x38 0x00007FF6848D22A0 (Cyberpunk2077.exe+0x2AC22A0)
    +0x40 0x00007FF6848D2298 (Cyberpunk2077.exe+0x2AC2298)
    +0x50 0x00007FF68492B038 (Cyberpunk2077.exe+0x2B1B038)
    +0x78 0x00007FF6848D2298 (Cyberpunk2077.exe+0x2AC2298)
    +0x88 0x00007FF68492B038 (Cyberpunk2077.exe+0x2B1B038)
    +0xA0 0x00007FF6848D22A0 (Cyberpunk2077.exe+0x2AC22A0)
    +0xA8 0x00007FF6848D2298 (Cyberpunk2077.exe+0x2AC2298)
    +0xB8 0x00007FF68492B038 (Cyberpunk2077.exe+0x2B1B038)
    +0xD8 0x00007FF6848D22A0 (Cyberpunk2077.exe+0x2AC22A0)
[FATAL][veh] 01:48:03.404 (utc_ft=0x01DD37D628900A77) pid=13248 tid=30224
  code=0xC0000005 EXCEPTION_ACCESS_VIOLATION
  at=0x00007FFC16CAD816 (cp2077_trainer.dll+0xD816)
  access=READ target=0x000000004350D78C
  fault-in-trainer=YES
  rip=0x00007FFC16CAD816 rsp=0x0000008D38FFE868 rbp=0x4D402860BE84781A
  rax=0x00000000434FD75C rbx=0x000000004350D75C rcx=0x000000004350D75C rdx=0x00007FFFFFFDFFFF
  rsi=0x0000000000000072 rdi=0x0000000000000009 r8=0x4D402860BE84781A r9=0x00007FFFFFFDFFFF
  r10=0x0000000000000000 r11=0x0000000000000000 r12=0x0000006547C0B430 r13=0x0000000000000000
  stack:
    +0x0 0x00007FFC16CAFFA8 (cp2077_trainer.dll+0xFFA8)
    +0x20 0x00007FF68226936E (Cyberpunk2077.exe+0x45936E)
    +0x30 0x00007FF68226936E (Cyberpunk2077.exe+0x45936E)
    +0x38 0x00007FF6848D22A0 (Cyberpunk2077.exe+0x2AC22A0)
    +0x40 0x00007FF6848D2298 (Cyberpunk2077.exe+0x2AC2298)
    +0x50 0x00007FF68492B038 (Cyberpunk2077.exe+0x2B1B038)
    +0x78 0x00007FF6848D2298 (Cyberpunk2077.exe+0x2AC2298)
    +0x88 0x00007FF68492B038 (Cyberpunk2077.exe+0x2B1B038)
    +0xA0 0x00007FF6848D22A0 (Cyberpunk2077.exe+0x2AC22A0)
    +0xA8 0x00007FF6848D2298 (Cyberpunk2077.exe+0x2AC2298)
    +0xB8 0x00007FF68492B038 (Cyberpunk2077.exe+0x2B1B038)
    +0xD8 0x00007FF6848D22A0 (Cyberpunk2077.exe+0x2AC22A0)
[FATAL][veh] 01:48:03.404 (utc_ft=0x01DD37D628900DC4) pid=13248 tid=30224
  code=0xC0000005 EXCEPTION_ACCESS_VIOLATION
  at=0x00007FFC16CAD816 (cp2077_trainer.dll+0xD816)
  access=READ target=0x0000000100000730
  fault-in-trainer=YES
  rip=0x00007FFC16CAD816 rsp=0x0000008D38FFE868 rbp=0x4D402860BE84781A
  rax=0x00000000FFFF0700 rbx=0x0000000100000700 rcx=0x0000000100000700 rdx=0x00007FFFFFFDFFFF
  rsi=0x0000000000000072 rdi=0x000000000000000B r8=0x4D402860BE84781A r9=0x00007FFFFFFDFFFF
  r10=0x0000000000000000 r11=0x0000000000000000 r12=0x0000006547C0B430 r13=0x0000000000000000
  stack:
    +0x0 0x00007FFC16CAFFA8 (cp2077_trainer.dll+0xFFA8)
    +0x20 0x00007FF68226936E (Cyberpunk2077.exe+0x45936E)
    +0x30 0x00007FF68226936E (Cyberpunk2077.exe+0x45936E)
    +0x38 0x00007FF6848D22A0 (Cyberpunk2077.exe+0x2AC22A0)
    +0x40 0x00007FF6848D2298 (Cyberpunk2077.exe+0x2AC2298)
    +0x50 0x00007FF68492B038 (Cyberpunk2077.exe+0x2B1B038)
    +0x78 0x00007FF6848D2298 (Cyberpunk2077.exe+0x2AC2298)
    +0x88 0x00007FF68492B038 (Cyberpunk2077.exe+0x2B1B038)
    +0xA0 0x00007FF6848D22A0 (Cyberpunk2077.exe+0x2AC22A0)
    +0xA8 0x00007FF6848D2298 (Cyberpunk2077.exe+0x2AC2298)
    +0xB8 0x00007FF68492B038 (Cyberpunk2077.exe+0x2B1B038)
    +0xD8 0x00007FF6848D22A0 (Cyberpunk2077.exe+0x2AC22A0)
[FATAL][veh] 01:48:03.404 (utc_ft=0x01DD37D628900DC4) pid=13248 tid=30224
  code=0xC0000005 EXCEPTION_ACCESS_VIOLATION
  at=0x00007FFC16CAD816 (cp2077_trainer.dll+0xD816)
  access=READ target=0x000000000010A97B
  fault-in-trainer=YES
  rip=0x00007FFC16CAD816 rsp=0x0000008D38FFE868 rbp=0x4D402860BE84781A
  rax=0x00000000000FA94B rbx=0x000000000010A94B rcx=0x000000000010A94B rdx=0x00007FFFFFFDFFFF
  rsi=0x0000000000000072 rdi=0x000000000000000C r8=0x4D402860BE84781A r9=0x00007FFFFFFDFFFF
  r10=0x0000000000000000 r11=0x0000000000000000 r12=0x0000006547C0B430 r13=0x0000000000000000
  stack:
    +0x0 0x00007FFC16CAFFA8 (cp2077_trainer.dll+0xFFA8)
    +0x20 0x00007FF68226936E (Cyberpunk2077.exe+0x45936E)
    +0x30 0x00007FF68226936E (Cyberpunk2077.exe+0x45936E)
    +0x38 0x00007FF6848D22A0 (Cyberpunk2077.exe+0x2AC22A0)
    +0x40 0x00007FF6848D2298 (Cyberpunk2077.exe+0x2AC2298)
    +0x50 0x00007FF68492B038 (Cyberpunk2077.exe+0x2B1B038)
    +0x78 0x00007FF6848D2298 (Cyberpunk2077.exe+0x2AC2298)
    +0x88 0x00007FF68492B038 (Cyberpunk2077.exe+0x2B1B038)
    +0xA0 0x00007FF6848D22A0 (Cyberpunk2077.exe+0x2AC22A0)
    +0xA8 0x00007FF6848D2298 (Cyberpunk2077.exe+0x2AC2298)
    +0xB8 0x00007FF68492B038 (Cyberpunk2077.exe+0x2B1B038)
    +0xD8 0x00007FF6848D22A0 (Cyberpunk2077.exe+0x2AC22A0)
[FATAL][veh] 01:48:03.404 (utc_ft=0x01DD37D628900DC4) pid=13248 tid=30224
  code=0xC0000005 EXCEPTION_ACCESS_VIOLATION
  at=0x00007FFC16CAD816 (cp2077_trainer.dll+0xD816)
  access=READ target=0x000000000010AFCF
  fault-in-trainer=YES
  rip=0x00007FFC16CAD816 rsp=0x0000008D38FFE868 rbp=0x4D402860BE84781A
  rax=0x00000000000FAF9F rbx=0x000000000010AF9F rcx=0x000000000010AF9F rdx=0x00007FFFFFFDFFFF
  rsi=0x0000000000000072 rdi=0x000000000000000F r8=0x4D402860BE84781A r9=0x00007FFFFFFDFFFF
  r10=0x0000000000000000 r11=0x0000000000000000 r12=0x0000006547C0B430 r13=0x0000000000000000
  stack:
    +0x0 0x00007FFC16CAFFA8 (cp2077_trainer.dll+0xFFA8)
    +0x20 0x00007FF68226936E (Cyberpunk2077.exe+0x45936E)
    +0x30 0x00007FF68226936E (Cyberpunk2077.exe+0x45936E)
    +0x38 0x00007FF6848D22A0 (Cyberpunk2077.exe+0x2AC22A0)
    +0x40 0x00007FF6848D2298 (Cyberpunk2077.exe+0x2AC2298)
    +0x50 0x00007FF68492B038 (Cyberpunk2077.exe+0x2B1B038)
    +0x78 0x00007FF6848D2298 (Cyberpunk2077.exe+0x2AC2298)
    +0x88 0x00007FF68492B038 (Cyberpunk2077.exe+0x2B1B038)
    +0xA0 0x00007FF6848D22A0 (Cyberpunk2077.exe+0x2AC22A0)
    +0xA8 0x00007FF6848D2298 (Cyberpunk2077.exe+0x2AC2298)
    +0xB8 0x00007FF68492B038 (Cyberpunk2077.exe+0x2B1B038)
    +0xD8 0x00007FF6848D22A0 (Cyberpunk2077.exe+0x2AC22A0)
[FATAL][veh] 01:48:03.404 (utc_ft=0x01DD37D628900DC4) pid=13248 tid=30224
  code=0xC0000005 EXCEPTION_ACCESS_VIOLATION
  at=0x00007FFC16CAD816 (cp2077_trainer.dll+0xD816)
  access=READ target=0x0000000400001730
  fault-in-trainer=YES
  rip=0x00007FFC16CAD816 rsp=0x0000008D38FFE868 rbp=0x4D402860BE84781A
  rax=0x00000003FFFF1700 rbx=0x0000000400001700 rcx=0x0000000400001700 rdx=0x00007FFFFFFDFFFF
  rsi=0x0000000000000072 rdi=0x0000000000000011 r8=0x4D402860BE84781A r9=0x00007FFFFFFDFFFF
  r10=0x0000000000000000 r11=0x0000000000000000 r12=0x0000006547C0B430 r13=0x0000000000000000
  stack:
    +0x0 0x00007FFC16CAFFA8 (cp2077_trainer.dll+0xFFA8)
    +0x20 0x00007FF68226936E (Cyberpunk2077.exe+0x45936E)
    +0x30 0x00007FF68226936E (Cyberpunk2077.exe+0x45936E)
    +0x38 0x00007FF6848D22A0 (Cyberpunk2077.exe+0x2AC22A0)
    +0x40 0x00007FF6848D2298 (Cyberpunk2077.exe+0x2AC2298)
    +0x50 0x00007FF68492B038 (Cyberpunk2077.exe+0x2B1B038)
    +0x78 0x00007FF6848D2298 (Cyberpunk2077.exe+0x2AC2298)
    +0x88 0x00007FF68492B038 (Cyberpunk2077.exe+0x2B1B038)
    +0xA0 0x00007FF6848D22A0 (Cyberpunk2077.exe+0x2AC22A0)
    +0xA8 0x00007FF6848D2298 (Cyberpunk2077.exe+0x2AC2298)
    +0xB8 0x00007FF68492B038 (Cyberpunk2077.exe+0x2B1B038)
    +0xD8 0x00007FF6848D22A0 (Cyberpunk2077.exe+0x2AC22A0)
[FATAL][veh] 01:48:03.404 (utc_ft=0x01DD37D628900DC4) pid=13248 tid=30224
  code=0xC0000005 EXCEPTION_ACCESS_VIOLATION
  at=0x00007FFC16CAD816 (cp2077_trainer.dll+0xD816)
  access=READ target=0x000000000010AFCF
  fault-in-trainer=YES
  rip=0x00007FFC16CAD816 rsp=0x0000008D38FFE868 rbp=0x4D402860BE84781A
  rax=0x00000000000FAF9F rbx=0x000000000010AF9F rcx=0x000000000010AF9F rdx=0x00007FFFFFFDFFFF
  rsi=0x0000000000000072 rdi=0x0000000000000012 r8=0x4D402860BE84781A r9=0x00007FFFFFFDFFFF
  r10=0x0000000000000000 r11=0x0000000000000000 r12=0x0000006547C0B430 r13=0x0000000000000000
  stack:
    +0x0 0x00007FFC16CAFFA8 (cp2077_trainer.dll+0xFFA8)
    +0x20 0x00007FF68226936E (Cyberpunk2077.exe+0x45936E)
    +0x30 0x00007FF68226936E (Cyberpunk2077.exe+0x45936E)
    +0x38 0x00007FF6848D22A0 (Cyberpunk2077.exe+0x2AC22A0)
    +0x40 0x00007FF6848D2298 (Cyberpunk2077.exe+0x2AC2298)
    +0x50 0x00007FF68492B038 (Cyberpunk2077.exe+0x2B1B038)
    +0x78 0x00007FF6848D2298 (Cyberpunk2077.exe+0x2AC2298)
    +0x88 0x00007FF68492B038 (Cyberpunk2077.exe+0x2B1B038)
    +0xA0 0x00007FF6848D22A0 (Cyberpunk2077.exe+0x2AC22A0)
    +0xA8 0x00007FF6848D2298 (Cyberpunk2077.exe+0x2AC2298)
    +0xB8 0x00007FF68492B038 (Cyberpunk2077.exe+0x2B1B038)
    +0xD8 0x00007FF6848D22A0 (Cyberpunk2077.exe+0x2AC22A0)
[FATAL][veh] 01:48:03.404 (utc_ft=0x01DD37D628900DC4) pid=13248 tid=30224
  code=0xC0000005 EXCEPTION_ACCESS_VIOLATION
  at=0x00007FFC16CAD816 (cp2077_trainer.dll+0xD816)
  access=READ target=0x0000000041E5BB78
  fault-in-trainer=YES
  rip=0x00007FFC16CAD816 rsp=0x0000008D38FFE868 rbp=0x4D402860BE84781A
  rax=0x0000000041E4BB48 rbx=0x0000000041E5BB48 rcx=0x0000000041E5BB48 rdx=0x00007FFFFFFDFFFF
  rsi=0x0000000000000072 rdi=0x0000000000000016 r8=0x4D402860BE84781A r9=0x00007FFFFFFDFFFF
  r10=0x0000000000000000 r11=0x0000000000000000 r12=0x0000006547C0B430 r13=0x0000000000000000
  stack:
    +0x0 0x00007FFC16CAFFA8 (cp2077_trainer.dll+0xFFA8)
    +0x20 0x00007FF68226936E (Cyberpunk2077.exe+0x45936E)
    +0x30 0x00007FF68226936E (Cyberpunk2077.exe+0x45936E)
    +0x38 0x00007FF6848D22A0 (Cyberpunk2077.exe+0x2AC22A0)
    +0x40 0x00007FF6848D2298 (Cyberpunk2077.exe+0x2AC2298)
    +0x50 0x00007FF68492B038 (Cyberpunk2077.exe+0x2B1B038)
    +0x78 0x00007FF6848D2298 (Cyberpunk2077.exe+0x2AC2298)
    +0x88 0x00007FF68492B038 (Cyberpunk2077.exe+0x2B1B038)
    +0xA0 0x00007FF6848D22A0 (Cyberpunk2077.exe+0x2AC22A0)
    +0xA8 0x00007FF6848D2298 (Cyberpunk2077.exe+0x2AC2298)
    +0xB8 0x00007FF68492B038 (Cyberpunk2077.exe+0x2B1B038)
    +0xD8 0x00007FF6848D22A0 (Cyberpunk2077.exe+0x2AC22A0)
[FATAL][veh] 01:48:03.404 (utc_ft=0x01DD37D628900DC4) pid=13248 tid=30224
  code=0xC0000005 EXCEPTION_ACCESS_VIOLATION
  at=0x00007FFC16CAD816 (cp2077_trainer.dll+0xD816)
  access=READ target=0x0000000300001730
  fault-in-trainer=YES
  rip=0x00007FFC16CAD816 rsp=0x0000008D38FFE868 rbp=0x4D402860BE84781A
  rax=0x00000002FFFF1700 rbx=0x0000000300001700 rcx=0x0000000300001700 rdx=0x00007FFFFFFDFFFF
  rsi=0x0000000000000072 rdi=0x0000000000000018 r8=0x4D402860BE84781A r9=0x00007FFFFFFDFFFF
  r10=0x0000000000000000 r11=0x0000000000000000 r12=0x0000006547C0B430 r13=0x0000000000000000
  stack:
    +0x0 0x00007FFC16CAFFA8 (cp2077_trainer.dll+0xFFA8)
    +0x20 0x00007FF68226936E (Cyberpunk2077.exe+0x45936E)
    +0x30 0x00007FF68226936E (Cyberpunk2077.exe+0x45936E)
    +0x38 0x00007FF6848D22A0 (Cyberpunk2077.exe+0x2AC22A0)
    +0x40 0x00007FF6848D2298 (Cyberpunk2077.exe+0x2AC2298)
    +0x50 0x00007FF68492B038 (Cyberpunk2077.exe+0x2B1B038)
    +0x78 0x00007FF6848D2298 (Cyberpunk2077.exe+0x2AC2298)
    +0x88 0x00007FF68492B038 (Cyberpunk2077.exe+0x2B1B038)
    +0xA0 0x00007FF6848D22A0 (Cyberpunk2077.exe+0x2AC22A0)
    +0xA8 0x00007FF6848D2298 (Cyberpunk2077.exe+0x2AC2298)
    +0xB8 0x00007FF68492B038 (Cyberpunk2077.exe+0x2B1B038)
    +0xD8 0x00007FF6848D22A0 (Cyberpunk2077.exe+0x2AC22A0)
[FATAL][veh] 01:48:03.404 (utc_ft=0x01DD37D628900DC4) pid=13248 tid=30224
  code=0xC0000005 EXCEPTION_ACCESS_VIOLATION
  at=0x00007FFC16CAD816 (cp2077_trainer.dll+0xD816)
  access=READ target=0x0000000043C80032
  fault-in-trainer=YES
  rip=0x00007FFC16CAD816 rsp=0x0000008D38FFE868 rbp=0x4D402860BE84781A
  rax=0x0000000043C70002 rbx=0x0000000043C80002 rcx=0x0000000043C80002 rdx=0x00007FFFFFFDFFFF
  rsi=0x0000000000000072 rdi=0x0000000000000019 r8=0x4D402860BE84781A r9=0x00007FFFFFFDFFFF
  r10=0x0000000000000000 r11=0x0000000000000000 r12=0x0000006547C0B430 r13=0x0000000000000000
  stack:
    +0x0 0x00007FFC16CAFFA8 (cp2077_trainer.dll+0xFFA8)
    +0x20 0x00007FF68226936E (Cyberpunk2077.exe+0x45936E)
    +0x30 0x00007FF68226936E (Cyberpunk2077.exe+0x45936E)
    +0x38 0x00007FF6848D22A0 (Cyberpunk2077.exe+0x2AC22A0)
    +0x40 0x00007FF6848D2298 (Cyberpunk2077.exe+0x2AC2298)
    +0x50 0x00007FF68492B038 (Cyberpunk2077.exe+0x2B1B038)
    +0x78 0x00007FF6848D2298 (Cyberpunk2077.exe+0x2AC2298)
    +0x88 0x00007FF68492B038 (Cyberpunk2077.exe+0x2B1B038)
    +0xA0 0x00007FF6848D22A0 (Cyberpunk2077.exe+0x2AC22A0)
    +0xA8 0x00007FF6848D2298 (Cyberpunk2077.exe+0x2AC2298)
    +0xB8 0x00007FF68492B038 (Cyberpunk2077.exe+0x2B1B038)
    +0xD8 0x00007FF6848D22A0 (Cyberpunk2077.exe+0x2AC22A0)
[FATAL][veh] 01:48:03.405 (utc_ft=0x01DD37D628904B87) pid=13248 tid=30224
  code=0xC0000005 EXCEPTION_ACCESS_VIOLATION
  at=0x00007FFC16CAD816 (cp2077_trainer.dll+0xD816)
  access=READ target=0x0000689200000032
  fault-in-trainer=YES
  rip=0x00007FFC16CAD816 rsp=0x0000008D38FFE868 rbp=0x4D402860BE84781A
  rax=0x00006891FFFF0002 rbx=0x0000689200000002 rcx=0x0000689200000002 rdx=0x00007FFFFFFDFFFF
  rsi=0x0000000000000072 rdi=0x000000000000001A r8=0x4D402860BE84781A r9=0x00007FFFFFFDFFFF
  r10=0x0000000000000000 r11=0x0000000000000000 r12=0x0000006547C0B430 r13=0x0000000000000000
  stack:
    +0x0 0x00007FFC16CAFFA8 (cp2077_trainer.dll+0xFFA8)
    +0x20 0x00007FF68226936E (Cyberpunk2077.exe+0x45936E)
    +0x30 0x00007FF68226936E (Cyberpunk2077.exe+0x45936E)
    +0x38 0x00007FF6848D22A0 (Cyberpunk2077.exe+0x2AC22A0)
    +0x40 0x00007FF6848D2298 (Cyberpunk2077.exe+0x2AC2298)
    +0x50 0x00007FF68492B038 (Cyberpunk2077.exe+0x2B1B038)
    +0x78 0x00007FF6848D2298 (Cyberpunk2077.exe+0x2AC2298)
    +0x88 0x00007FF68492B038 (Cyberpunk2077.exe+0x2B1B038)
    +0xA0 0x00007FF6848D22A0 (Cyberpunk2077.exe+0x2AC22A0)
    +0xA8 0x00007FF6848D2298 (Cyberpunk2077.exe+0x2AC2298)
    +0xB8 0x00007FF68492B038 (Cyberpunk2077.exe+0x2B1B038)
    +0xD8 0x00007FF6848D22A0 (Cyberpunk2077.exe+0x2AC22A0)
[FATAL][veh] 01:48:03.405 (utc_ft=0x01DD37D628904B87) pid=13248 tid=30224
  code=0xC0000005 EXCEPTION_ACCESS_VIOLATION
  at=0x00007FFC16CAD816 (cp2077_trainer.dll+0xD816)
  access=READ target=0x000000000010B1A8
  fault-in-trainer=YES
  rip=0x00007FFC16CAD816 rsp=0x0000008D38FFE868 rbp=0x4D402860BE84781A
  rax=0x00000000000FB178 rbx=0x000000000010B178 rcx=0x000000000010B178 rdx=0x00007FFFFFFDFFFF
  rsi=0x0000000000000072 rdi=0x000000000000001B r8=0x4D402860BE84781A r9=0x00007FFFFFFDFFFF
  r10=0x0000000000000000 r11=0x0000000000000000 r12=0x0000006547C0B430 r13=0x0000000000000000
  stack:
    +0x0 0x00007FFC16CAFFA8 (cp2077_trainer.dll+0xFFA8)
    +0x20 0x00007FF68226936E (Cyberpunk2077.exe+0x45936E)
    +0x30 0x00007FF68226936E (Cyberpunk2077.exe+0x45936E)
    +0x38 0x00007FF6848D22A0 (Cyberpunk2077.exe+0x2AC22A0)
    +0x40 0x00007FF6848D2298 (Cyberpunk2077.exe+0x2AC2298)
    +0x50 0x00007FF68492B038 (Cyberpunk2077.exe+0x2B1B038)
    +0x78 0x00007FF6848D2298 (Cyberpunk2077.exe+0x2AC2298)
    +0x88 0x00007FF68492B038 (Cyberpunk2077.exe+0x2B1B038)
    +0xA0 0x00007FF6848D22A0 (Cyberpunk2077.exe+0x2AC22A0)
    +0xA8 0x00007FF6848D2298 (Cyberpunk2077.exe+0x2AC2298)
    +0xB8 0x00007FF68492B038 (Cyberpunk2077.exe+0x2B1B038)
    +0xD8 0x00007FF6848D22A0 (Cyberpunk2077.exe+0x2AC22A0)
[FATAL][veh] 01:48:03.405 (utc_ft=0x01DD37D628904B87) pid=13248 tid=30224
  code=0xC0000005 EXCEPTION_ACCESS_VIOLATION
  at=0x00007FFC16CAD816 (cp2077_trainer.dll+0xD816)
  access=READ target=0x000000004350D78C
  fault-in-trainer=YES
  rip=0x00007FFC16CAD816 rsp=0x0000008D38FFE868 rbp=0x4D402860BE84781A
  rax=0x00000000434FD75C rbx=0x000000004350D75C rcx=0x000000004350D75C rdx=0x00007FFFFFFDFFFF
  rsi=0x0000000000000072 rdi=0x000000000000001E r8=0x4D402860BE84781A r9=0x00007FFFFFFDFFFF
  r10=0x0000000000000000 r11=0x0000000000000000 r12=0x0000006547C0B430 r13=0x0000000000000000
  stack:
    +0x0 0x00007FFC16CAFFA8 (cp2077_trainer.dll+0xFFA8)
    +0x20 0x00007FF68226936E (Cyberpunk2077.exe+0x45936E)
    +0x30 0x00007FF68226936E (Cyberpunk2077.exe+0x45936E)
    +0x38 0x00007FF6848D22A0 (Cyberpunk2077.exe+0x2AC22A0)
    +0x40 0x00007FF6848D2298 (Cyberpunk2077.exe+0x2AC2298)
    +0x50 0x00007FF68492B038 (Cyberpunk2077.exe+0x2B1B038)
    +0x78 0x00007FF6848D2298 (Cyberpunk2077.exe+0x2AC2298)
    +0x88 0x00007FF68492B038 (Cyberpunk2077.exe+0x2B1B038)
    +0xA0 0x00007FF6848D22A0 (Cyberpunk2077.exe+0x2AC22A0)
    +0xA8 0x00007FF6848D2298 (Cyberpunk2077.exe+0x2AC2298)
    +0xB8 0x00007FF68492B038 (Cyberpunk2077.exe+0x2B1B038)
    +0xD8 0x00007FF6848D22A0 (Cyberpunk2077.exe+0x2AC22A0)

============================================================
[SESSION] 2026-08-30 09:56:10.880 pid=30148 trainer=00007FFF37FE0000 range=0x00007FFF37FE0000-0x00007FFF381BE000
[SESSION] modules=191 (snapshotted at init; anything loaded later shows as a raw address)
  0x00007FF73DCA0000-0x00007FF742B9C000 Cyberpunk2077.exe
  0x00007FF8BC780000-0x00007FF8BC9E6000 ntdll.dll
  0x00007FF8BACA0000-0x00007FF8BAD69000 KERNEL32.DLL
  0x00007FF8B9BE0000-0x00007FF8B9FDF000 KERNELBASE.dll
  0x00007FF8BC110000-0x00007FF8BC2D6000 USER32.dll
  0x00007FF8B9A50000-0x00007FF8B9A77000 win32u.dll
  0x00007FF8BC710000-0x00007FF8BC73B000 GDI32.dll
  0x00007FF8BA1F0000-0x00007FF8BA319000 gdi32full.dll
  0x00007FF8BA080000-0x00007FF8BA123000 msvcp_win.dll
  0x00007FF8B9A80000-0x00007FF8B9BCC000 ucrtbase.dll
  0x00007FF8BB980000-0x00007FF8BC108000 SHELL32.dll
  0x00007FF8BB8F0000-0x00007FF8BB956000 SHLWAPI.dll
  0x00007FF8BAA90000-0x00007FF8BAB4C000 ADVAPI32.dll
  0x00007FF8BB7F0000-0x00007FF8BB899000 msvcrt.dll
  0x00007FF8BAF80000-0x00007FF8BB02A000 sechost.dll
  0x00007FF8BAB60000-0x00007FF8BAC78000 RPCRT4.dll
  0x00007FF8BA6E0000-0x00007FF8BA879000 ole32.dll
  0x00007FF8BC2E0000-0x00007FF8BC665000 combase.dll
  0x00007FF8BB280000-0x00007FF8BB707000 SETUPAPI.dll
  0x00007FF8BB1F0000-0x00007FF8BB272000 WS2_32.dll
  0x00007FF8BB710000-0x00007FF8BB7E9000 OLEAUT32.dll
  0x00007FFFF1A20000-0x00007FFFF1AA6000 sl.interposer.dll
  0x00007FF81E720000-0x00007FF81E779000 libxell.dll
  0x00007FFFA7D60000-0x00007FFFA7F43000 dbghelp.dll
  0x00007FFF8C5E0000-0x00007FFF8D389000 REDGalaxy64.dll
  0x00007FF86CB20000-0x00007FF86CB29000 XINPUT9_1_0.dll
  0x00007FF8BA320000-0x00007FF8BA49E000 CRYPT32.dll
  0x00007FF846200000-0x00007FF84621B000 redlexer_native.dll
  0x00007FFFF19A0000-0x00007FFFF1A1D000 bink2w64.dll
  0x00007FFF4CD90000-0x00007FFF4F90E000 libxess_fg.dll
  0x00007FFFF1910000-0x00007FFFF199F000 PhysX3CharacterKinematic_x64.dll
  0x00007FFFA7B60000-0x00007FFFA7D59000 PhysX3Common_x64.dll
  0x00007FFF48350000-0x00007FFF4CD86000 libxess.dll
  0x00007FFF92450000-0x00007FFF924F5000 PhysX3Cooking_x64.dll
  0x00007FFF923C0000-0x00007FFF9244C000 PxFoundation_x64.dll
  0x00007FFF92130000-0x00007FFF923B1000 PhysX3_x64.dll
  0x00007FFF8B980000-0x00007FFF8C5D2000 ffx_backend_dx12_x64.dll
  0x00007FF844E30000-0x00007FF844E5B000 ffx_fsr3_x64.dll
  0x00007FFF8E2F0000-0x00007FFF8E578000 icuin.dll
  0x00007FFFF18A0000-0x00007FFFF190B000 libcurl.dll
  0x00007FF8BC670000-0x00007FF8BC6E3000 WLDAP32.dll
  0x00007FF8BC700000-0x00007FF8BC708000 Normaliz.dll
  0x00007FF8B9630000-0x00007FF8B968E000 POWRPROF.dll
  0x00007FFF8B7A0000-0x00007FFF8B974000 icuuc.dll
  0x00007FFF8E200000-0x00007FFF8E2E4000 VERSION.dll
  0x00007FF843BC0000-0x00007FF843BFA000 WINMM.dll
  0x00007FFF8B660000-0x00007FFF8B793000 oo2ext_7_win64.dll
  0x00007FF8B7D20000-0x00007FF8B7D2F000 HID.DLL
  0x00007FF89F8E0000-0x00007FF89F97D000 MSVCP140.dll
  0x00007FF8A0890000-0x00007FF8A089C000 VCRUNTIME140_1.dll
  0x00007FF89E8F0000-0x00007FF89E91C000 VCRUNTIME140.dll
  0x00007FF8B6C50000-0x00007FF8B6D8A000 dxgi.dll
  0x00007FF8B9550000-0x00007FF8B95A2000 CFGMGR32.dll
  0x00007FF820940000-0x00007FF82096D000 amd_ags_x64.dll
  0x00007FF89F360000-0x00007FF89F5F5000 WININET.dll
  0x00007FF8B9880000-0x00007FF8B98AA000 bcrypt.dll
  0x00007FF8B8050000-0x00007FF8B8083000 IPHLPAPI.DLL
  0x00007FF8B8C20000-0x00007FF8B8C8C000 MSWSOCK.dll
  0x00007FF81FFA0000-0x00007FF81FFD3000 ffx_fsr3upscaler_x64.dll
  0x00007FF81E1F0000-0x00007FF81E21E000 ffx_frameinterpolation_x64.dll
  0x00007FF81E170000-0x00007FF81E1A0000 ffx_opticalflow_x64.dll
  0x00007FF81CA00000-0x00007FF81CA2C000 dbgcore.DLL
  0x000001DB47330000-0x000001DB47333000 icudt.dll
  0x00007FF8BA4B0000-0x00007FF8BA4E2000 IMM32.DLL
  0x00007FF8B9610000-0x00007FF8B9625000 UMPDC.dll
  0x00007FF8B7480000-0x00007FF8B7D1B000 windows.storage.dll
  0x00007FF8BB0F0000-0x00007FF8BB1E9000 SHCORE.dll
  0x00007FF8A87B0000-0x00007FF8A87E6000 winmm.dll
  0x00007FFF8B520000-0x00007FFF8B657000 RED4ext.dll
  0x00007FF8B2680000-0x00007FF8B268B000 VERSION.dll
  0x00007FFF70500000-0x00007FFF70C30000 cyber_engine_tweaks.asi
  0x00007FF8B4D70000-0x00007FF8B51EF000 D3DCOMPILER_47.dll
  0x00007FF8B8F10000-0x00007FF8B8F2B000 cryptsp.dll
  0x00007FF8461E0000-0x00007FF8461F6000 MSVCP140_ATOMIC_WAIT.dll
  0x00007FF8B8F30000-0x00007FF8B8F3C000 CRYPTBASE.DLL
  0x00007FF8B9990000-0x00007FF8B9A3C000 bcryptPrimitives.dll
  0x00007FF892510000-0x00007FF8926DA000 usvfs_x64.dll
  0x00007FF8B98B0000-0x00007FF8B98D9000 profapi.dll
  0x00007FF8B8670000-0x00007FF8B868B000 kernel.appcore.dll
  0x00007FFF8B470000-0x00007FFF8B518000 acu_rs.dll
  0x00007FFF8B270000-0x00007FFF8B462000 ArchiveXL.dll
  0x00007FFF70130000-0x00007FFF704FD000 audioware.dll
  0x00007FF8B6B20000-0x00007FF8B6BC8000 uxtheme.dll
  0x00007FF8BB030000-0x00007FF8BB0DE000 clbcatq.dll
  0x00007FF8B22F0000-0x00007FF8B2396000 MMDevApi.dll
  0x00007FF8B9510000-0x00007FF8B953F000 DEVOBJ.dll
  0x00007FF888750000-0x00007FF888907000 AUDIOSES.DLL
  0x00007FF8B7130000-0x00007FF8B7144000 resourcepolicyclient.dll
  0x00007FFF6FF40000-0x00007FFF70128000 Codeware.dll
  0x00007FF80CB20000-0x00007FF80CB63000 ContentTokenActivator.dll
  0x00007FF820920000-0x00007FF82093D000 DVRCFInput.dll
  0x00007FFF6FDE0000-0x00007FFF6FF33000 in_world_navigation.dll
  0x00007FFF6FC60000-0x00007FFF6FDD1000 input_loader.dll
  0x00007FF806170000-0x00007FF8061C2000 JRMEr4e.dll
  0x00007FFF6FB80000-0x00007FFF6FC5E000 mod_settings.dll
  0x00007FF81F560000-0x00007FF81F57A000 NamedSaves.dll
  0x00007FFF6FAB0000-0x00007FFF6FB76000 PhotoModeEx.dll
  0x00007FFFA7B10000-0x00007FFFA7B60000 PRMEr4e.dll
  0x00007FF812630000-0x00007FF812652000 RadioExt.dll
  0x00007FFF6F890000-0x00007FFF6FAA2000 fmod.dll
  0x00007FFF8B1F0000-0x00007FFF8B26C000 RedData.dll
  0x00007FFF6F630000-0x00007FFF6F6BB000 RedFileSystem.dll
  0x00007FFF6F4D0000-0x00007FFF6F62A000 RedHotTools.dll
  0x00007FFF6F3B0000-0x00007FFF6F4C9000 RedHttpClient.dll
  0x00007FFF6F230000-0x00007FFF6F3A3000 TweakXL.dll
  0x00007FF897580000-0x00007FF897598000 napinsp.dll
  0x00007FF8B80E0000-0x00007FF8B8238000 DNSAPI.dll
  0x00007FF8B8A00000-0x00007FF8B8A0D000 DSPARSE.dll
  0x00007FF8BAF70000-0x00007FF8BAF7A000 NSI.dll
  0x00007FF897560000-0x00007FF897573000 winrnr.dll
  0x00007FF897230000-0x00007FF897252000 nlansp_c.dll
  0x00007FF8B2240000-0x00007FF8B2256000 wshbth.dll
  0x00007FF8B1870000-0x00007FF8B18F6000 fwpuclnt.dll
  0x00007FF8A9E10000-0x00007FF8A9E1B000 rasadhlp.dll
  0x00007FF8B69F0000-0x00007FF8B69FD000 secur32.dll
  0x00007FF8B8920000-0x00007FF8B8969000 SSPICLI.DLL
  0x00007FF84F750000-0x00007FF84F75B000 GameServicesSteam.dll
  0x00007FFF6F1E0000-0x00007FFF6F22C000 steam_api64.dll
  0x00007FF8B2DC0000-0x00007FF8B2E2D000 netprofm.dll
  0x00007FF8AA680000-0x00007FF8AA699000 npmproxy.dll
  0x00007FFFCE6F0000-0x00007FFFD0054000 steamclient64.dll
  0x00007FF8BAA60000-0x00007FF8BAA80000 imagehlp.dll
  0x00007FF8BC6F0000-0x00007FF8BC6F8000 PSAPI.DLL
  0x00007FFFE15C0000-0x00007FFFE18CE000 tier0_s64.dll
  0x00007FFFE0E50000-0x00007FFFE0F13000 vstdlib_s64.dll
  0x00007FFF6F020000-0x00007FFF6F1D7000 gameoverlayrenderer64.dll
  0x00007FF8B21E0000-0x00007FF8B221B000 cryptnet.dll
  0x00007FF8B9FF0000-0x00007FF8BA073000 WINTRUST.DLL
  0x00007FF8B8F90000-0x00007FF8B8FA3000 MSASN1.dll
  0x00007FF8B85D0000-0x00007FF8B8609000 rsaenh.dll
  0x00007FF8B8CA0000-0x00007FF8B8CC5000 gpapi.dll
  0x00007FFF6EC80000-0x00007FFF6F01A000 GfnRuntimeSdk.dll
  0x00007FF898C80000-0x00007FF898E5B000 gdiplus.dll
  0x00007FF8B6C00000-0x00007FF8B6C45000 dxcore.dll
  0x00007FF8B4030000-0x00007FF8B408F000 directxdatabasehelper.dll
  0x00007FFF48160000-0x00007FFF4834A000 scc_lib.dll
  0x00007FFF6EC10000-0x00007FFF6EC7D000 CChromaEditorLibrary64.dll
  0x00007FFF47C00000-0x00007FFF4815C000 mfc140u.dll
  0x00007FF8988B0000-0x00007FF898965000 Comctl32.dll
  0x00007FF8B4970000-0x00007FF8B497E000 WINNSI.DLL
  0x00007FF8B1DB0000-0x00007FF8B1F2A000 drvstore.dll
  0x00007FF8B9010000-0x00007FF8B907A000 wldp.dll
  0x00007FF8A0F40000-0x00007FF8A0FC9000 nvapi64.dll
  0x00007FF8A08A0000-0x00007FF8A0E17000 nvapi64_impl.dll
  0x00007FFF6EB30000-0x00007FFF6EC0D000 190_E658703.dll
  0x00007FF86CCF0000-0x00007FF86CD13000 d3d12.dll
  0x00007FFF47A80000-0x00007FFF47BF3000 _nvngx.dll
  0x00007FF8B87A0000-0x00007FF8B87D6000 ntmarta.dll
  0x000001FD82D00000-0x000001FD857AE000 nvngx_dlss.dll
  0x00007FFF44870000-0x00007FFF44FCB000 nvngx_dlssg.dll
  0x00007FFF3BD90000-0x00007FFF409AA000 160_E658700.bin
  0x000001FD81E00000-0x000001FD81E5E000 190_E658703.dll
  0x00007FFF44720000-0x00007FFF44789000 190_E658703.dll
  0x00007FFF44680000-0x00007FFF44717000 190_E658703.dll
  0x00007FFF44800000-0x00007FFF4486D000 190_E658703.dll
  0x00007FFF44620000-0x00007FFF44678000 190_E658703.dll
  0x00007FFF444D0000-0x00007FFF44615000 GFSDK_Aftermath_Lib.x64.dll
  0x00007FF8A1130000-0x00007FF8A66D5000 nvwgf2umx.dll
  0x00007FF8082C0000-0x00007FF80861A000 D3D12Core.dll
  0x00007FF88EBC0000-0x00007FF88ED2D000 nvspcap64.dll
  0x00007FF8B26C0000-0x00007FF8B278A000 nvldumdx.dll
  0x00007FF8AA6A0000-0x00007FF8B04AE000 nvgpucomp64.dll
  0x00007FF89FA50000-0x00007FF89FDB4000 NvMessageBus.dll
  0x00007FF8A87F0000-0x00007FF8A892B000 NvMemMapStoragex.dll
  0x00007FF84A880000-0x00007FF84AFA7000 nvppex.dll
  0x00007FF820280000-0x00007FF82035F000 D3DSCache.dll
  0x00007FF8B8CD0000-0x00007FF8B8D02000 USERENV.dll
  0x00007FF84B5C0000-0x00007FF84D49F000 nvcuda64.dll
  0x00007FF895FB0000-0x00007FF89605F000 nvdxgdmal64.dll
  0x00007FF842A50000-0x00007FF843852000 nvobjectloader64.dll
  0x00007FFF41060000-0x00007FFF444C4000 nvrtum64.dll
  0x00007FF8976B0000-0x00007FF897B5B000 NvTelemetryAPI64.dll
  0x00007FF86F480000-0x00007FF86F4EB000 NvTelemetryBridge64.dll
  0x00007FFF40A00000-0x00007FFF41060000 amd_fidelityfx_dx12.DLL
  0x00007FF895C00000-0x00007FF895D59000 Windows.UI.dll
  0x00007FF8B6AC0000-0x00007FF8B6AE9000 Wtsapi32.dll
  0x00007FF896500000-0x00007FF89659C000 IMGSF50Filter_x64.dll
  0x00007FF870F60000-0x00007FF87106C000 Opengl32.dll
  0x00007FF8964B0000-0x00007FF8964DD000 GLU32.dll
  0x00007FF8B69B0000-0x00007FF8B69CB000 XInput1_4.dll
  0x00007FF8916A0000-0x00007FF891883000 inputhost.dll
  0x00007FF8B65F0000-0x00007FF8B671B000 CoreMessaging.dll
  0x00007FF8BAD70000-0x00007FF8BAECD000 MSCTF.dll
  0x00007FF8914F0000-0x00007FF891636000 textinputframework.dll
  0x00007FF8B5F80000-0x00007FF8B61A5000 dcomp.dll
  0x00007FF8B5200000-0x00007FF8B5219000 Microsoft.Internal.WarpPal.dll
  0x00007FF8B6DB0000-0x00007FF8B6DDF000 dwmapi.dll
  0x00007FF8B94A0000-0x00007FF8B9502000 WINSTA.dll
  0x00007FF8B2EB0000-0x00007FF8B3194000 CoreUIComponents.dll
  0x00007FF8B37C0000-0x00007FF8B392A000 wintypes.dll
  0x00007FFF37FE0000-0x00007FFF381BE000 cp2077_trainer.dll
[SESSION] closed cleanly at 10:32:01.681

============================================================
[SESSION] 2026-08-30 10:32:39.825 pid=30148 trainer=00007FF81DCD0000 range=0x00007FF81DCD0000-0x00007FF81DEAE000
[SESSION] modules=195 (snapshotted at init; anything loaded later shows as a raw address)
  0x00007FF73DCA0000-0x00007FF742B9C000 Cyberpunk2077.exe
  0x00007FF8BC780000-0x00007FF8BC9E6000 ntdll.dll
  0x00007FF8BACA0000-0x00007FF8BAD69000 KERNEL32.DLL
  0x00007FF8B9BE0000-0x00007FF8B9FDF000 KERNELBASE.dll
  0x00007FF8BC110000-0x00007FF8BC2D6000 USER32.dll
  0x00007FF8B9A50000-0x00007FF8B9A77000 win32u.dll
  0x00007FF8BC710000-0x00007FF8BC73B000 GDI32.dll
  0x00007FF8BA1F0000-0x00007FF8BA319000 gdi32full.dll
  0x00007FF8BA080000-0x00007FF8BA123000 msvcp_win.dll
  0x00007FF8B9A80000-0x00007FF8B9BCC000 ucrtbase.dll
  0x00007FF8BB980000-0x00007FF8BC108000 SHELL32.dll
  0x00007FF8BB8F0000-0x00007FF8BB956000 SHLWAPI.dll
  0x00007FF8BAA90000-0x00007FF8BAB4C000 ADVAPI32.dll
  0x00007FF8BB7F0000-0x00007FF8BB899000 msvcrt.dll
  0x00007FF8BAF80000-0x00007FF8BB02A000 sechost.dll
  0x00007FF8BAB60000-0x00007FF8BAC78000 RPCRT4.dll
  0x00007FF8BA6E0000-0x00007FF8BA879000 ole32.dll
  0x00007FF8BC2E0000-0x00007FF8BC665000 combase.dll
  0x00007FF8BB280000-0x00007FF8BB707000 SETUPAPI.dll
  0x00007FF8BB1F0000-0x00007FF8BB272000 WS2_32.dll
  0x00007FF8BB710000-0x00007FF8BB7E9000 OLEAUT32.dll
  0x00007FFFF1A20000-0x00007FFFF1AA6000 sl.interposer.dll
  0x00007FF81E720000-0x00007FF81E779000 libxell.dll
  0x00007FFFA7D60000-0x00007FFFA7F43000 dbghelp.dll
  0x00007FFF8C5E0000-0x00007FFF8D389000 REDGalaxy64.dll
  0x00007FF86CB20000-0x00007FF86CB29000 XINPUT9_1_0.dll
  0x00007FF8BA320000-0x00007FF8BA49E000 CRYPT32.dll
  0x00007FF846200000-0x00007FF84621B000 redlexer_native.dll
  0x00007FFFF19A0000-0x00007FFFF1A1D000 bink2w64.dll
  0x00007FFF4CD90000-0x00007FFF4F90E000 libxess_fg.dll
  0x00007FFFF1910000-0x00007FFFF199F000 PhysX3CharacterKinematic_x64.dll
  0x00007FFFA7B60000-0x00007FFFA7D59000 PhysX3Common_x64.dll
  0x00007FFF48350000-0x00007FFF4CD86000 libxess.dll
  0x00007FFF92450000-0x00007FFF924F5000 PhysX3Cooking_x64.dll
  0x00007FFF923C0000-0x00007FFF9244C000 PxFoundation_x64.dll
  0x00007FFF92130000-0x00007FFF923B1000 PhysX3_x64.dll
  0x00007FFF8B980000-0x00007FFF8C5D2000 ffx_backend_dx12_x64.dll
  0x00007FF844E30000-0x00007FF844E5B000 ffx_fsr3_x64.dll
  0x00007FFF8E2F0000-0x00007FFF8E578000 icuin.dll
  0x00007FFFF18A0000-0x00007FFFF190B000 libcurl.dll
  0x00007FF8BC670000-0x00007FF8BC6E3000 WLDAP32.dll
  0x00007FF8BC700000-0x00007FF8BC708000 Normaliz.dll
  0x00007FF8B9630000-0x00007FF8B968E000 POWRPROF.dll
  0x00007FFF8B7A0000-0x00007FFF8B974000 icuuc.dll
  0x00007FFF8E200000-0x00007FFF8E2E4000 VERSION.dll
  0x00007FF843BC0000-0x00007FF843BFA000 WINMM.dll
  0x00007FFF8B660000-0x00007FFF8B793000 oo2ext_7_win64.dll
  0x00007FF8B7D20000-0x00007FF8B7D2F000 HID.DLL
  0x00007FF89F8E0000-0x00007FF89F97D000 MSVCP140.dll
  0x00007FF8A0890000-0x00007FF8A089C000 VCRUNTIME140_1.dll
  0x00007FF89E8F0000-0x00007FF89E91C000 VCRUNTIME140.dll
  0x00007FF8B6C50000-0x00007FF8B6D8A000 dxgi.dll
  0x00007FF8B9550000-0x00007FF8B95A2000 CFGMGR32.dll
  0x00007FF820940000-0x00007FF82096D000 amd_ags_x64.dll
  0x00007FF89F360000-0x00007FF89F5F5000 WININET.dll
  0x00007FF8B9880000-0x00007FF8B98AA000 bcrypt.dll
  0x00007FF8B8050000-0x00007FF8B8083000 IPHLPAPI.DLL
  0x00007FF8B8C20000-0x00007FF8B8C8C000 MSWSOCK.dll
  0x00007FF81FFA0000-0x00007FF81FFD3000 ffx_fsr3upscaler_x64.dll
  0x00007FF81E1F0000-0x00007FF81E21E000 ffx_frameinterpolation_x64.dll
  0x00007FF81E170000-0x00007FF81E1A0000 ffx_opticalflow_x64.dll
  0x00007FF81CA00000-0x00007FF81CA2C000 dbgcore.DLL
  0x000001DB47330000-0x000001DB47333000 icudt.dll
  0x00007FF8BA4B0000-0x00007FF8BA4E2000 IMM32.DLL
  0x00007FF8B9610000-0x00007FF8B9625000 UMPDC.dll
  0x00007FF8B7480000-0x00007FF8B7D1B000 windows.storage.dll
  0x00007FF8BB0F0000-0x00007FF8BB1E9000 SHCORE.dll
  0x00007FF8A87B0000-0x00007FF8A87E6000 winmm.dll
  0x00007FFF8B520000-0x00007FFF8B657000 RED4ext.dll
  0x00007FF8B2680000-0x00007FF8B268B000 VERSION.dll
  0x00007FFF70500000-0x00007FFF70C30000 cyber_engine_tweaks.asi
  0x00007FF8B4D70000-0x00007FF8B51EF000 D3DCOMPILER_47.dll
  0x00007FF8B8F10000-0x00007FF8B8F2B000 cryptsp.dll
  0x00007FF8461E0000-0x00007FF8461F6000 MSVCP140_ATOMIC_WAIT.dll
  0x00007FF8B8F30000-0x00007FF8B8F3C000 CRYPTBASE.DLL
  0x00007FF8B9990000-0x00007FF8B9A3C000 bcryptPrimitives.dll
  0x00007FF892510000-0x00007FF8926DA000 usvfs_x64.dll
  0x00007FF8B98B0000-0x00007FF8B98D9000 profapi.dll
  0x00007FF8B8670000-0x00007FF8B868B000 kernel.appcore.dll
  0x00007FFF8B470000-0x00007FFF8B518000 acu_rs.dll
  0x00007FFF8B270000-0x00007FFF8B462000 ArchiveXL.dll
  0x00007FFF70130000-0x00007FFF704FD000 audioware.dll
  0x00007FF8B6B20000-0x00007FF8B6BC8000 uxtheme.dll
  0x00007FF8BB030000-0x00007FF8BB0DE000 clbcatq.dll
  0x00007FF8B22F0000-0x00007FF8B2396000 MMDevApi.dll
  0x00007FF8B9510000-0x00007FF8B953F000 DEVOBJ.dll
  0x00007FF888750000-0x00007FF888907000 AUDIOSES.DLL
  0x00007FF8B7130000-0x00007FF8B7144000 resourcepolicyclient.dll
  0x00007FFF6FF40000-0x00007FFF70128000 Codeware.dll
  0x00007FF80CB20000-0x00007FF80CB63000 ContentTokenActivator.dll
  0x00007FF820920000-0x00007FF82093D000 DVRCFInput.dll
  0x00007FFF6FDE0000-0x00007FFF6FF33000 in_world_navigation.dll
  0x00007FFF6FC60000-0x00007FFF6FDD1000 input_loader.dll
  0x00007FF806170000-0x00007FF8061C2000 JRMEr4e.dll
  0x00007FFF6FB80000-0x00007FFF6FC5E000 mod_settings.dll
  0x00007FF81F560000-0x00007FF81F57A000 NamedSaves.dll
  0x00007FFF6FAB0000-0x00007FFF6FB76000 PhotoModeEx.dll
  0x00007FFFA7B10000-0x00007FFFA7B60000 PRMEr4e.dll
  0x00007FF812630000-0x00007FF812652000 RadioExt.dll
  0x00007FFF6F890000-0x00007FFF6FAA2000 fmod.dll
  0x00007FFF8B1F0000-0x00007FFF8B26C000 RedData.dll
  0x00007FFF6F630000-0x00007FFF6F6BB000 RedFileSystem.dll
  0x00007FFF6F4D0000-0x00007FFF6F62A000 RedHotTools.dll
  0x00007FFF6F3B0000-0x00007FFF6F4C9000 RedHttpClient.dll
  0x00007FFF6F230000-0x00007FFF6F3A3000 TweakXL.dll
  0x00007FF897580000-0x00007FF897598000 napinsp.dll
  0x00007FF8B80E0000-0x00007FF8B8238000 DNSAPI.dll
  0x00007FF8B8A00000-0x00007FF8B8A0D000 DSPARSE.dll
  0x00007FF8BAF70000-0x00007FF8BAF7A000 NSI.dll
  0x00007FF897560000-0x00007FF897573000 winrnr.dll
  0x00007FF897230000-0x00007FF897252000 nlansp_c.dll
  0x00007FF8B2240000-0x00007FF8B2256000 wshbth.dll
  0x00007FF8B1870000-0x00007FF8B18F6000 fwpuclnt.dll
  0x00007FF8A9E10000-0x00007FF8A9E1B000 rasadhlp.dll
  0x00007FF8B69F0000-0x00007FF8B69FD000 secur32.dll
  0x00007FF8B8920000-0x00007FF8B8969000 SSPICLI.DLL
  0x00007FF84F750000-0x00007FF84F75B000 GameServicesSteam.dll
  0x00007FFF6F1E0000-0x00007FFF6F22C000 steam_api64.dll
  0x00007FF8B2DC0000-0x00007FF8B2E2D000 netprofm.dll
  0x00007FF8AA680000-0x00007FF8AA699000 npmproxy.dll
  0x00007FFFCE6F0000-0x00007FFFD0054000 steamclient64.dll
  0x00007FF8BAA60000-0x00007FF8BAA80000 imagehlp.dll
  0x00007FF8BC6F0000-0x00007FF8BC6F8000 PSAPI.DLL
  0x00007FFFE15C0000-0x00007FFFE18CE000 tier0_s64.dll
  0x00007FFFE0E50000-0x00007FFFE0F13000 vstdlib_s64.dll
  0x00007FFF6F020000-0x00007FFF6F1D7000 gameoverlayrenderer64.dll
  0x00007FF8B21E0000-0x00007FF8B221B000 cryptnet.dll
  0x00007FF8B9FF0000-0x00007FF8BA073000 WINTRUST.DLL
  0x00007FF8B8F90000-0x00007FF8B8FA3000 MSASN1.dll
  0x00007FF8B85D0000-0x00007FF8B8609000 rsaenh.dll
  0x00007FF8B8CA0000-0x00007FF8B8CC5000 gpapi.dll
  0x00007FFF6EC80000-0x00007FFF6F01A000 GfnRuntimeSdk.dll
  0x00007FF898C80000-0x00007FF898E5B000 gdiplus.dll
  0x00007FF8B6C00000-0x00007FF8B6C45000 dxcore.dll
  0x00007FF8B4030000-0x00007FF8B408F000 directxdatabasehelper.dll
  0x00007FFF48160000-0x00007FFF4834A000 scc_lib.dll
  0x00007FFF6EC10000-0x00007FFF6EC7D000 CChromaEditorLibrary64.dll
  0x00007FFF47C00000-0x00007FFF4815C000 mfc140u.dll
  0x00007FF8988B0000-0x00007FF898965000 Comctl32.dll
  0x00007FF8B4970000-0x00007FF8B497E000 WINNSI.DLL
  0x00007FF8B1DB0000-0x00007FF8B1F2A000 drvstore.dll
  0x00007FF8B9010000-0x00007FF8B907A000 wldp.dll
  0x00007FF8A0F40000-0x00007FF8A0FC9000 nvapi64.dll
  0x00007FF8A08A0000-0x00007FF8A0E17000 nvapi64_impl.dll
  0x00007FFF6EB30000-0x00007FFF6EC0D000 190_E658703.dll
  0x00007FF86CCF0000-0x00007FF86CD13000 d3d12.dll
  0x00007FFF47A80000-0x00007FFF47BF3000 _nvngx.dll
  0x00007FF8B87A0000-0x00007FF8B87D6000 ntmarta.dll
  0x000001FD82D00000-0x000001FD857AE000 nvngx_dlss.dll
  0x00007FFF44870000-0x00007FFF44FCB000 nvngx_dlssg.dll
  0x00007FFF3BD90000-0x00007FFF409AA000 160_E658700.bin
  0x000001FD81E00000-0x000001FD81E5E000 190_E658703.dll
  0x00007FFF44720000-0x00007FFF44789000 190_E658703.dll
  0x00007FFF44680000-0x00007FFF44717000 190_E658703.dll
  0x00007FFF44800000-0x00007FFF4486D000 190_E658703.dll
  0x00007FFF44620000-0x00007FFF44678000 190_E658703.dll
  0x00007FFF444D0000-0x00007FFF44615000 GFSDK_Aftermath_Lib.x64.dll
  0x00007FF8A1130000-0x00007FF8A66D5000 nvwgf2umx.dll
  0x00007FF8082C0000-0x00007FF80861A000 D3D12Core.dll
  0x00007FF88EBC0000-0x00007FF88ED2D000 nvspcap64.dll
  0x00007FF8B26C0000-0x00007FF8B278A000 nvldumdx.dll
  0x00007FF8AA6A0000-0x00007FF8B04AE000 nvgpucomp64.dll
  0x00007FF89FA50000-0x00007FF89FDB4000 NvMessageBus.dll
  0x00007FF8A87F0000-0x00007FF8A892B000 NvMemMapStoragex.dll
  0x00007FF84A880000-0x00007FF84AFA7000 nvppex.dll
  0x00007FF820280000-0x00007FF82035F000 D3DSCache.dll
  0x00007FF8B8CD0000-0x00007FF8B8D02000 USERENV.dll
  0x00007FF84B5C0000-0x00007FF84D49F000 nvcuda64.dll
  0x00007FF895FB0000-0x00007FF89605F000 nvdxgdmal64.dll
  0x00007FF842A50000-0x00007FF843852000 nvobjectloader64.dll
  0x00007FFF41060000-0x00007FFF444C4000 nvrtum64.dll
  0x00007FF8976B0000-0x00007FF897B5B000 NvTelemetryAPI64.dll
  0x00007FF86F480000-0x00007FF86F4EB000 NvTelemetryBridge64.dll
  0x00007FFF40A00000-0x00007FFF41060000 amd_fidelityfx_dx12.DLL
  0x00007FF895C00000-0x00007FF895D59000 Windows.UI.dll
  0x00007FF8B6AC0000-0x00007FF8B6AE9000 Wtsapi32.dll
  0x00007FF896500000-0x00007FF89659C000 IMGSF50Filter_x64.dll
  0x00007FF870F60000-0x00007FF87106C000 Opengl32.dll
  0x00007FF8964B0000-0x00007FF8964DD000 GLU32.dll
  0x00007FF8B69B0000-0x00007FF8B69CB000 XInput1_4.dll
  0x00007FF8916A0000-0x00007FF891883000 inputhost.dll
  0x00007FF8B65F0000-0x00007FF8B671B000 CoreMessaging.dll
  0x00007FF8BAD70000-0x00007FF8BAECD000 MSCTF.dll
  0x00007FF8914F0000-0x00007FF891636000 textinputframework.dll
  0x00007FF8B5F80000-0x00007FF8B61A5000 dcomp.dll
  0x00007FF8B5200000-0x00007FF8B5219000 Microsoft.Internal.WarpPal.dll
  0x00007FF8B6DB0000-0x00007FF8B6DDF000 dwmapi.dll
  0x00007FF8B94A0000-0x00007FF8B9502000 WINSTA.dll
  0x00007FF8B2EB0000-0x00007FF8B3194000 CoreUIComponents.dll
  0x00007FF8B37C0000-0x00007FF8B392A000 wintypes.dll
  0x00007FF8B84A0000-0x00007FF8B8565000 schannel.DLL
  0x00007FF8B9150000-0x00007FF8B9180000 ncrypt.dll
  0x00007FF8B9100000-0x00007FF8B913F000 NTASN1.dll
  0x00007FF899CD0000-0x00007FF899D18000 ncryptsslp.dll
  0x00007FF81DCD0000-0x00007FF81DEAE000 cp2077_trainer.dll
[SESSION] closed cleanly at 11:27:35.386

============================================================
[SESSION] 2026-08-30 11:28:08.408 pid=30148 trainer=00007FFF35300000 range=0x00007FFF35300000-0x00007FFF354E0000
[SESSION] modules=195 (snapshotted at init; anything loaded later shows as a raw address)
  0x00007FF73DCA0000-0x00007FF742B9C000 Cyberpunk2077.exe
  0x00007FF8BC780000-0x00007FF8BC9E6000 ntdll.dll
  0x00007FF8BACA0000-0x00007FF8BAD69000 KERNEL32.DLL
  0x00007FF8B9BE0000-0x00007FF8B9FDF000 KERNELBASE.dll
  0x00007FF8BC110000-0x00007FF8BC2D6000 USER32.dll
  0x00007FF8B9A50000-0x00007FF8B9A77000 win32u.dll
  0x00007FF8BC710000-0x00007FF8BC73B000 GDI32.dll
  0x00007FF8BA1F0000-0x00007FF8BA319000 gdi32full.dll
  0x00007FF8BA080000-0x00007FF8BA123000 msvcp_win.dll
  0x00007FF8B9A80000-0x00007FF8B9BCC000 ucrtbase.dll
  0x00007FF8BB980000-0x00007FF8BC108000 SHELL32.dll
  0x00007FF8BB8F0000-0x00007FF8BB956000 SHLWAPI.dll
  0x00007FF8BAA90000-0x00007FF8BAB4C000 ADVAPI32.dll
  0x00007FF8BB7F0000-0x00007FF8BB899000 msvcrt.dll
  0x00007FF8BAF80000-0x00007FF8BB02A000 sechost.dll
  0x00007FF8BAB60000-0x00007FF8BAC78000 RPCRT4.dll
  0x00007FF8BA6E0000-0x00007FF8BA879000 ole32.dll
  0x00007FF8BC2E0000-0x00007FF8BC665000 combase.dll
  0x00007FF8BB280000-0x00007FF8BB707000 SETUPAPI.dll
  0x00007FF8BB1F0000-0x00007FF8BB272000 WS2_32.dll
  0x00007FF8BB710000-0x00007FF8BB7E9000 OLEAUT32.dll
  0x00007FFFF1A20000-0x00007FFFF1AA6000 sl.interposer.dll
  0x00007FF81E720000-0x00007FF81E779000 libxell.dll
  0x00007FFFA7D60000-0x00007FFFA7F43000 dbghelp.dll
  0x00007FFF8C5E0000-0x00007FFF8D389000 REDGalaxy64.dll
  0x00007FF86CB20000-0x00007FF86CB29000 XINPUT9_1_0.dll
  0x00007FF8BA320000-0x00007FF8BA49E000 CRYPT32.dll
  0x00007FF846200000-0x00007FF84621B000 redlexer_native.dll
  0x00007FFFF19A0000-0x00007FFFF1A1D000 bink2w64.dll
  0x00007FFF4CD90000-0x00007FFF4F90E000 libxess_fg.dll
  0x00007FFFF1910000-0x00007FFFF199F000 PhysX3CharacterKinematic_x64.dll
  0x00007FFFA7B60000-0x00007FFFA7D59000 PhysX3Common_x64.dll
  0x00007FFF48350000-0x00007FFF4CD86000 libxess.dll
  0x00007FFF92450000-0x00007FFF924F5000 PhysX3Cooking_x64.dll
  0x00007FFF923C0000-0x00007FFF9244C000 PxFoundation_x64.dll
  0x00007FFF92130000-0x00007FFF923B1000 PhysX3_x64.dll
  0x00007FFF8B980000-0x00007FFF8C5D2000 ffx_backend_dx12_x64.dll
  0x00007FF844E30000-0x00007FF844E5B000 ffx_fsr3_x64.dll
  0x00007FFF8E2F0000-0x00007FFF8E578000 icuin.dll
  0x00007FFFF18A0000-0x00007FFFF190B000 libcurl.dll
  0x00007FF8BC670000-0x00007FF8BC6E3000 WLDAP32.dll
  0x00007FF8BC700000-0x00007FF8BC708000 Normaliz.dll
  0x00007FF8B9630000-0x00007FF8B968E000 POWRPROF.dll
  0x00007FFF8B7A0000-0x00007FFF8B974000 icuuc.dll
  0x00007FFF8E200000-0x00007FFF8E2E4000 VERSION.dll
  0x00007FF843BC0000-0x00007FF843BFA000 WINMM.dll
  0x00007FFF8B660000-0x00007FFF8B793000 oo2ext_7_win64.dll
  0x00007FF8B7D20000-0x00007FF8B7D2F000 HID.DLL
  0x00007FF89F8E0000-0x00007FF89F97D000 MSVCP140.dll
  0x00007FF8A0890000-0x00007FF8A089C000 VCRUNTIME140_1.dll
  0x00007FF89E8F0000-0x00007FF89E91C000 VCRUNTIME140.dll
  0x00007FF8B6C50000-0x00007FF8B6D8A000 dxgi.dll
  0x00007FF8B9550000-0x00007FF8B95A2000 CFGMGR32.dll
  0x00007FF820940000-0x00007FF82096D000 amd_ags_x64.dll
  0x00007FF89F360000-0x00007FF89F5F5000 WININET.dll
  0x00007FF8B9880000-0x00007FF8B98AA000 bcrypt.dll
  0x00007FF8B8050000-0x00007FF8B8083000 IPHLPAPI.DLL
  0x00007FF8B8C20000-0x00007FF8B8C8C000 MSWSOCK.dll
  0x00007FF81FFA0000-0x00007FF81FFD3000 ffx_fsr3upscaler_x64.dll
  0x00007FF81E1F0000-0x00007FF81E21E000 ffx_frameinterpolation_x64.dll
  0x00007FF81E170000-0x00007FF81E1A0000 ffx_opticalflow_x64.dll
  0x00007FF81CA00000-0x00007FF81CA2C000 dbgcore.DLL
  0x000001DB47330000-0x000001DB47333000 icudt.dll
  0x00007FF8BA4B0000-0x00007FF8BA4E2000 IMM32.DLL
  0x00007FF8B9610000-0x00007FF8B9625000 UMPDC.dll
  0x00007FF8B7480000-0x00007FF8B7D1B000 windows.storage.dll
  0x00007FF8BB0F0000-0x00007FF8BB1E9000 SHCORE.dll
  0x00007FF8A87B0000-0x00007FF8A87E6000 winmm.dll
  0x00007FFF8B520000-0x00007FFF8B657000 RED4ext.dll
  0x00007FF8B2680000-0x00007FF8B268B000 VERSION.dll
  0x00007FFF70500000-0x00007FFF70C30000 cyber_engine_tweaks.asi
  0x00007FF8B4D70000-0x00007FF8B51EF000 D3DCOMPILER_47.dll
  0x00007FF8B8F10000-0x00007FF8B8F2B000 cryptsp.dll
  0x00007FF8461E0000-0x00007FF8461F6000 MSVCP140_ATOMIC_WAIT.dll
  0x00007FF8B8F30000-0x00007FF8B8F3C000 CRYPTBASE.DLL
  0x00007FF8B9990000-0x00007FF8B9A3C000 bcryptPrimitives.dll
  0x00007FF892510000-0x00007FF8926DA000 usvfs_x64.dll
  0x00007FF8B98B0000-0x00007FF8B98D9000 profapi.dll
  0x00007FF8B8670000-0x00007FF8B868B000 kernel.appcore.dll
  0x00007FFF8B470000-0x00007FFF8B518000 acu_rs.dll
  0x00007FFF8B270000-0x00007FFF8B462000 ArchiveXL.dll
  0x00007FFF70130000-0x00007FFF704FD000 audioware.dll
  0x00007FF8B6B20000-0x00007FF8B6BC8000 uxtheme.dll
  0x00007FF8BB030000-0x00007FF8BB0DE000 clbcatq.dll
  0x00007FF8B22F0000-0x00007FF8B2396000 MMDevApi.dll
  0x00007FF8B9510000-0x00007FF8B953F000 DEVOBJ.dll
  0x00007FF888750000-0x00007FF888907000 AUDIOSES.DLL
  0x00007FF8B7130000-0x00007FF8B7144000 resourcepolicyclient.dll
  0x00007FFF6FF40000-0x00007FFF70128000 Codeware.dll
  0x00007FF80CB20000-0x00007FF80CB63000 ContentTokenActivator.dll
  0x00007FF820920000-0x00007FF82093D000 DVRCFInput.dll
  0x00007FFF6FDE0000-0x00007FFF6FF33000 in_world_navigation.dll
  0x00007FFF6FC60000-0x00007FFF6FDD1000 input_loader.dll
  0x00007FF806170000-0x00007FF8061C2000 JRMEr4e.dll
  0x00007FFF6FB80000-0x00007FFF6FC5E000 mod_settings.dll
  0x00007FF81F560000-0x00007FF81F57A000 NamedSaves.dll
  0x00007FFF6FAB0000-0x00007FFF6FB76000 PhotoModeEx.dll
  0x00007FFFA7B10000-0x00007FFFA7B60000 PRMEr4e.dll
  0x00007FF812630000-0x00007FF812652000 RadioExt.dll
  0x00007FFF6F890000-0x00007FFF6FAA2000 fmod.dll
  0x00007FFF8B1F0000-0x00007FFF8B26C000 RedData.dll
  0x00007FFF6F630000-0x00007FFF6F6BB000 RedFileSystem.dll
  0x00007FFF6F4D0000-0x00007FFF6F62A000 RedHotTools.dll
  0x00007FFF6F3B0000-0x00007FFF6F4C9000 RedHttpClient.dll
  0x00007FFF6F230000-0x00007FFF6F3A3000 TweakXL.dll
  0x00007FF897580000-0x00007FF897598000 napinsp.dll
  0x00007FF8B80E0000-0x00007FF8B8238000 DNSAPI.dll
  0x00007FF8B8A00000-0x00007FF8B8A0D000 DSPARSE.dll
  0x00007FF8BAF70000-0x00007FF8BAF7A000 NSI.dll
  0x00007FF897560000-0x00007FF897573000 winrnr.dll
  0x00007FF897230000-0x00007FF897252000 nlansp_c.dll
  0x00007FF8B2240000-0x00007FF8B2256000 wshbth.dll
  0x00007FF8B1870000-0x00007FF8B18F6000 fwpuclnt.dll
  0x00007FF8A9E10000-0x00007FF8A9E1B000 rasadhlp.dll
  0x00007FF8B69F0000-0x00007FF8B69FD000 secur32.dll
  0x00007FF8B8920000-0x00007FF8B8969000 SSPICLI.DLL
  0x00007FF84F750000-0x00007FF84F75B000 GameServicesSteam.dll
  0x00007FFF6F1E0000-0x00007FFF6F22C000 steam_api64.dll
  0x00007FF8B2DC0000-0x00007FF8B2E2D000 netprofm.dll
  0x00007FF8AA680000-0x00007FF8AA699000 npmproxy.dll
  0x00007FFFCE6F0000-0x00007FFFD0054000 steamclient64.dll
  0x00007FF8BAA60000-0x00007FF8BAA80000 imagehlp.dll
  0x00007FF8BC6F0000-0x00007FF8BC6F8000 PSAPI.DLL
  0x00007FFFE15C0000-0x00007FFFE18CE000 tier0_s64.dll
  0x00007FFFE0E50000-0x00007FFFE0F13000 vstdlib_s64.dll
  0x00007FFF6F020000-0x00007FFF6F1D7000 gameoverlayrenderer64.dll
  0x00007FF8B21E0000-0x00007FF8B221B000 cryptnet.dll
  0x00007FF8B9FF0000-0x00007FF8BA073000 WINTRUST.DLL
  0x00007FF8B8F90000-0x00007FF8B8FA3000 MSASN1.dll
  0x00007FF8B85D0000-0x00007FF8B8609000 rsaenh.dll
  0x00007FF8B8CA0000-0x00007FF8B8CC5000 gpapi.dll
  0x00007FFF6EC80000-0x00007FFF6F01A000 GfnRuntimeSdk.dll
  0x00007FF898C80000-0x00007FF898E5B000 gdiplus.dll
  0x00007FF8B6C00000-0x00007FF8B6C45000 dxcore.dll
  0x00007FF8B4030000-0x00007FF8B408F000 directxdatabasehelper.dll
  0x00007FFF48160000-0x00007FFF4834A000 scc_lib.dll
  0x00007FFF6EC10000-0x00007FFF6EC7D000 CChromaEditorLibrary64.dll
  0x00007FFF47C00000-0x00007FFF4815C000 mfc140u.dll
  0x00007FF8988B0000-0x00007FF898965000 Comctl32.dll
  0x00007FF8B4970000-0x00007FF8B497E000 WINNSI.DLL
  0x00007FF8B1DB0000-0x00007FF8B1F2A000 drvstore.dll
  0x00007FF8B9010000-0x00007FF8B907A000 wldp.dll
  0x00007FF8A0F40000-0x00007FF8A0FC9000 nvapi64.dll
  0x00007FF8A08A0000-0x00007FF8A0E17000 nvapi64_impl.dll
  0x00007FFF6EB30000-0x00007FFF6EC0D000 190_E658703.dll
  0x00007FF86CCF0000-0x00007FF86CD13000 d3d12.dll
  0x00007FFF47A80000-0x00007FFF47BF3000 _nvngx.dll
  0x00007FF8B87A0000-0x00007FF8B87D6000 ntmarta.dll
  0x000001FD82D00000-0x000001FD857AE000 nvngx_dlss.dll
  0x00007FFF44870000-0x00007FFF44FCB000 nvngx_dlssg.dll
  0x00007FFF3BD90000-0x00007FFF409AA000 160_E658700.bin
  0x000001FD81E00000-0x000001FD81E5E000 190_E658703.dll
  0x00007FFF44720000-0x00007FFF44789000 190_E658703.dll
  0x00007FFF44680000-0x00007FFF44717000 190_E658703.dll
  0x00007FFF44800000-0x00007FFF4486D000 190_E658703.dll
  0x00007FFF44620000-0x00007FFF44678000 190_E658703.dll
  0x00007FFF444D0000-0x00007FFF44615000 GFSDK_Aftermath_Lib.x64.dll
  0x00007FF8A1130000-0x00007FF8A66D5000 nvwgf2umx.dll
  0x00007FF8082C0000-0x00007FF80861A000 D3D12Core.dll
  0x00007FF88EBC0000-0x00007FF88ED2D000 nvspcap64.dll
  0x00007FF8B26C0000-0x00007FF8B278A000 nvldumdx.dll
  0x00007FF8AA6A0000-0x00007FF8B04AE000 nvgpucomp64.dll
  0x00007FF89FA50000-0x00007FF89FDB4000 NvMessageBus.dll
  0x00007FF8A87F0000-0x00007FF8A892B000 NvMemMapStoragex.dll
  0x00007FF84A880000-0x00007FF84AFA7000 nvppex.dll
  0x00007FF820280000-0x00007FF82035F000 D3DSCache.dll
  0x00007FF8B8CD0000-0x00007FF8B8D02000 USERENV.dll
  0x00007FF84B5C0000-0x00007FF84D49F000 nvcuda64.dll
  0x00007FF895FB0000-0x00007FF89605F000 nvdxgdmal64.dll
  0x00007FF842A50000-0x00007FF843852000 nvobjectloader64.dll
  0x00007FFF41060000-0x00007FFF444C4000 nvrtum64.dll
  0x00007FF8976B0000-0x00007FF897B5B000 NvTelemetryAPI64.dll
  0x00007FF86F480000-0x00007FF86F4EB000 NvTelemetryBridge64.dll
  0x00007FFF40A00000-0x00007FFF41060000 amd_fidelityfx_dx12.DLL
  0x00007FF895C00000-0x00007FF895D59000 Windows.UI.dll
  0x00007FF8B6AC0000-0x00007FF8B6AE9000 Wtsapi32.dll
  0x00007FF896500000-0x00007FF89659C000 IMGSF50Filter_x64.dll
  0x00007FF870F60000-0x00007FF87106C000 Opengl32.dll
  0x00007FF8964B0000-0x00007FF8964DD000 GLU32.dll
  0x00007FF8B69B0000-0x00007FF8B69CB000 XInput1_4.dll
  0x00007FF8916A0000-0x00007FF891883000 inputhost.dll
  0x00007FF8B65F0000-0x00007FF8B671B000 CoreMessaging.dll
  0x00007FF8BAD70000-0x00007FF8BAECD000 MSCTF.dll
  0x00007FF8914F0000-0x00007FF891636000 textinputframework.dll
  0x00007FF8B5F80000-0x00007FF8B61A5000 dcomp.dll
  0x00007FF8B5200000-0x00007FF8B5219000 Microsoft.Internal.WarpPal.dll
  0x00007FF8B6DB0000-0x00007FF8B6DDF000 dwmapi.dll
  0x00007FF8B94A0000-0x00007FF8B9502000 WINSTA.dll
  0x00007FF8B2EB0000-0x00007FF8B3194000 CoreUIComponents.dll
  0x00007FF8B37C0000-0x00007FF8B392A000 wintypes.dll
  0x00007FF8B84A0000-0x00007FF8B8565000 schannel.DLL
  0x00007FF8B9150000-0x00007FF8B9180000 ncrypt.dll
  0x00007FF8B9100000-0x00007FF8B913F000 NTASN1.dll
  0x00007FF899CD0000-0x00007FF899D18000 ncryptsslp.dll
  0x00007FFF35300000-0x00007FFF354E0000 cp2077_trainer.dll
[SESSION] closed cleanly at 11:31:40.264

============================================================
[SESSION] 2026-08-30 11:31:58.047 pid=30148 trainer=00007FFFF4B30000 range=0x00007FFFF4B30000-0x00007FFFF4D11000
[SESSION] modules=195 (snapshotted at init; anything loaded later shows as a raw address)
  0x00007FF73DCA0000-0x00007FF742B9C000 Cyberpunk2077.exe
  0x00007FF8BC780000-0x00007FF8BC9E6000 ntdll.dll
  0x00007FF8BACA0000-0x00007FF8BAD69000 KERNEL32.DLL
  0x00007FF8B9BE0000-0x00007FF8B9FDF000 KERNELBASE.dll
  0x00007FF8BC110000-0x00007FF8BC2D6000 USER32.dll
  0x00007FF8B9A50000-0x00007FF8B9A77000 win32u.dll
  0x00007FF8BC710000-0x00007FF8BC73B000 GDI32.dll
  0x00007FF8BA1F0000-0x00007FF8BA319000 gdi32full.dll
  0x00007FF8BA080000-0x00007FF8BA123000 msvcp_win.dll
  0x00007FF8B9A80000-0x00007FF8B9BCC000 ucrtbase.dll
  0x00007FF8BB980000-0x00007FF8BC108000 SHELL32.dll
  0x00007FF8BB8F0000-0x00007FF8BB956000 SHLWAPI.dll
  0x00007FF8BAA90000-0x00007FF8BAB4C000 ADVAPI32.dll
  0x00007FF8BB7F0000-0x00007FF8BB899000 msvcrt.dll
  0x00007FF8BAF80000-0x00007FF8BB02A000 sechost.dll
  0x00007FF8BAB60000-0x00007FF8BAC78000 RPCRT4.dll
  0x00007FF8BA6E0000-0x00007FF8BA879000 ole32.dll
  0x00007FF8BC2E0000-0x00007FF8BC665000 combase.dll
  0x00007FF8BB280000-0x00007FF8BB707000 SETUPAPI.dll
  0x00007FF8BB1F0000-0x00007FF8BB272000 WS2_32.dll
  0x00007FF8BB710000-0x00007FF8BB7E9000 OLEAUT32.dll
  0x00007FFFF1A20000-0x00007FFFF1AA6000 sl.interposer.dll
  0x00007FF81E720000-0x00007FF81E779000 libxell.dll
  0x00007FFFA7D60000-0x00007FFFA7F43000 dbghelp.dll
  0x00007FFF8C5E0000-0x00007FFF8D389000 REDGalaxy64.dll
  0x00007FF86CB20000-0x00007FF86CB29000 XINPUT9_1_0.dll
  0x00007FF8BA320000-0x00007FF8BA49E000 CRYPT32.dll
  0x00007FF846200000-0x00007FF84621B000 redlexer_native.dll
  0x00007FFFF19A0000-0x00007FFFF1A1D000 bink2w64.dll
  0x00007FFF4CD90000-0x00007FFF4F90E000 libxess_fg.dll
  0x00007FFFF1910000-0x00007FFFF199F000 PhysX3CharacterKinematic_x64.dll
  0x00007FFFA7B60000-0x00007FFFA7D59000 PhysX3Common_x64.dll
  0x00007FFF48350000-0x00007FFF4CD86000 libxess.dll
  0x00007FFF92450000-0x00007FFF924F5000 PhysX3Cooking_x64.dll
  0x00007FFF923C0000-0x00007FFF9244C000 PxFoundation_x64.dll
  0x00007FFF92130000-0x00007FFF923B1000 PhysX3_x64.dll
  0x00007FFF8B980000-0x00007FFF8C5D2000 ffx_backend_dx12_x64.dll
  0x00007FF844E30000-0x00007FF844E5B000 ffx_fsr3_x64.dll
  0x00007FFF8E2F0000-0x00007FFF8E578000 icuin.dll
  0x00007FFFF18A0000-0x00007FFFF190B000 libcurl.dll
  0x00007FF8BC670000-0x00007FF8BC6E3000 WLDAP32.dll
  0x00007FF8BC700000-0x00007FF8BC708000 Normaliz.dll
  0x00007FF8B9630000-0x00007FF8B968E000 POWRPROF.dll
  0x00007FFF8B7A0000-0x00007FFF8B974000 icuuc.dll
  0x00007FFF8E200000-0x00007FFF8E2E4000 VERSION.dll
  0x00007FF843BC0000-0x00007FF843BFA000 WINMM.dll
  0x00007FFF8B660000-0x00007FFF8B793000 oo2ext_7_win64.dll
  0x00007FF8B7D20000-0x00007FF8B7D2F000 HID.DLL
  0x00007FF89F8E0000-0x00007FF89F97D000 MSVCP140.dll
  0x00007FF8A0890000-0x00007FF8A089C000 VCRUNTIME140_1.dll
  0x00007FF89E8F0000-0x00007FF89E91C000 VCRUNTIME140.dll
  0x00007FF8B6C50000-0x00007FF8B6D8A000 dxgi.dll
  0x00007FF8B9550000-0x00007FF8B95A2000 CFGMGR32.dll
  0x00007FF820940000-0x00007FF82096D000 amd_ags_x64.dll
  0x00007FF89F360000-0x00007FF89F5F5000 WININET.dll
  0x00007FF8B9880000-0x00007FF8B98AA000 bcrypt.dll
  0x00007FF8B8050000-0x00007FF8B8083000 IPHLPAPI.DLL
  0x00007FF8B8C20000-0x00007FF8B8C8C000 MSWSOCK.dll
  0x00007FF81FFA0000-0x00007FF81FFD3000 ffx_fsr3upscaler_x64.dll
  0x00007FF81E1F0000-0x00007FF81E21E000 ffx_frameinterpolation_x64.dll
  0x00007FF81E170000-0x00007FF81E1A0000 ffx_opticalflow_x64.dll
  0x00007FF81CA00000-0x00007FF81CA2C000 dbgcore.DLL
  0x000001DB47330000-0x000001DB47333000 icudt.dll
  0x00007FF8BA4B0000-0x00007FF8BA4E2000 IMM32.DLL
  0x00007FF8B9610000-0x00007FF8B9625000 UMPDC.dll
  0x00007FF8B7480000-0x00007FF8B7D1B000 windows.storage.dll
  0x00007FF8BB0F0000-0x00007FF8BB1E9000 SHCORE.dll
  0x00007FF8A87B0000-0x00007FF8A87E6000 winmm.dll
  0x00007FFF8B520000-0x00007FFF8B657000 RED4ext.dll
  0x00007FF8B2680000-0x00007FF8B268B000 VERSION.dll
  0x00007FFF70500000-0x00007FFF70C30000 cyber_engine_tweaks.asi
  0x00007FF8B4D70000-0x00007FF8B51EF000 D3DCOMPILER_47.dll
  0x00007FF8B8F10000-0x00007FF8B8F2B000 cryptsp.dll
  0x00007FF8461E0000-0x00007FF8461F6000 MSVCP140_ATOMIC_WAIT.dll
  0x00007FF8B8F30000-0x00007FF8B8F3C000 CRYPTBASE.DLL
  0x00007FF8B9990000-0x00007FF8B9A3C000 bcryptPrimitives.dll
  0x00007FF892510000-0x00007FF8926DA000 usvfs_x64.dll
  0x00007FF8B98B0000-0x00007FF8B98D9000 profapi.dll
  0x00007FF8B8670000-0x00007FF8B868B000 kernel.appcore.dll
  0x00007FFF8B470000-0x00007FFF8B518000 acu_rs.dll
  0x00007FFF8B270000-0x00007FFF8B462000 ArchiveXL.dll
  0x00007FFF70130000-0x00007FFF704FD000 audioware.dll
  0x00007FF8B6B20000-0x00007FF8B6BC8000 uxtheme.dll
  0x00007FF8BB030000-0x00007FF8BB0DE000 clbcatq.dll
  0x00007FF8B22F0000-0x00007FF8B2396000 MMDevApi.dll
  0x00007FF8B9510000-0x00007FF8B953F000 DEVOBJ.dll
  0x00007FF888750000-0x00007FF888907000 AUDIOSES.DLL
  0x00007FF8B7130000-0x00007FF8B7144000 resourcepolicyclient.dll
  0x00007FFF6FF40000-0x00007FFF70128000 Codeware.dll
  0x00007FF80CB20000-0x00007FF80CB63000 ContentTokenActivator.dll
  0x00007FF820920000-0x00007FF82093D000 DVRCFInput.dll
  0x00007FFF6FDE0000-0x00007FFF6FF33000 in_world_navigation.dll
  0x00007FFF6FC60000-0x00007FFF6FDD1000 input_loader.dll
  0x00007FF806170000-0x00007FF8061C2000 JRMEr4e.dll
  0x00007FFF6FB80000-0x00007FFF6FC5E000 mod_settings.dll
  0x00007FF81F560000-0x00007FF81F57A000 NamedSaves.dll
  0x00007FFF6FAB0000-0x00007FFF6FB76000 PhotoModeEx.dll
  0x00007FFFA7B10000-0x00007FFFA7B60000 PRMEr4e.dll
  0x00007FF812630000-0x00007FF812652000 RadioExt.dll
  0x00007FFF6F890000-0x00007FFF6FAA2000 fmod.dll
  0x00007FFF8B1F0000-0x00007FFF8B26C000 RedData.dll
  0x00007FFF6F630000-0x00007FFF6F6BB000 RedFileSystem.dll
  0x00007FFF6F4D0000-0x00007FFF6F62A000 RedHotTools.dll
  0x00007FFF6F3B0000-0x00007FFF6F4C9000 RedHttpClient.dll
  0x00007FFF6F230000-0x00007FFF6F3A3000 TweakXL.dll
  0x00007FF897580000-0x00007FF897598000 napinsp.dll
  0x00007FF8B80E0000-0x00007FF8B8238000 DNSAPI.dll
  0x00007FF8B8A00000-0x00007FF8B8A0D000 DSPARSE.dll
  0x00007FF8BAF70000-0x00007FF8BAF7A000 NSI.dll
  0x00007FF897560000-0x00007FF897573000 winrnr.dll
  0x00007FF897230000-0x00007FF897252000 nlansp_c.dll
  0x00007FF8B2240000-0x00007FF8B2256000 wshbth.dll
  0x00007FF8B1870000-0x00007FF8B18F6000 fwpuclnt.dll
  0x00007FF8A9E10000-0x00007FF8A9E1B000 rasadhlp.dll
  0x00007FF8B69F0000-0x00007FF8B69FD000 secur32.dll
  0x00007FF8B8920000-0x00007FF8B8969000 SSPICLI.DLL
  0x00007FF84F750000-0x00007FF84F75B000 GameServicesSteam.dll
  0x00007FFF6F1E0000-0x00007FFF6F22C000 steam_api64.dll
  0x00007FF8B2DC0000-0x00007FF8B2E2D000 netprofm.dll
  0x00007FF8AA680000-0x00007FF8AA699000 npmproxy.dll
  0x00007FFFCE6F0000-0x00007FFFD0054000 steamclient64.dll
  0x00007FF8BAA60000-0x00007FF8BAA80000 imagehlp.dll
  0x00007FF8BC6F0000-0x00007FF8BC6F8000 PSAPI.DLL
  0x00007FFFE15C0000-0x00007FFFE18CE000 tier0_s64.dll
  0x00007FFFE0E50000-0x00007FFFE0F13000 vstdlib_s64.dll
  0x00007FFF6F020000-0x00007FFF6F1D7000 gameoverlayrenderer64.dll
  0x00007FF8B21E0000-0x00007FF8B221B000 cryptnet.dll
  0x00007FF8B9FF0000-0x00007FF8BA073000 WINTRUST.DLL
  0x00007FF8B8F90000-0x00007FF8B8FA3000 MSASN1.dll
  0x00007FF8B85D0000-0x00007FF8B8609000 rsaenh.dll
  0x00007FF8B8CA0000-0x00007FF8B8CC5000 gpapi.dll
  0x00007FFF6EC80000-0x00007FFF6F01A000 GfnRuntimeSdk.dll
  0x00007FF898C80000-0x00007FF898E5B000 gdiplus.dll
  0x00007FF8B6C00000-0x00007FF8B6C45000 dxcore.dll
  0x00007FF8B4030000-0x00007FF8B408F000 directxdatabasehelper.dll
  0x00007FFF48160000-0x00007FFF4834A000 scc_lib.dll
  0x00007FFF6EC10000-0x00007FFF6EC7D000 CChromaEditorLibrary64.dll
  0x00007FFF47C00000-0x00007FFF4815C000 mfc140u.dll
  0x00007FF8988B0000-0x00007FF898965000 Comctl32.dll
  0x00007FF8B4970000-0x00007FF8B497E000 WINNSI.DLL
  0x00007FF8B1DB0000-0x00007FF8B1F2A000 drvstore.dll
  0x00007FF8B9010000-0x00007FF8B907A000 wldp.dll
  0x00007FF8A0F40000-0x00007FF8A0FC9000 nvapi64.dll
  0x00007FF8A08A0000-0x00007FF8A0E17000 nvapi64_impl.dll
  0x00007FFF6EB30000-0x00007FFF6EC0D000 190_E658703.dll
  0x00007FF86CCF0000-0x00007FF86CD13000 d3d12.dll
  0x00007FFF47A80000-0x00007FFF47BF3000 _nvngx.dll
  0x00007FF8B87A0000-0x00007FF8B87D6000 ntmarta.dll
  0x000001FD82D00000-0x000001FD857AE000 nvngx_dlss.dll
  0x00007FFF44870000-0x00007FFF44FCB000 nvngx_dlssg.dll
  0x00007FFF3BD90000-0x00007FFF409AA000 160_E658700.bin
  0x000001FD81E00000-0x000001FD81E5E000 190_E658703.dll
  0x00007FFF44720000-0x00007FFF44789000 190_E658703.dll
  0x00007FFF44680000-0x00007FFF44717000 190_E658703.dll
  0x00007FFF44800000-0x00007FFF4486D000 190_E658703.dll
  0x00007FFF44620000-0x00007FFF44678000 190_E658703.dll
  0x00007FFF444D0000-0x00007FFF44615000 GFSDK_Aftermath_Lib.x64.dll
  0x00007FF8A1130000-0x00007FF8A66D5000 nvwgf2umx.dll
  0x00007FF8082C0000-0x00007FF80861A000 D3D12Core.dll
  0x00007FF88EBC0000-0x00007FF88ED2D000 nvspcap64.dll
  0x00007FF8B26C0000-0x00007FF8B278A000 nvldumdx.dll
  0x00007FF8AA6A0000-0x00007FF8B04AE000 nvgpucomp64.dll
  0x00007FF89FA50000-0x00007FF89FDB4000 NvMessageBus.dll
  0x00007FF8A87F0000-0x00007FF8A892B000 NvMemMapStoragex.dll
  0x00007FF84A880000-0x00007FF84AFA7000 nvppex.dll
  0x00007FF820280000-0x00007FF82035F000 D3DSCache.dll
  0x00007FF8B8CD0000-0x00007FF8B8D02000 USERENV.dll
  0x00007FF84B5C0000-0x00007FF84D49F000 nvcuda64.dll
  0x00007FF895FB0000-0x00007FF89605F000 nvdxgdmal64.dll
  0x00007FF842A50000-0x00007FF843852000 nvobjectloader64.dll
  0x00007FFF41060000-0x00007FFF444C4000 nvrtum64.dll
  0x00007FF8976B0000-0x00007FF897B5B000 NvTelemetryAPI64.dll
  0x00007FF86F480000-0x00007FF86F4EB000 NvTelemetryBridge64.dll
  0x00007FFF40A00000-0x00007FFF41060000 amd_fidelityfx_dx12.DLL
  0x00007FF895C00000-0x00007FF895D59000 Windows.UI.dll
  0x00007FF8B6AC0000-0x00007FF8B6AE9000 Wtsapi32.dll
  0x00007FF896500000-0x00007FF89659C000 IMGSF50Filter_x64.dll
  0x00007FF870F60000-0x00007FF87106C000 Opengl32.dll
  0x00007FF8964B0000-0x00007FF8964DD000 GLU32.dll
  0x00007FF8B69B0000-0x00007FF8B69CB000 XInput1_4.dll
  0x00007FF8916A0000-0x00007FF891883000 inputhost.dll
  0x00007FF8B65F0000-0x00007FF8B671B000 CoreMessaging.dll
  0x00007FF8BAD70000-0x00007FF8BAECD000 MSCTF.dll
  0x00007FF8914F0000-0x00007FF891636000 textinputframework.dll
  0x00007FF8B5F80000-0x00007FF8B61A5000 dcomp.dll
  0x00007FF8B5200000-0x00007FF8B5219000 Microsoft.Internal.WarpPal.dll
  0x00007FF8B6DB0000-0x00007FF8B6DDF000 dwmapi.dll
  0x00007FF8B94A0000-0x00007FF8B9502000 WINSTA.dll
  0x00007FF8B2EB0000-0x00007FF8B3194000 CoreUIComponents.dll
  0x00007FF8B37C0000-0x00007FF8B392A000 wintypes.dll
  0x00007FF8B84A0000-0x00007FF8B8565000 schannel.DLL
  0x00007FF8B9150000-0x00007FF8B9180000 ncrypt.dll
  0x00007FF8B9100000-0x00007FF8B913F000 NTASN1.dll
  0x00007FF899CD0000-0x00007FF899D18000 ncryptsslp.dll
  0x00007FFFF4B30000-0x00007FFFF4D11000 cp2077_trainer.dll
[FATAL][veh] 12:59:43.035 (utc_ft=0x01DD3833FD03CBBD) pid=30148 tid=29636
  code=0xC0000005 EXCEPTION_ACCESS_VIOLATION
  at=0x00007FF73E6A37C8 (Cyberpunk2077.exe+0xA037C8)
  access=WRITE target=0x0000000000000049
  fault-in-trainer=no
  rip=0x00007FF73E6A37C8 rsp=0x0000008BCEDFE0D0 rbp=0x0000000000000000
  rax=0x00007FF73E6A3701 rbx=0x0000000000000000 rcx=0x000001DF8807EB50 rdx=0x0000000000000000
  rsi=0x0000000000000000 rdi=0x0000000000000000 r8=0x7FFFFFFFFFFFFFFC r9=0x000000007FFEF000
  r10=0x00000000546C6148 r11=0xFFFFFFFFB390DBFA r12=0x00007FFFF4D05FD0 r13=0x0000000000000000
  stack:
    +0x28 0x00007FFFF4B44748 (cp2077_trainer.dll+0x14748)
    +0x30 0x00007FFFF4C967D0 (cp2077_trainer.dll+0x1667D0)
    +0x50 0x00007FFFF4C967D0 (cp2077_trainer.dll+0x1667D0)
    +0x58 0x00007FFFF4B42BC2 (cp2077_trainer.dll+0x12BC2)
    +0x60 0x00007FFFF4C967D0 (cp2077_trainer.dll+0x1667D0)
    +0x68 0x00007FFFF4C967D0 (cp2077_trainer.dll+0x1667D0)

============================================================
[SESSION] 2026-08-30 14:02:07.198 pid=29084 trainer=00007FFF3A000000 range=0x00007FFF3A000000-0x00007FFF3A1E1000
[SESSION] modules=195 (snapshotted at init; anything loaded later shows as a raw address)
  0x00007FF73DCA0000-0x00007FF742B9C000 Cyberpunk2077.exe
  0x00007FF8BC780000-0x00007FF8BC9E6000 ntdll.dll
  0x00007FF8BACA0000-0x00007FF8BAD69000 KERNEL32.DLL
  0x00007FF8B9BE0000-0x00007FF8B9FDF000 KERNELBASE.dll
  0x00007FF8BC110000-0x00007FF8BC2D6000 USER32.dll
  0x00007FF8B9A50000-0x00007FF8B9A77000 win32u.dll
  0x00007FF8BC710000-0x00007FF8BC73B000 GDI32.dll
  0x00007FF8BA1F0000-0x00007FF8BA319000 gdi32full.dll
  0x00007FF8BA080000-0x00007FF8BA123000 msvcp_win.dll
  0x00007FF8B9A80000-0x00007FF8B9BCC000 ucrtbase.dll
  0x00007FF8BB980000-0x00007FF8BC108000 SHELL32.dll
  0x00007FF8BB8F0000-0x00007FF8BB956000 SHLWAPI.dll
  0x00007FF8BAA90000-0x00007FF8BAB4C000 ADVAPI32.dll
  0x00007FF8BB7F0000-0x00007FF8BB899000 msvcrt.dll
  0x00007FF81DB70000-0x00007FF81DBF6000 sl.interposer.dll
  0x00007FF8BAF80000-0x00007FF8BB02A000 sechost.dll
  0x00007FF8BAB60000-0x00007FF8BAC78000 RPCRT4.dll
  0x00007FF806810000-0x00007FF8069F3000 dbghelp.dll
  0x00007FF8BA6E0000-0x00007FF8BA879000 ole32.dll
  0x00007FF8BC2E0000-0x00007FF8BC665000 combase.dll
  0x00007FF8BB280000-0x00007FF8BB707000 SETUPAPI.dll
  0x00007FF8BB1F0000-0x00007FF8BB272000 WS2_32.dll
  0x00007FFF8C020000-0x00007FFF8CDC9000 REDGalaxy64.dll
  0x00007FF8BB710000-0x00007FF8BB7E9000 OLEAUT32.dll
  0x00007FF81E720000-0x00007FF81E779000 libxell.dll
  0x00007FF8A7740000-0x00007FF8A7749000 XINPUT9_1_0.dll
  0x00007FF8BA320000-0x00007FF8BA49E000 CRYPT32.dll
  0x00007FF86F1E0000-0x00007FF86F1FB000 redlexer_native.dll
  0x00007FFF4CD90000-0x00007FFF4F90E000 libxess_fg.dll
  0x00007FF81DAF0000-0x00007FF81DB6D000 bink2w64.dll
  0x00007FFF48350000-0x00007FFF4CD86000 libxess.dll
  0x00007FFFF18B0000-0x00007FFFF1AA9000 PhysX3Common_x64.dll
  0x00007FF81DA60000-0x00007FF81DAEF000 PhysX3CharacterKinematic_x64.dll
  0x00007FF806760000-0x00007FF806805000 PhysX3Cooking_x64.dll
  0x00007FF8066D0000-0x00007FF80675C000 PxFoundation_x64.dll
  0x00007FFFA7CC0000-0x00007FFFA7F41000 PhysX3_x64.dll
  0x00007FF843BD0000-0x00007FF843BFB000 ffx_fsr3_x64.dll
  0x00007FFF8B3C0000-0x00007FFF8C012000 ffx_backend_dx12_x64.dll
  0x00007FF806660000-0x00007FF8066CB000 libcurl.dll
  0x00007FFF92270000-0x00007FFF924F8000 icuin.dll
  0x00007FFFF4B40000-0x00007FFFF4D14000 icuuc.dll
  0x00007FF8BC670000-0x00007FF8BC6E3000 WLDAP32.dll
  0x00007FF8BC700000-0x00007FF8BC708000 Normaliz.dll
  0x00007FF8B9630000-0x00007FF8B968E000 POWRPROF.dll
  0x00007FF8062C0000-0x00007FF8063F3000 oo2ext_7_win64.dll
  0x00007FF8B7D20000-0x00007FF8B7D2F000 HID.DLL
  0x00007FF820940000-0x00007FF82096D000 amd_ags_x64.dll
  0x00007FFFA7BD0000-0x00007FFFA7CB4000 VERSION.dll
  0x00007FF81FFA0000-0x00007FF81FFDA000 WINMM.dll
  0x00007FF8A0890000-0x00007FF8A089C000 VCRUNTIME140_1.dll
  0x00007FF89F8E0000-0x00007FF89F97D000 MSVCP140.dll
  0x00007FF89E8F0000-0x00007FF89E91C000 VCRUNTIME140.dll
  0x00007FF8B6C50000-0x00007FF8B6D8A000 dxgi.dll
  0x00007FF8B9550000-0x00007FF8B95A2000 CFGMGR32.dll
  0x00007FF8B9880000-0x00007FF8B98AA000 bcrypt.dll
  0x00007FF89F360000-0x00007FF89F5F5000 WININET.dll
  0x00007FF8B8050000-0x00007FF8B8083000 IPHLPAPI.DLL
  0x00007FF8B8C20000-0x00007FF8B8C8C000 MSWSOCK.dll
  0x00007FF81E1F0000-0x00007FF81E21E000 ffx_frameinterpolation_x64.dll
  0x00007FF81E160000-0x00007FF81E193000 ffx_fsr3upscaler_x64.dll
  0x00007FF81D8F0000-0x00007FF81D920000 ffx_opticalflow_x64.dll
  0x00007FF81CA00000-0x00007FF81CA2C000 dbgcore.DLL
  0x000001371BE50000-0x000001371BE53000 icudt.dll
  0x00007FF8BA4B0000-0x00007FF8BA4E2000 IMM32.DLL
  0x00007FF8B9610000-0x00007FF8B9625000 UMPDC.dll
  0x00007FF8B7480000-0x00007FF8B7D1B000 windows.storage.dll
  0x00007FF8BB0F0000-0x00007FF8BB1E9000 SHCORE.dll
  0x00007FF8A87B0000-0x00007FF8A87E6000 winmm.dll
  0x00007FFF92130000-0x00007FFF92267000 RED4ext.dll
  0x00007FF8B2680000-0x00007FF8B268B000 VERSION.dll
  0x00007FFF70500000-0x00007FFF70C30000 cyber_engine_tweaks.asi
  0x00007FF820920000-0x00007FF820936000 MSVCP140_ATOMIC_WAIT.dll
  0x00007FF8B4D70000-0x00007FF8B51EF000 D3DCOMPILER_47.dll
  0x00007FF8B8F10000-0x00007FF8B8F2B000 cryptsp.dll
  0x00007FF8B8F30000-0x00007FF8B8F3C000 CRYPTBASE.DLL
  0x00007FF8B9990000-0x00007FF8B9A3C000 bcryptPrimitives.dll
  0x00007FF892510000-0x00007FF8926DA000 usvfs_x64.dll
  0x00007FF8B98B0000-0x00007FF8B98D9000 profapi.dll
  0x00007FF8B8670000-0x00007FF8B868B000 kernel.appcore.dll
  0x00007FFFA7B20000-0x00007FFFA7BC8000 acu_rs.dll
  0x00007FFF8E380000-0x00007FFF8E572000 ArchiveXL.dll
  0x00007FFF70130000-0x00007FFF704FD000 audioware.dll
  0x00007FF8B6B20000-0x00007FF8B6BC8000 uxtheme.dll
  0x00007FF8BB030000-0x00007FF8BB0DE000 clbcatq.dll
  0x00007FF8B22F0000-0x00007FF8B2396000 MMDevApi.dll
  0x00007FF8B9510000-0x00007FF8B953F000 DEVOBJ.dll
  0x00007FF888750000-0x00007FF888907000 AUDIOSES.DLL
  0x00007FF8B7130000-0x00007FF8B7144000 resourcepolicyclient.dll
  0x00007FFF6FF40000-0x00007FFF70128000 Codeware.dll
  0x00007FF80CB20000-0x00007FF80CB63000 ContentTokenActivator.dll
  0x00007FF81F560000-0x00007FF81F57D000 DVRCFInput.dll
  0x00007FFF8E220000-0x00007FFF8E373000 in_world_navigation.dll
  0x00007FFF8B240000-0x00007FFF8B3B1000 input_loader.dll
  0x00007FF806260000-0x00007FF8062B2000 JRMEr4e.dll
  0x00007FFF6FE60000-0x00007FFF6FF3E000 mod_settings.dll
  0x00007FF812640000-0x00007FF81265A000 NamedSaves.dll
  0x00007FFF6FD90000-0x00007FFF6FE56000 PhotoModeEx.dll
  0x00007FF806180000-0x00007FF8061D0000 PRMEr4e.dll
  0x00007FF811C70000-0x00007FF811C92000 RadioExt.dll
  0x00007FFF6FB70000-0x00007FFF6FD82000 fmod.dll
  0x00007FFF6FAF0000-0x00007FFF6FB6C000 RedData.dll
  0x00007FFF6FA60000-0x00007FFF6FAEB000 RedFileSystem.dll
  0x00007FFF6F900000-0x00007FFF6FA5A000 RedHotTools.dll
  0x00007FFF6F5A0000-0x00007FFF6F6B9000 RedHttpClient.dll
  0x00007FFF6F420000-0x00007FFF6F593000 TweakXL.dll
  0x00007FF897580000-0x00007FF897598000 napinsp.dll
  0x00007FF8B80E0000-0x00007FF8B8238000 DNSAPI.dll
  0x00007FF8B8A00000-0x00007FF8B8A0D000 DSPARSE.dll
  0x00007FF8BAF70000-0x00007FF8BAF7A000 NSI.dll
  0x00007FF897560000-0x00007FF897573000 winrnr.dll
  0x00007FF897230000-0x00007FF897252000 nlansp_c.dll
  0x00007FF8B2240000-0x00007FF8B2256000 wshbth.dll
  0x00007FF8B1870000-0x00007FF8B18F6000 fwpuclnt.dll
  0x00007FF8A9E10000-0x00007FF8A9E1B000 rasadhlp.dll
  0x00007FF8B69F0000-0x00007FF8B69FD000 secur32.dll
  0x00007FF8B8920000-0x00007FF8B8969000 SSPICLI.DLL
  0x00007FF86CB20000-0x00007FF86CB2B000 GameServicesSteam.dll
  0x00007FFF8E1D0000-0x00007FFF8E21C000 steam_api64.dll
  0x00007FF8B2DC0000-0x00007FF8B2E2D000 netprofm.dll
  0x00007FF8AA680000-0x00007FF8AA699000 npmproxy.dll
  0x00007FFFCE6F0000-0x00007FFFD0054000 steamclient64.dll
  0x00007FF8BAA60000-0x00007FF8BAA80000 imagehlp.dll
  0x00007FF8BC6F0000-0x00007FF8BC6F8000 PSAPI.DLL
  0x00007FFFE15C0000-0x00007FFFE18CE000 tier0_s64.dll
  0x00007FFFE0E50000-0x00007FFFE0F13000 vstdlib_s64.dll
  0x00007FFF6F260000-0x00007FFF6F417000 gameoverlayrenderer64.dll
  0x00007FF8B21E0000-0x00007FF8B221B000 cryptnet.dll
  0x00007FF8B9FF0000-0x00007FF8BA073000 WINTRUST.DLL
  0x00007FF8B8F90000-0x00007FF8B8FA3000 MSASN1.dll
  0x00007FF8B85D0000-0x00007FF8B8609000 rsaenh.dll
  0x00007FF8B8CA0000-0x00007FF8B8CC5000 gpapi.dll
  0x00007FFF6EEC0000-0x00007FFF6F25A000 GfnRuntimeSdk.dll
  0x00007FF898C80000-0x00007FF898E5B000 gdiplus.dll
  0x00007FF8B6C00000-0x00007FF8B6C45000 dxcore.dll
  0x00007FF8B4030000-0x00007FF8B408F000 directxdatabasehelper.dll
  0x00007FFF6ECD0000-0x00007FFF6EEBA000 scc_lib.dll
  0x00007FFF6F890000-0x00007FFF6F8FD000 CChromaEditorLibrary64.dll
  0x00007FFF47DF0000-0x00007FFF4834C000 mfc140u.dll
  0x00007FF8988B0000-0x00007FF898965000 Comctl32.dll
  0x00007FF8B4970000-0x00007FF8B497E000 WINNSI.DLL
  0x00007FF8B1DB0000-0x00007FF8B1F2A000 drvstore.dll
  0x00007FF8B9010000-0x00007FF8B907A000 wldp.dll
  0x00007FF8A0F40000-0x00007FF8A0FC9000 nvapi64.dll
  0x00007FF8A08A0000-0x00007FF8A0E17000 nvapi64_impl.dll
  0x00007FFF6EBF0000-0x00007FFF6ECCD000 190_E658703.dll
  0x00007FF86CCF0000-0x00007FF86CD13000 d3d12.dll
  0x00007FFF47C70000-0x00007FFF47DE3000 _nvngx.dll
  0x00007FF8B87A0000-0x00007FF8B87D6000 ntmarta.dll
  0x00007FFF451C0000-0x00007FFF47C6E000 nvngx_dlss.dll
  0x00007FFF44A60000-0x00007FFF451BB000 nvngx_dlssg.dll
  0x00007FFF3BF80000-0x00007FFF40B9A000 160_E658700.bin
  0x000001599C0A0000-0x000001599C0FE000 190_E658703.dll
  0x00007FFF449F0000-0x00007FFF44A59000 190_E658703.dll
  0x00007FFF44950000-0x00007FFF449E7000 190_E658703.dll
  0x00007FFF6EB80000-0x00007FFF6EBED000 190_E658703.dll
  0x00007FFF448F0000-0x00007FFF44948000 190_E658703.dll
  0x00007FFF447A0000-0x00007FFF448E5000 GFSDK_Aftermath_Lib.x64.dll
  0x00007FF8A1130000-0x00007FF8A66D5000 nvwgf2umx.dll
  0x00007FF8082C0000-0x00007FF80861A000 D3D12Core.dll
  0x00007FF88EBC0000-0x00007FF88ED2D000 nvspcap64.dll
  0x00007FF8B26C0000-0x00007FF8B278A000 nvldumdx.dll
  0x00007FF8AA6A0000-0x00007FF8B04AE000 nvgpucomp64.dll
  0x00007FF89FA50000-0x00007FF89FDB4000 NvMessageBus.dll
  0x00007FF8A87F0000-0x00007FF8A892B000 NvMemMapStoragex.dll
  0x00007FF84A880000-0x00007FF84AFA7000 nvppex.dll
  0x00007FF820280000-0x00007FF82035F000 D3DSCache.dll
  0x00007FF8B8CD0000-0x00007FF8B8D02000 USERENV.dll
  0x00007FF84B5C0000-0x00007FF84D49F000 nvcuda64.dll
  0x00007FF895FB0000-0x00007FF89605F000 nvdxgdmal64.dll
  0x00007FF842A50000-0x00007FF843852000 nvobjectloader64.dll
  0x00007FFF41330000-0x00007FFF44794000 nvrtum64.dll
  0x00007FF8976B0000-0x00007FF897B5B000 NvTelemetryAPI64.dll
  0x00007FF86F480000-0x00007FF86F4EB000 NvTelemetryBridge64.dll
  0x00007FFF40CD0000-0x00007FFF41330000 amd_fidelityfx_dx12.DLL
  0x00007FF895C00000-0x00007FF895D59000 Windows.UI.dll
  0x00007FF8B6AC0000-0x00007FF8B6AE9000 Wtsapi32.dll
  0x00007FF896500000-0x00007FF89659C000 IMGSF50Filter_x64.dll
  0x00007FF870F60000-0x00007FF87106C000 Opengl32.dll
  0x00007FF8964B0000-0x00007FF8964DD000 GLU32.dll
  0x00007FF8B69B0000-0x00007FF8B69CB000 XInput1_4.dll
  0x00007FF8916A0000-0x00007FF891883000 inputhost.dll
  0x00007FF8B65F0000-0x00007FF8B671B000 CoreMessaging.dll
  0x00007FF8BAD70000-0x00007FF8BAECD000 MSCTF.dll
  0x00007FF8914F0000-0x00007FF891636000 textinputframework.dll
  0x00007FF8B5F80000-0x00007FF8B61A5000 dcomp.dll
  0x00007FF8B5200000-0x00007FF8B5219000 Microsoft.Internal.WarpPal.dll
  0x00007FF8B6DB0000-0x00007FF8B6DDF000 dwmapi.dll
  0x00007FF8B94A0000-0x00007FF8B9502000 WINSTA.dll
  0x00007FF8B2EB0000-0x00007FF8B3194000 CoreUIComponents.dll
  0x00007FF8B37C0000-0x00007FF8B392A000 wintypes.dll
  0x00007FF8B84A0000-0x00007FF8B8565000 schannel.DLL
  0x00007FF8B9150000-0x00007FF8B9180000 ncrypt.dll
  0x00007FF8B9100000-0x00007FF8B913F000 NTASN1.dll
  0x00007FF899CD0000-0x00007FF899D18000 ncryptsslp.dll
  0x00007FFF3A000000-0x00007FFF3A1E1000 cp2077_trainer.dll
[FATAL][unhandled] 14:29:06.776 (utc_ft=0x01DD38407A0DC0E7) pid=29084 tid=32376
  code=0x80000003 UNKNOWN_EXCEPTION
  at=0x00007FF7406E3F4B (Cyberpunk2077.exe+0x2A43F4B)
  fault-in-trainer=no
  rip=0x00007FF7406E3F4B rsp=0x000000335CEFF810 rbp=0x0000000000000003
  rax=0x0000003357C87000 rbx=0x0000000000000001 rcx=0xFBAEAC902F2E0000 rdx=0x0000000000000000
  rsi=0x00000000887A0005 rdi=0x0000014BA6700000 r8=0x000000335CEFEC58 r9=0x0000000000000000
  r10=0x0000000000000000 r11=0x000000335CEFF240 r12=0x0000000000000000 r13=0x000000335CEFFC30
  stack:
    +0x18 0x00007FF740DE3F60 (Cyberpunk2077.exe+0x3143F60)
    +0x28 0x00007FF7406E3E2D (Cyberpunk2077.exe+0x2A43E2D)
    +0x30 0x00007FF740D30410 (Cyberpunk2077.exe+0x3090410)
    +0x40 0x00007FF73F9E1250 (Cyberpunk2077.exe+0x1D41250)
    +0x58 0x00007FF73DEBC7EF (Cyberpunk2077.exe+0x21C7EF)
    +0x60 0x00007FF73F9E1250 (Cyberpunk2077.exe+0x1D41250)
    +0xA8 0x00007FFF7052BCAE (cyber_engine_tweaks.asi+0x2BCAE)
    +0x198 0x00007FF808301381 (D3D12Core.dll+0x41381)
    +0x1A0 0x00007FF8085141A0 (D3D12Core.dll+0x2541A0)
    +0x1A8 0x00007FF808546F58 (D3D12Core.dll+0x286F58)
    +0x1C8 0x00007FF8A182C6E5 (nvwgf2umx.dll+0x6FC6E5)
    +0x1E8 0x00007FF86CCF14C2 (d3d12.dll+0x14C2)

============================================================
[SESSION] 2026-08-30 14:42:31.234 pid=26484 trainer=00007FFF397A0000 range=0x00007FFF397A0000-0x00007FFF39981000
[SESSION] modules=189 (snapshotted at init; anything loaded later shows as a raw address)
  0x00007FF73DCA0000-0x00007FF742B9C000 Cyberpunk2077.exe
  0x00007FF8BC780000-0x00007FF8BC9E6000 ntdll.dll
  0x00007FF8BACA0000-0x00007FF8BAD69000 KERNEL32.DLL
  0x00007FF8B9BE0000-0x00007FF8B9FDF000 KERNELBASE.dll
  0x00007FF8BC110000-0x00007FF8BC2D6000 USER32.dll
  0x00007FF8B9A50000-0x00007FF8B9A77000 win32u.dll
  0x00007FF8BC710000-0x00007FF8BC73B000 GDI32.dll
  0x00007FF8BA1F0000-0x00007FF8BA319000 gdi32full.dll
  0x00007FF8BA080000-0x00007FF8BA123000 msvcp_win.dll
  0x00007FF8B9A80000-0x00007FF8B9BCC000 ucrtbase.dll
  0x00007FF8BB980000-0x00007FF8BC108000 SHELL32.dll
  0x00007FF8BB8F0000-0x00007FF8BB956000 SHLWAPI.dll
  0x00007FF8BAA90000-0x00007FF8BAB4C000 ADVAPI32.dll
  0x00007FF8BB7F0000-0x00007FF8BB899000 msvcrt.dll
  0x00007FF8BAF80000-0x00007FF8BB02A000 sechost.dll
  0x00007FF8BAB60000-0x00007FF8BAC78000 RPCRT4.dll
  0x00007FF8863D0000-0x00007FF886456000 sl.interposer.dll
  0x00007FF806990000-0x00007FF806B73000 dbghelp.dll
  0x00007FF8BA6E0000-0x00007FF8BA879000 ole32.dll
  0x00007FF8BC2E0000-0x00007FF8BC665000 combase.dll
  0x00007FF8BB280000-0x00007FF8BB707000 SETUPAPI.dll
  0x00007FF886370000-0x00007FF8863C9000 libxell.dll
  0x00007FF8BB1F0000-0x00007FF8BB272000 WS2_32.dll
  0x00007FF8BB710000-0x00007FF8BB7E9000 OLEAUT32.dll
  0x00007FF8A7740000-0x00007FF8A7749000 XINPUT9_1_0.dll
  0x00007FF81DD50000-0x00007FF81DDCD000 bink2w64.dll
  0x00007FFF4CD90000-0x00007FFF4F90E000 libxess_fg.dll
  0x00007FF86F1E0000-0x00007FF86F1FB000 redlexer_native.dll
  0x00007FFF8C300000-0x00007FFF8D0A9000 REDGalaxy64.dll
  0x00007FF806700000-0x00007FF80678F000 PhysX3CharacterKinematic_x64.dll
  0x00007FFF48350000-0x00007FFF4CD86000 libxess.dll
  0x00007FF8BA320000-0x00007FF8BA49E000 CRYPT32.dll
  0x00007FF806790000-0x00007FF806989000 PhysX3Common_x64.dll
  0x00007FFFA7CC0000-0x00007FFFA7F41000 PhysX3_x64.dll
  0x00007FF806650000-0x00007FF8066F5000 PhysX3Cooking_x64.dll
  0x00007FF806370000-0x00007FF8063FC000 PxFoundation_x64.dll
  0x00007FF843BD0000-0x00007FF843BFB000 ffx_fsr3_x64.dll
  0x00007FF81DCE0000-0x00007FF81DD4B000 libcurl.dll
  0x00007FFF8B6A0000-0x00007FFF8C2F2000 ffx_backend_dx12_x64.dll
  0x00007FF8BC670000-0x00007FF8BC6E3000 WLDAP32.dll
  0x00007FFF92270000-0x00007FFF924F8000 icuin.dll
  0x00007FF8BC700000-0x00007FF8BC708000 Normaliz.dll
  0x00007FFFF4B40000-0x00007FFFF4D14000 icuuc.dll
  0x00007FF8B9630000-0x00007FF8B968E000 POWRPROF.dll
  0x00007FF89F8E0000-0x00007FF89F97D000 MSVCP140.dll
  0x00007FFFF1970000-0x00007FFFF1AA3000 oo2ext_7_win64.dll
  0x00007FF89E8F0000-0x00007FF89E91C000 VCRUNTIME140.dll
  0x00007FF8A0890000-0x00007FF8A089C000 VCRUNTIME140_1.dll
  0x00007FF820940000-0x00007FF82096D000 amd_ags_x64.dll
  0x00007FF8B7D20000-0x00007FF8B7D2F000 HID.DLL
  0x00007FF8B6C50000-0x00007FF8B6D8A000 dxgi.dll
  0x00007FF8B9550000-0x00007FF8B95A2000 CFGMGR32.dll
  0x00007FF8B9880000-0x00007FF8B98AA000 bcrypt.dll
  0x00007FF89F360000-0x00007FF89F5F5000 WININET.dll
  0x00007FF806280000-0x00007FF806364000 VERSION.dll
  0x00007FF81FFA0000-0x00007FF81FFDA000 WINMM.dll
  0x00007FF8B8050000-0x00007FF8B8083000 IPHLPAPI.DLL
  0x00007FF8B8C20000-0x00007FF8B8C8C000 MSWSOCK.dll
  0x00007FF81E740000-0x00007FF81E773000 ffx_fsr3upscaler_x64.dll
  0x00007FF81E1F0000-0x00007FF81E220000 ffx_opticalflow_x64.dll
  0x00007FF81E170000-0x00007FF81E19E000 ffx_frameinterpolation_x64.dll
  0x00007FF81DA70000-0x00007FF81DA9C000 dbgcore.DLL
  0x000001D7426F0000-0x000001D7426F3000 icudt.dll
  0x00007FF8BA4B0000-0x00007FF8BA4E2000 IMM32.DLL
  0x00007FF8B9610000-0x00007FF8B9625000 UMPDC.dll
  0x00007FF8B7480000-0x00007FF8B7D1B000 windows.storage.dll
  0x00007FF8BB0F0000-0x00007FF8BB1E9000 SHCORE.dll
  0x00007FF8A87B0000-0x00007FF8A87E6000 winmm.dll
  0x00007FFFA7B80000-0x00007FFFA7CB7000 RED4ext.dll
  0x00007FF8B2680000-0x00007FF8B268B000 VERSION.dll
  0x00007FFF70500000-0x00007FFF70C30000 cyber_engine_tweaks.asi
  0x00007FF8B4D70000-0x00007FF8B51EF000 D3DCOMPILER_47.dll
  0x00007FF820920000-0x00007FF820936000 MSVCP140_ATOMIC_WAIT.dll
  0x00007FF8B8F10000-0x00007FF8B8F2B000 cryptsp.dll
  0x00007FF8B8F30000-0x00007FF8B8F3C000 CRYPTBASE.DLL
  0x00007FF8B9990000-0x00007FF8B9A3C000 bcryptPrimitives.dll
  0x00007FF892510000-0x00007FF8926DA000 usvfs_x64.dll
  0x00007FF8B98B0000-0x00007FF8B98D9000 profapi.dll
  0x00007FF8B8670000-0x00007FF8B868B000 kernel.appcore.dll
  0x00007FFFF18C0000-0x00007FFFF1968000 acu_rs.dll
  0x00007FFF8E380000-0x00007FFF8E572000 ArchiveXL.dll
  0x00007FFF8B2D0000-0x00007FFF8B69D000 audioware.dll
  0x00007FF8B6B20000-0x00007FF8B6BC8000 uxtheme.dll
  0x00007FF8BB030000-0x00007FF8BB0DE000 clbcatq.dll
  0x00007FF8B22F0000-0x00007FF8B2396000 MMDevApi.dll
  0x00007FF8B9510000-0x00007FF8B953F000 DEVOBJ.dll
  0x00007FF888750000-0x00007FF888907000 AUDIOSES.DLL
  0x00007FF8B7130000-0x00007FF8B7144000 resourcepolicyclient.dll
  0x00007FFF70310000-0x00007FFF704F8000 Codeware.dll
  0x00007FF80CB20000-0x00007FF80CB63000 ContentTokenActivator.dll
  0x00007FF81F560000-0x00007FF81F57D000 DVRCFInput.dll
  0x00007FFF8E220000-0x00007FFF8E373000 in_world_navigation.dll
  0x00007FFF70190000-0x00007FFF70301000 input_loader.dll
  0x00007FF806170000-0x00007FF8061C2000 JRMEr4e.dll
  0x00007FFF92190000-0x00007FFF9226E000 mod_settings.dll
  0x00007FF81E720000-0x00007FF81E73A000 NamedSaves.dll
  0x00007FFF8B200000-0x00007FFF8B2C6000 PhotoModeEx.dll
  0x00007FFFA7B30000-0x00007FFFA7B80000 PRMEr4e.dll
  0x00007FF81D8F0000-0x00007FF81D912000 RadioExt.dll
  0x00007FFF6FF70000-0x00007FFF70182000 fmod.dll
  0x00007FFF6FEF0000-0x00007FFF6FF6C000 RedData.dll
  0x00007FFF6FE60000-0x00007FFF6FEEB000 RedFileSystem.dll
  0x00007FFF6FD00000-0x00007FFF6FE5A000 RedHotTools.dll
  0x00007FFF6FBE0000-0x00007FFF6FCF9000 RedHttpClient.dll
  0x00007FFF6FA60000-0x00007FFF6FBD3000 TweakXL.dll
  0x00007FF897580000-0x00007FF897598000 napinsp.dll
  0x00007FF8B80E0000-0x00007FF8B8238000 DNSAPI.dll
  0x00007FF8B8A00000-0x00007FF8B8A0D000 DSPARSE.dll
  0x00007FF8BAF70000-0x00007FF8BAF7A000 NSI.dll
  0x00007FF897560000-0x00007FF897573000 winrnr.dll
  0x00007FF897230000-0x00007FF897252000 nlansp_c.dll
  0x00007FF8B2240000-0x00007FF8B2256000 wshbth.dll
  0x00007FF8B1870000-0x00007FF8B18F6000 fwpuclnt.dll
  0x00007FF8A9E10000-0x00007FF8A9E1B000 rasadhlp.dll
  0x00007FF8B69F0000-0x00007FF8B69FD000 secur32.dll
  0x00007FF8B8920000-0x00007FF8B8969000 SSPICLI.DLL
  0x00007FF886360000-0x00007FF88636B000 GameServicesSteam.dll
  0x00007FFF92140000-0x00007FFF9218C000 steam_api64.dll
  0x00007FF8B2DC0000-0x00007FF8B2E2D000 netprofm.dll
  0x00007FF8AA680000-0x00007FF8AA699000 npmproxy.dll
  0x00007FFFCE6F0000-0x00007FFFD0054000 steamclient64.dll
  0x00007FF8BAA60000-0x00007FF8BAA80000 imagehlp.dll
  0x00007FF8BC6F0000-0x00007FF8BC6F8000 PSAPI.DLL
  0x00007FFFE15C0000-0x00007FFFE18CE000 tier0_s64.dll
  0x00007FFFE0E50000-0x00007FFFE0F13000 vstdlib_s64.dll
  0x00007FFF6F8A0000-0x00007FFF6FA57000 gameoverlayrenderer64.dll
  0x00007FF8B21E0000-0x00007FF8B221B000 cryptnet.dll
  0x00007FF8B9FF0000-0x00007FF8BA073000 WINTRUST.DLL
  0x00007FF8B8F90000-0x00007FF8B8FA3000 MSASN1.dll
  0x00007FF8B85D0000-0x00007FF8B8609000 rsaenh.dll
  0x00007FF8B8CA0000-0x00007FF8B8CC5000 gpapi.dll
  0x00007FFF6F320000-0x00007FFF6F6BA000 GfnRuntimeSdk.dll
  0x00007FF898C80000-0x00007FF898E5B000 gdiplus.dll
  0x00007FF8B6C00000-0x00007FF8B6C45000 dxcore.dll
  0x00007FF8B4030000-0x00007FF8B408F000 directxdatabasehelper.dll
  0x00007FFF6F130000-0x00007FFF6F31A000 scc_lib.dll
  0x00007FFF6F0C0000-0x00007FFF6F12D000 CChromaEditorLibrary64.dll
  0x00007FFF6EB60000-0x00007FFF6F0BC000 mfc140u.dll
  0x00007FF8988B0000-0x00007FF898965000 Comctl32.dll
  0x00007FF8B4970000-0x00007FF8B497E000 WINNSI.DLL
  0x00007FF8B1DB0000-0x00007FF8B1F2A000 drvstore.dll
  0x00007FF8B9010000-0x00007FF8B907A000 wldp.dll
  0x00007FF8A0F40000-0x00007FF8A0FC9000 nvapi64.dll
  0x00007FF8A08A0000-0x00007FF8A0E17000 nvapi64_impl.dll
  0x00007FFF48270000-0x00007FFF4834D000 190_E658703.dll
  0x00007FF86CCF0000-0x00007FF86CD13000 d3d12.dll
  0x00007FFF480F0000-0x00007FFF48263000 _nvngx.dll
  0x00007FF8B87A0000-0x00007FF8B87D6000 ntmarta.dll
  0x00007FFF45640000-0x00007FFF480EE000 nvngx_dlss.dll
  0x00007FFF44EE0000-0x00007FFF4563B000 nvngx_dlssg.dll
  0x00007FFF3C400000-0x00007FFF4101A000 160_E658700.bin
  0x00007FFF8E1C0000-0x00007FFF8E21E000 190_E658703.dll
  0x000001F9811B0000-0x000001F981219000 190_E658703.dll
  0x00007FFF44D50000-0x00007FFF44DE7000 190_E658703.dll
  0x00007FFF44E70000-0x00007FFF44EDD000 190_E658703.dll
  0x00007FFF44CF0000-0x00007FFF44D48000 190_E658703.dll
  0x00007FFF44BA0000-0x00007FFF44CE5000 GFSDK_Aftermath_Lib.x64.dll
  0x00007FF8A1130000-0x00007FF8A66D5000 nvwgf2umx.dll
  0x00007FF8082C0000-0x00007FF80861A000 D3D12Core.dll
  0x00007FF88EBC0000-0x00007FF88ED2D000 nvspcap64.dll
  0x00007FF8B26C0000-0x00007FF8B278A000 nvldumdx.dll
  0x00007FF8AA6A0000-0x00007FF8B04AE000 nvgpucomp64.dll
  0x00007FF89FA50000-0x00007FF89FDB4000 NvMessageBus.dll
  0x00007FF8A87F0000-0x00007FF8A892B000 NvMemMapStoragex.dll
  0x00007FF84A880000-0x00007FF84AFA7000 nvppex.dll
  0x00007FF820280000-0x00007FF82035F000 D3DSCache.dll
  0x00007FF8B8CD0000-0x00007FF8B8D02000 USERENV.dll
  0x00007FF84B5C0000-0x00007FF84D49F000 nvcuda64.dll
  0x00007FF895FB0000-0x00007FF89605F000 nvdxgdmal64.dll
  0x00007FF842A50000-0x00007FF843852000 nvobjectloader64.dll
  0x00007FFF41730000-0x00007FFF44B94000 nvrtum64.dll
  0x00007FF8976B0000-0x00007FF897B5B000 NvTelemetryAPI64.dll
  0x00007FF86F480000-0x00007FF86F4EB000 NvTelemetryBridge64.dll
  0x00007FFF410D0000-0x00007FFF41730000 amd_fidelityfx_dx12.DLL
  0x00007FF895C00000-0x00007FF895D59000 Windows.UI.dll
  0x00007FF8B6AC0000-0x00007FF8B6AE9000 Wtsapi32.dll
  0x00007FF896500000-0x00007FF89659C000 IMGSF50Filter_x64.dll
  0x00007FF870F60000-0x00007FF87106C000 Opengl32.dll
  0x00007FF8964B0000-0x00007FF8964DD000 GLU32.dll
  0x00007FF8B69B0000-0x00007FF8B69CB000 XInput1_4.dll
  0x00007FF8916A0000-0x00007FF891883000 inputhost.dll
  0x00007FF8B65F0000-0x00007FF8B671B000 CoreMessaging.dll
  0x00007FF8BAD70000-0x00007FF8BAECD000 MSCTF.dll
  0x00007FF8914F0000-0x00007FF891636000 textinputframework.dll
  0x00007FF8B5F80000-0x00007FF8B61A5000 dcomp.dll
  0x00007FF8B5200000-0x00007FF8B5219000 Microsoft.Internal.WarpPal.dll
  0x00007FF8B6DB0000-0x00007FF8B6DDF000 dwmapi.dll
  0x00007FF8B94A0000-0x00007FF8B9502000 WINSTA.dll
  0x00007FFF397A0000-0x00007FFF39981000 cp2077_trainer.dll
[FATAL][veh] 14:57:35.328 (utc_ft=0x01DD3844746E0545) pid=26484 tid=32932
  code=0xC0000005 EXCEPTION_ACCESS_VIOLATION
  at=0x00007FF73E6A37C8 (Cyberpunk2077.exe+0xA037C8)
  access=WRITE target=0x0000000000000049
  fault-in-trainer=no
  rip=0x00007FF73E6A37C8 rsp=0x00000081D97FC440 rbp=0x0000000000000001
  rax=0x000001DB9DA80B01 rbx=0x0000000000000000 rcx=0x000001DB856FCCE0 rdx=0x0000000000000000
  rsi=0x0000000000000000 rdi=0x000001D7A1021340 r8=0x000000000000005B r9=0x00000081D97FC438
  r10=0x000001DB9D757050 r11=0x00000000C8CCA232 r12=0x0000000000000000 r13=0x0000000000000000
  stack:
    +0x28 0x00007FFF397B4972 (cp2077_trainer.dll+0x14972)
    +0x38 0x00007FF742145AF8 (Cyberpunk2077.exe+0x44A5AF8)
    +0x48 0x00007FFF397A9218 (cp2077_trainer.dll+0x9218)
    +0x68 0x00007FFF3980ECB5 (cp2077_trainer.dll+0x6ECB5)
    +0x78 0x00007FFF397B2C2D (cp2077_trainer.dll+0x12C2D)
    +0x88 0x00007FFF399067D0 (cp2077_trainer.dll+0x1667D0)
