[14:42:31.235][tid=2940] log sink: path=C:\Users\admin\AppData\Local\cp2077_trainer\cp2077_trainer.log async=on dbgout=off (CBPK_LOG_DIR overrides the directory)
[14:42:31.235][tid=2940] fatal sink: armed path=C:\Users\admin\AppData\Local\cp2077_trainer\cp2077_fatal.log budget=16 modules=189 unhandled-filter=chained
[14:42:31.235][tid=2940] diagnostics toggles: logging=1 profiling=1 veh=1 dbgout=0 fatal=1 config=C:\Users\admin\AppData\Local\cbpk\config.ini
[14:42:31.237][tid=2940] initialization thread started
[14:42:31.239][tid=2940] config loaded: path=C:\Users\admin\AppData\Local\cbpk\config.ini
[14:42:31.239][tid=2940] hook initialization started
[14:42:31.289][tid=2940] resolved hook targets: Present=00007FF8B6C69960 ResizeBuffers=00007FF8B6C88530 ExecuteCommandLists=00007FF8082D1230
[14:42:31.310][tid=2940] RegisterEntity resolved through RED4ext: address=00007FF73E5557F4
[14:42:31.362][tid=2940] RuntimeEntityRegistry removal signature scan: matches=1 address=00007FF73E555310
[14:42:31.362][tid=2940] RuntimeEntityRegistry removal resolved through RED4ext and signature: hash=3878623943 address=00007FF73E555310
[14:42:31.363][tid=2940] PHASE1 UnregisterEntity observer proved: target=00007FF73E555310 hash=3878623943 ABI=(registry=this, entity*) return=bool; original called once, no post-original entity dereference, stale cleanup remains authoritative
[14:42:31.363][tid=2940] entity tracker hooks created: RegisterEntity target=00007FF73E5557F4 UnregisterEntity target=00007FF73E555310 attitudeRtti=runtime-gated
[14:42:31.363][tid=2940] visibility OnTick resolver: hash=3592689218 address=00007FF73E6933C4
[14:42:31.363][tid=2940] visibility OnTick hook created: target=00007FF73E6933C4 original=00007FF73DC20F40 requestsPerTick=1 refreshMs=500 queueSize=64
[14:42:31.411][tid=2940] memory aim input signature scan: matches=1 address=00007FF73E181638
[14:42:31.460][tid=2940] memory aim controller signature scan: matches=1 address=00007FF73E0932A4
[14:42:31.461][tid=2940] memory aim hooks created: pitch=00007FF73E181638 yawController=00007FF73E0932A4 yawField=controllerInput+0x9C
[14:42:31.493][tid=2940] silent aim native crosshair wrapper scan: matches=1 target=00007FF740700F44
[14:42:31.493][tid=2940] silent aim native crosshair core hook created: target=00007FF73E178354 original=00007FF73DC20E80 mutation=1
[14:42:31.493][tid=2940] silent aim producer RTTI: request=gameEffectInstance.Run class=gameEffectInstance(6EDFD4C51C46C4FD) function=00007FF742182838 full=Run(9FBBC819FE7E66AA) owner=gameEffectInstance(6EDFD4C51C46C4FD) flags=0x00000001 regIndex=12044 params=0 handler=00007FF73ED10334 imageOffset=0x1070334
[14:42:31.493][tid=2940] silent aim producer RTTI: request=gameAttack_GameEffect.StartAttack class=gameAttack_GameEffect(48D60995C947F0DF) function=00007FF74120A920 full=StartAttack(95169829C19D08D7) owner=gameIAttack(5A083C811521B266) flags=0x00000001 regIndex=12914 params=0 handler=00007FF73FA30FE0 imageOffset=0x1D90FE0
[14:42:31.493][tid=2940] silent aim producer RTTI: request=gameAttack_GameEffect.PrepareAttack class=gameAttack_GameEffect(48D60995C947F0DF) function=00007FF7422D6118 full=PrepareAttack(7B483EB3E5111EB8) owner=gameAttack_GameEffect(48D60995C947F0DF) flags=0x00000001 regIndex=13648 params=1 handler=00007FF73FA312B0 imageOffset=0x1D912B0
[14:42:31.494][tid=2940] silent aim producer RTTI: request=gametargetingTargetingSystem.GetCrosshairData class=gametargetingTargetingSystem(F1250D777E4D4050) function=00007FF742234070 full=GetCrosshairData(8A4A89BCB124B799) owner=gametargetingTargetingSystem(F1250D777E4D4050) flags=0x00000001 regIndex=12684 params=3 handler=00007FF7401B2ACC imageOffset=0x2512ACC
[14:42:31.494][tid=2940] silent aim producer RTTI: request=gametargetingTargetingSystem.GetDefaultCrosshairData class=gametargetingTargetingSystem(F1250D777E4D4050) function=00007FF742234138 full=GetDefaultCrosshairData(628FB4E18C20005C) owner=gametargetingTargetingSystem(F1250D777E4D4050) flags=0x00000001 regIndex=12685 params=3 handler=00007FF7401B2D70 imageOffset=0x2512D70
[14:42:31.494][tid=2940] silent aim projectile RTTI: setupId=120 shootId=780 shootTargetId=781 weaponShootId=108 componentListeners=4
[14:42:31.496][tid=2940] silent aim weapon listener subscriber: class=gameuiCrosshairContainerController(4D0815C742478F96) scripted=0 callback=function(02284CBB38B9CF89) target=00007FF73ECFE4DC invoke=00007FF73DDB04E0
[14:42:31.496][tid=2940] silent aim weapon listener subscriber: class=gameWeaponAudioComponent(BF9D4133D3299D2E) scripted=0 callback=function(02284CBB38B9CF89) target=00007FF73EBCE5C4 invoke=00007FF73DDB04E0
[14:42:31.496][tid=2940] silent aim weapon listener enumeration: classes=12234 eventId=108 listeners=2 native=2
[14:42:31.496][tid=2940] silent aim hooks created: producers=0 projectileListeners=0 weaponListenerHooks=0 queueHook=0 crosshairCore=1
[14:42:31.496][tid=2940] cursor hook alias: SetPhysicalCursorPos is covered by SetCursorPos
[14:42:31.496][tid=2940] cursor hooks created: complete=1
[14:42:31.552][tid=2940] all hooks enabled
[14:42:31.552][tid=30248] captured Direct queue candidate: queue=000001F5A5E5FDF0 priority=0 flags=0x0 nodeMask=0x1
[14:42:31.552][tid=2940] initialization finished; press End or signal the unload event to unload safely
[14:42:31.552][tid=23524] first Present intercepted: swapChain=000001F98983B830 sameThreadDirectQueue=000001F9886CB420 firstDirectQueue=000001F5A5E5FDF0
[14:42:31.552][tid=23524] overlay initialization started: swapChain=000001F98983B830 queue=000001F9886CB420
[14:42:31.552][tid=23524] swap-chain desc: hwnd=0000000000480D1C buffers=2 format=28 size=2560x1440 flags=0x840
[14:42:31.552][tid=23524] device watchdog started: pollMs=8
[14:42:31.556][tid=23524] overlay initialization completed
[14:42:31.561][tid=23524] no-recoil desired settings published: enabled=1
[14:42:31.561][tid=23524] native highlight desired settings published: enabled=1 civilians=0 enemies=1 police=1 other=0 hideDead=1
[14:42:31.561][tid=23524] ESP diagnostics: snapshots=0 tracked=0 pendingPosition=0 unregistered=0 staleRemoved=0 healthValid=0 healthInvalid=0
[14:42:31.561][tid=23524] projection initialized: cameraSystem=000001DB9E205E30 camera=000001DB9E205E90 ProjectPoint=00007FF73E188600
[14:42:31.561][tid=23524] camera position source: virtual slot world=(0.01, 3.62, 1.60)
[14:42:31.563][tid=23524] first overlay frame submitted: buffer=1 fence=1
[14:42:31.565][tid=32932] phase1 lifecycle thread first: path=OnGameMainTick tid=32932
[14:42:31.565][tid=32932] RTTI invocation resolver: InternalExecute=00007FF73DFCBB28
[14:42:31.565][tid=32932] phase2 attitude resolver: ownership=1 playerSystem=000001DB9E0B0E00 GetLocalPlayer=00007FF7424E62C0 local=(owner=0xE9E2C6CF6B09926E params=0 return=1 type=9 handle=1 flags=0x2001) GetAttitudeAgent=000001D7A54C98C0 getter=(owner=0xD090F7441D9D6C4D params=0 return=1 type=9 handle=1 flags=0xA200) GetAttitudeTowards=00007FF7422D5990 agent=(owner=0x4D402860BE84781A params=1 return=1 type=5 handle=0 flags=0x1 native=00007FF73E15CD64) resolved=1
[14:42:31.565][tid=32932] attitude path: work=0 phase2Enabled=1
[14:42:31.565][tid=32932] no-recoil resolver: player=000001DB9E0B0E00 stats=000001DB9DA27130 transaction=000001D7A1B00F80 getPlayer=00007FF7424E62C0 add=00007FF742248248 remove=00007FF7422484A0 getItem=00007FF742217890 modifierClass=00007FF74223D4B8 size=0x50 resolved=1
[14:42:31.565][tid=32932] no-recoil target: path=waiting-for-equipped-weapon playerId=0x1 weaponId=0x0 targetId=0x1 runtimeValidationRisk=0
[14:42:31.565][tid=32932] visibility first main tick: threadId=32932 hookCreated=1
[14:42:31.565][tid=32932] visibility resolver on main tick: spatialQueriesSystem=000001D79A7DA370 raycast=00007FF7421BFDB0 params=6 preset=Sight Blocker
[14:42:31.565][tid=32932] visibility tick: threadId=32932 processed=0 queued=0 casts=0 visible=0 occluded=0 dropped=0
[14:42:31.919][tid=32932] phase1 lifetime summary: registerCallbacks=0 registered=0 registerTid=0 registerChanges=0 registerOnMain=0 registerOffMain=0 mainTickCalls=128 mainTickTid=32932 mainTickChanges=0 unregisterCalls=0 unregisterTid=0 unregisterChanges=0 unregisterOnMain=0 unregisterOffMain=0 unregisterTracked=0 unregisterUntracked=0 unregisterTrackingUnknown=0 unregisterNoId=0 lastRegister=(0000000000000000,0x0) lastUnregister=(0000000000000000,0x0) unregisterHook=1 componentEntities=0 componentSkipped=0 componentSamples=0 layoutRejects=0 nullInstance=0 nullRefCount=0 truncated=0 attitudeAttempts=0 attitudeSourceBlocked=0 attitudeAcquire=0 attitudeExpiredInvalid=0 attitudeAgent=0 attitudeUnknown=0 attitudeFailClosed=0
[14:42:33.499][tid=32932] overlay visibility toggled: visible=1
[14:42:33.499][tid=32932] menu cursor capture changed: capture=1
[14:42:34.560][tid=23524] ESP diagnostics: snapshots=0 tracked=0 pendingPosition=0 unregistered=0 staleRemoved=0 healthValid=0 healthInvalid=0
[14:42:34.560][tid=32932] attitude path: work=0 phase2Enabled=1
[14:42:34.560][tid=32932] no-recoil target: path=waiting-for-equipped-weapon playerId=0x1 weaponId=0x0 targetId=0x1 runtimeValidationRisk=0
[14:42:34.560][tid=32932] visibility tick: threadId=32932 processed=0 queued=0 casts=0 visible=0 occluded=0 dropped=0
[14:42:35.071][tid=32932] phase1 lifetime summary: registerCallbacks=0 registered=0 registerTid=0 registerChanges=0 registerOnMain=0 registerOffMain=0 mainTickCalls=1664 mainTickTid=32932 mainTickChanges=0 unregisterCalls=0 unregisterTid=0 unregisterChanges=0 unregisterOnMain=0 unregisterOffMain=0 unregisterTracked=0 unregisterUntracked=0 unregisterTrackingUnknown=0 unregisterNoId=0 lastRegister=(0000000000000000,0x0) lastUnregister=(0000000000000000,0x0) unregisterHook=1 componentEntities=0 componentSkipped=0 componentSamples=0 layoutRejects=0 nullInstance=0 nullRefCount=0 truncated=0 attitudeAttempts=0 attitudeSourceBlocked=0 attitudeAcquire=0 attitudeExpiredInvalid=0 attitudeAgent=0 attitudeUnknown=0 attitudeFailClosed=0
[14:42:36.016][tid=32932] overlay visibility toggled: visible=0
[14:42:36.016][tid=32932] menu cursor capture changed: capture=0
[14:42:36.547][tid=28432] overlay cadence (5s): presents=2349 submitted=2348 allocatorMisses=0 pool=4
[14:42:36.560][tid=32932] profile present (5000ms): snapshot[n=2353 avg=1.0us max=122.4us] snapLockWait[n=2353 avg=0.1us max=0.4us] snapCount[n=2353 avg=0.0 max=0] esp[n=2353 avg=0.2us max=53.1us] aimbot[n=2353 avg=0.6us max=153.9us]
[14:42:36.560][tid=32932] profile tick (5000ms): tickTotal[n=2353 avg=11.1us max=103.7us] health[n=2353 avg=0.5us max=17.3us] attitude[n=2353 avg=7.0us max=99.3us] highlight[n=2353 avg=1.3us max=13.8us] playerMods[n=2353 avg=1.8us max=18.0us] visibility[n=2353 avg=0.2us max=8.1us]
[14:42:36.560][tid=32932] profile tickdetail (5000ms): healthCollect[n=2353 avg=0.3us max=17.1us] attitudeCollect[n=2353 avg=0.3us max=10.2us] attitudeInvoke[n=2353 avg=0.0us max=0.2us] highlightCollect[n=2353 avg=0.2us max=10.0us]
[14:42:37.560][tid=32932] attitude path: work=0 phase2Enabled=1
[14:42:37.560][tid=32932] no-recoil target: path=waiting-for-equipped-weapon playerId=0x1 weaponId=0x0 targetId=0x1 runtimeValidationRisk=0
[14:42:37.560][tid=32932] visibility tick: threadId=32932 processed=0 queued=0 casts=0 visible=0 occluded=0 dropped=0
[14:42:37.562][tid=33292] ESP diagnostics: snapshots=0 tracked=0 pendingPosition=0 unregistered=0 staleRemoved=0 healthValid=0 healthInvalid=0
[14:42:38.431][tid=32932] phase1 lifetime summary: registerCallbacks=0 registered=0 registerTid=0 registerChanges=0 registerOnMain=0 registerOffMain=0 mainTickCalls=2944 mainTickTid=32932 mainTickChanges=0 unregisterCalls=0 unregisterTid=0 unregisterChanges=0 unregisterOnMain=0 unregisterOffMain=0 unregisterTracked=0 unregisterUntracked=0 unregisterTrackingUnknown=0 unregisterNoId=0 lastRegister=(0000000000000000,0x0) lastUnregister=(0000000000000000,0x0) unregisterHook=1 componentEntities=0 componentSkipped=0 componentSamples=0 layoutRejects=0 nullInstance=0 nullRefCount=0 truncated=0 attitudeAttempts=0 attitudeSourceBlocked=0 attitudeAcquire=0 attitudeExpiredInvalid=0 attitudeAgent=0 attitudeUnknown=0 attitudeFailClosed=0
[14:42:40.560][tid=33564] ESP diagnostics: snapshots=0 tracked=0 pendingPosition=0 unregistered=0 staleRemoved=0 healthValid=0 healthInvalid=0
[14:42:40.561][tid=32932] attitude path: work=0 phase2Enabled=1
[14:42:40.561][tid=32932] no-recoil target: path=waiting-for-equipped-weapon playerId=0x1 weaponId=0x0 targetId=0x1 runtimeValidationRisk=0
[14:42:40.561][tid=32932] visibility tick: threadId=32932 processed=0 queued=0 casts=0 visible=0 occluded=0 dropped=0
[14:42:41.546][tid=28432] overlay cadence (5s): presents=1996 submitted=1996 allocatorMisses=0 pool=4
[14:42:41.559][tid=32932] phase1 lifetime summary: registerCallbacks=0 registered=0 registerTid=0 registerChanges=0 registerOnMain=0 registerOffMain=0 mainTickCalls=4352 mainTickTid=32932 mainTickChanges=0 unregisterCalls=0 unregisterTid=0 unregisterChanges=0 unregisterOnMain=0 unregisterOffMain=0 unregisterTracked=0 unregisterUntracked=0 unregisterTrackingUnknown=0 unregisterNoId=0 lastRegister=(0000000000000000,0x0) lastUnregister=(0000000000000000,0x0) unregisterHook=1 componentEntities=0 componentSkipped=0 componentSamples=0 layoutRejects=0 nullInstance=0 nullRefCount=0 truncated=0 attitudeAttempts=0 attitudeSourceBlocked=0 attitudeAcquire=0 attitudeExpiredInvalid=0 attitudeAgent=0 attitudeUnknown=0 attitudeFailClosed=0
[14:42:41.561][tid=32932] profile present (5000ms): snapshot[n=2000 avg=0.9us max=2.2us] snapLockWait[n=2000 avg=0.1us max=0.2us] snapCount[n=2000 avg=0.0 max=0] esp[n=2000 avg=0.2us max=5.8us] aimbot[n=2000 avg=0.5us max=6.4us]
[14:42:41.561][tid=32932] profile tick (5000ms): tickTotal[n=2000 avg=11.3us max=96.8us] health[n=2000 avg=0.5us max=19.4us] attitude[n=2000 avg=7.1us max=93.4us] highlight[n=2000 avg=1.4us max=13.2us] playerMods[n=2000 avg=1.9us max=13.0us] visibility[n=2000 avg=0.2us max=12.9us]
[14:42:41.561][tid=32932] profile tickdetail (5000ms): healthCollect[n=2000 avg=0.3us max=19.2us] attitudeCollect[n=2000 avg=0.3us max=10.5us] attitudeInvoke[n=2000 avg=0.0us max=0.2us] highlightCollect[n=2000 avg=0.3us max=8.6us]
[14:42:43.560][tid=32932] attitude path: work=0 phase2Enabled=1
[14:42:43.560][tid=32932] no-recoil target: path=waiting-for-equipped-weapon playerId=0x1 weaponId=0x0 targetId=0x1 runtimeValidationRisk=0
[14:42:43.560][tid=32932] visibility tick: threadId=32932 processed=0 queued=0 casts=0 visible=0 occluded=0 dropped=0
[14:42:43.561][tid=33564] ESP diagnostics: snapshots=0 tracked=0 pendingPosition=0 unregistered=0 staleRemoved=0 healthValid=0 healthInvalid=0
[14:42:44.632][tid=33564] phase1 lifecycle thread first: path=UnregisterEntity tid=33564
[14:42:44.632][tid=17972] phase1 lifecycle thread changed: path=UnregisterEntity oldTid=296 newTid=17972 changes=1
[14:42:44.632][tid=296] entity unregister observed: total=2 ptr=000001DBA21A1300 id=0xBE574D83D3B288A8 identity=1 trackedKnown=1 trackedBefore=0 result=1
[14:42:44.632][tid=33784] entity unregister observed: total=4 ptr=000001DBA2243650 id=0xFD9C8AE6173CDE9D identity=1 trackedKnown=1 trackedBefore=0 result=1
[14:42:44.632][tid=33564] phase1 lifecycle thread changed: path=UnregisterEntity oldTid=27332 newTid=33564 changes=3
[14:42:44.632][tid=17972] entity unregister observed: total=3 ptr=000001DB9A25ED40 id=0x1CC110145AC78224 identity=1 trackedKnown=1 trackedBefore=0 result=1
[14:42:44.632][tid=27332] phase1 lifecycle thread changed: path=UnregisterEntity oldTid=17972 newTid=27332 changes=2
[14:42:44.632][tid=33564] entity unregister observed: total=1 ptr=000001DB99E2CE60 id=0xE199A50B6F3E48A9 identity=1 trackedKnown=1 trackedBefore=0 result=1
[14:42:44.632][tid=27332] entity unregister observed: total=5 ptr=000001DB99D26920 id=0x989697 identity=1 trackedKnown=1 trackedBefore=0 result=1
[14:42:44.632][tid=31528] phase1 lifecycle thread changed: path=UnregisterEntity oldTid=29076 newTid=31528 changes=5
[14:42:44.632][tid=29076] phase1 lifecycle thread changed: path=UnregisterEntity oldTid=33564 newTid=29076 changes=4
[14:42:44.700][tid=30248] phase1 lifecycle thread changed: path=UnregisterEntity oldTid=31528 newTid=30248 changes=6
[14:42:44.700][tid=30248] entity unregister observed: total=8 ptr=000001DBA0C9E3B0 id=0x1 identity=1 trackedKnown=1 trackedBefore=0 result=1
[14:42:44.704][tid=17972] phase1 lifecycle thread changed: path=UnregisterEntity further changes summarized
[14:42:44.704][tid=27332] phase1 lifecycle thread changed: path=UnregisterEntity oldTid=30248 newTid=27332 changes=7
[14:42:44.704][tid=33292] phase1 lifecycle thread changed: path=UnregisterEntity oldTid=27332 newTid=33292 changes=8
[14:42:44.704][tid=29008] entity unregister observed: total=16 ptr=000001DBA68CF110 id=0x98969D identity=1 trackedKnown=1 trackedBefore=0 result=1
[14:42:44.886][tid=32932] phase1 lifetime summary: registerCallbacks=0 registered=0 registerTid=0 registerChanges=0 registerOnMain=0 registerOffMain=0 mainTickCalls=5888 mainTickTid=32932 mainTickChanges=0 unregisterCalls=18 unregisterTid=32624 unregisterChanges=15 unregisterOnMain=0 unregisterOffMain=18 unregisterTracked=0 unregisterUntracked=18 unregisterTrackingUnknown=0 unregisterNoId=0 lastRegister=(0000000000000000,0x0) lastUnregister=(000001DB9D6A5350,0x98969B) unregisterHook=1 componentEntities=0 componentSkipped=0 componentSamples=0 layoutRejects=0 nullInstance=0 nullRefCount=0 truncated=0 attitudeAttempts=0 attitudeSourceBlocked=0 attitudeAcquire=0 attitudeExpiredInvalid=0 attitudeAgent=0 attitudeUnknown=0 attitudeFailClosed=0
[14:42:46.544][tid=33564] overlay cadence (5s): presents=2924 submitted=2924 allocatorMisses=0 pool=4
[14:42:46.560][tid=33292] ESP diagnostics: snapshots=0 tracked=0 pendingPosition=0 unregistered=18 staleRemoved=0 healthValid=0 healthInvalid=0
[14:42:46.560][tid=32932] attitude path: work=0 phase2Enabled=1
[14:42:46.560][tid=32932] visibility tick: threadId=32932 processed=0 queued=0 casts=0 visible=0 occluded=0 dropped=0
[14:42:46.560][tid=32932] profile present (5000ms): snapshot[n=2927 avg=0.9us max=2.1us] snapLockWait[n=2927 avg=0.1us max=0.7us] snapCount[n=2927 avg=0.0 max=0] esp[n=2927 avg=0.2us max=7.2us] aimbot[n=2927 avg=0.5us max=3.6us]
[14:42:46.560][tid=32932] profile tick (5000ms): tickTotal[n=2927 avg=10.7us max=1098.9us] health[n=2927 avg=0.5us max=112.4us] attitude[n=2927 avg=7.3us max=1096.4us] highlight[n=2927 avg=1.2us max=184.6us] playerMods[n=2927 avg=1.3us max=143.5us] visibility[n=2927 avg=0.2us max=4.8us]
[14:42:46.560][tid=32932] profile tickdetail (5000ms): healthCollect[n=2927 avg=0.3us max=112.1us] attitudeCollect[n=2927 avg=0.3us max=11.3us] attitudeInvoke[n=2927 avg=0.0us max=0.3us] highlightCollect[n=2927 avg=0.3us max=75.4us]
[14:42:47.941][tid=32932] phase1 lifetime summary: registerCallbacks=0 registered=0 registerTid=0 registerChanges=0 registerOnMain=0 registerOffMain=0 mainTickCalls=8448 mainTickTid=32932 mainTickChanges=0 unregisterCalls=18 unregisterTid=32624 unregisterChanges=15 unregisterOnMain=0 unregisterOffMain=18 unregisterTracked=0 unregisterUntracked=18 unregisterTrackingUnknown=0 unregisterNoId=0 lastRegister=(0000000000000000,0x0) lastUnregister=(000001DB9D6A5350,0x98969B) unregisterHook=1 componentEntities=0 componentSkipped=0 componentSamples=0 layoutRejects=0 nullInstance=0 nullRefCount=0 truncated=0 attitudeAttempts=0 attitudeSourceBlocked=0 attitudeAcquire=0 attitudeExpiredInvalid=0 attitudeAgent=0 attitudeUnknown=0 attitudeFailClosed=0
[14:42:49.562][tid=27332] ESP diagnostics: snapshots=0 tracked=0 pendingPosition=0 unregistered=18 staleRemoved=0 healthValid=0 healthInvalid=0
[14:42:49.562][tid=32932] attitude path: work=0 phase2Enabled=1
[14:42:49.562][tid=32932] visibility tick: threadId=32932 processed=0 queued=0 casts=0 visible=0 occluded=0 dropped=0
[14:42:50.985][tid=32932] phase1 lifetime summary: registerCallbacks=0 registered=0 registerTid=0 registerChanges=0 registerOnMain=0 registerOffMain=0 mainTickCalls=10624 mainTickTid=32932 mainTickChanges=0 unregisterCalls=18 unregisterTid=32624 unregisterChanges=15 unregisterOnMain=0 unregisterOffMain=18 unregisterTracked=0 unregisterUntracked=18 unregisterTrackingUnknown=0 unregisterNoId=0 lastRegister=(0000000000000000,0x0) lastUnregister=(000001DB9D6A5350,0x98969B) unregisterHook=1 componentEntities=0 componentSkipped=0 componentSamples=0 layoutRejects=0 nullInstance=0 nullRefCount=0 truncated=0 attitudeAttempts=0 attitudeSourceBlocked=0 attitudeAcquire=0 attitudeExpiredInvalid=0 attitudeAgent=0 attitudeUnknown=0 attitudeFailClosed=0
[14:42:51.560][tid=32932] profile present (5000ms): snapshot[n=3846 avg=0.9us max=85.8us] snapLockWait[n=3846 avg=0.1us max=0.8us] snapCount[n=3846 avg=0.0 max=0] esp[n=3846 avg=0.2us max=10.8us] aimbot[n=3846 avg=0.5us max=7.6us]
[14:42:51.560][tid=32932] profile tick (5000ms): tickTotal[n=3846 avg=9.1us max=245.2us] health[n=3846 avg=0.5us max=2.5us] attitude[n=3846 avg=6.5us max=242.2us] highlight[n=3846 avg=1.0us max=153.0us] playerMods[n=3846 avg=0.7us max=4.6us] visibility[n=3846 avg=0.2us max=2.3us]
[14:42:51.560][tid=32932] profile tickdetail (5000ms): healthCollect[n=3846 avg=0.3us max=1.1us] attitudeCollect[n=3846 avg=0.2us max=28.4us] attitudeInvoke[n=3846 avg=0.0us max=0.7us] highlightCollect[n=3846 avg=0.2us max=152.1us]
[14:42:52.561][tid=32624] ESP diagnostics: snapshots=0 tracked=0 pendingPosition=0 unregistered=18 staleRemoved=0 healthValid=0 healthInvalid=0
[14:42:52.561][tid=32932] attitude path: work=0 phase2Enabled=1
[14:42:52.561][tid=32932] visibility tick: threadId=32932 processed=0 queued=0 casts=0 visible=0 occluded=0 dropped=0
[14:42:53.231][tid=32932] phase1 lifecycle thread first: path=RegisterEntity tid=32932
[14:42:53.231][tid=32932] phase1 lifecycle thread changed: path=RegisterEntity oldTid=33784 newTid=32932 changes=1
[14:42:53.231][tid=33784] runtime entity registry captured: registry=000001D7A0FF3A40
[14:42:53.231][tid=32932] entity registered: total=2 ptr=000001DBA80B9900 id=0x5238101693FBAD08 typeHash=0x37CF773608CE6C9 puppet=0 positioned=1 pos=(-142.70, -179.77, 38.53)
[14:42:53.231][tid=33784] entity registered: total=1 ptr=000001DBA18458F0 id=0x395C98592BC6E8C0 typeHash=0x37CF773608CE6C9 puppet=0 positioned=1 pos=(-144.34, -182.04, 22.49)
[14:42:53.231][tid=28432] phase1 lifecycle thread changed: path=RegisterEntity oldTid=32932 newTid=28432 changes=2
[14:42:53.232][tid=28432] entity registered: total=3 ptr=000001DBA8280C30 id=0x8FA9A8EE7EB5B6E3 typeHash=0x37CF773608CE6C9 puppet=0 positioned=1 pos=(-116.85, -197.63, 104.16)
[14:42:53.232][tid=31528] phase1 lifecycle thread changed: path=RegisterEntity oldTid=28432 newTid=31528 changes=3
[14:42:53.232][tid=31528] entity registered: total=4 ptr=000001DBA3D283E0 id=0x954DBD07BD112A0 typeHash=0x37CF773608CE6C9 puppet=0 positioned=1 pos=(-139.97, -175.93, 22.49)
[14:42:53.232][tid=17972] phase1 lifecycle thread changed: path=RegisterEntity oldTid=31528 newTid=17972 changes=4
[14:42:53.232][tid=17972] entity registered: total=5 ptr=000001DBA8098610 id=0x5B492038F8A45A10 typeHash=0x37CF773608CE6C9 puppet=0 positioned=1 pos=(-115.90, -197.10, 38.53)
[14:42:53.232][tid=29008] phase1 lifecycle thread changed: path=RegisterEntity oldTid=17972 newTid=29008 changes=5
[14:42:53.232][tid=28260] phase1 lifecycle thread changed: path=RegisterEntity oldTid=29008 newTid=28260 changes=6
[14:42:53.232][tid=23524] phase1 lifecycle thread changed: path=RegisterEntity oldTid=28260 newTid=23524 changes=7
[14:42:53.232][tid=23524] entity registered: total=8 ptr=000001DBA84ECCC0 id=0xA089827A4F243AC9 typeHash=0x6C8E0969569F7DD0 puppet=0 positioned=1 pos=(4679.89, -2306.34, 268.56)
[14:42:53.232][tid=32932] phase1 lifecycle thread changed: path=RegisterEntity oldTid=23524 newTid=32932 changes=8
[14:42:53.232][tid=26900] phase1 lifecycle thread changed: path=RegisterEntity further changes summarized
[14:42:53.232][tid=31528] entity registered: total=16 ptr=000001DBA1D1CB80 id=0x44199936CBE8BEED typeHash=0x54682B1084258C65 puppet=0 positioned=1 pos=(4690.21, -2408.27, 280.15)
[14:42:53.233][tid=33784] entity registered: total=32 ptr=000001DBA3D8B100 id=0xCE4860941034AE03 typeHash=0x37CF773608CE6C9 puppet=0 positioned=1 pos=(-112.22, -200.92, -6.93)
[14:42:53.236][tid=33292] entity registered: total=64 ptr=000001DBA67FBD70 id=0x891C104120EA6228 typeHash=0x1201BF92A1D28DCE puppet=0 positioned=1 pos=(-126.93, -173.28, 22.49)
[14:42:53.689][tid=32932] no-recoil target: path=waiting-for-equipped-weapon playerId=0x1 weaponId=0x0 targetId=0x1 runtimeValidationRisk=0
[14:42:54.209][tid=32932] phase1 lifetime summary: registerCallbacks=122 registered=122 registerTid=32624 registerChanges=119 registerOnMain=9 registerOffMain=113 mainTickCalls=12800 mainTickTid=32932 mainTickChanges=0 unregisterCalls=18 unregisterTid=32624 unregisterChanges=15 unregisterOnMain=0 unregisterOffMain=18 unregisterTracked=0 unregisterUntracked=18 unregisterTrackingUnknown=0 unregisterNoId=0 lastRegister=(000001DBA6D274C0,0x1) lastUnregister=(000001DB9D6A5350,0x98969B) unregisterHook=1 componentEntities=0 componentSkipped=0 componentSamples=0 layoutRejects=0 nullInstance=0 nullRefCount=0 truncated=0 attitudeAttempts=0 attitudeSourceBlocked=0 attitudeAcquire=0 attitudeExpiredInvalid=0 attitudeAgent=0 attitudeUnknown=0 attitudeFailClosed=0
[14:42:54.994][tid=30248] entity registered: total=128 ptr=000001DBACD57140 id=0x81758E4A7DB63620 typeHash=0x37CF773608CE6C9 puppet=0 positioned=1 pos=(4690.86, -2387.63, 280.03)
[14:42:54.994][tid=33784] CClass::GetProperty resolver: address=00007FF73DDE8388
[14:42:54.994][tid=33784] NPC classification RTTI resolved: civilian=0x3E4/1 police=0x3E5/1 ganger=0x3E6/1
[14:42:54.999][tid=28260] entity registered: total=256 ptr=000001DBACC0E470 id=0x2F3F49578FFB8DC5 typeHash=0xE6FA61AC947933EC puppet=0 positioned=1 pos=(-554.63, 1252.14, 48.53)
[14:42:55.022][tid=32932] health stat-pool resolver: system=000001D7A1BE0200 value=00007FF74224F400 max=00007FF74224F338 reachedMin=00007FF74224F7E8 resolved=1
[14:42:55.022][tid=32932] phase2 local attitude agent: entityType=0xCEBECAE898E55B86 getterOwner=0xD090F7441D9D6C4D agent=000001D78B7D4730
[14:42:55.024][tid=31528] animation data initialized: system=000001DB9DE857C0
[14:42:55.024][tid=31528] first world projection: world=(-102.21, 615.85, -215.04) clip=(-1683.818, -580.003, -3880.489, -3880.464) screen=(0.0, 0.0) behind=1 visible=0
[14:42:55.420][tid=28260] animation bounds resolved: entity=00000000009B03AB index=1 min=(-103.11,615.68,-215.00) max=(-101.31,616.15,-213.19)
[14:42:55.561][tid=33784] ESP diagnostics: snapshots=13 categories[civilian=0 enemy=2 police=0 other=11] attitude[hostile=0 unknown=11 valid=3 invalid=0] dead=4 categorized=2 categoryEnabled=2 projected=9 front=7 poseBounds=7 skeletonLines=0 depthRange=[8.79,54.83] maxDistance=300.0 distanceRejected=0 withinDistance=7 drawn=1 enabled=1 camera=1 health[valid=18 invalid=19 bars=1] nativeHighlight[queued=0 cleared=0 failures=0] visibility[on=1 available=1 occluded=0 unknown=1 casts=0 clear=0 blocked=0 dropped=0]
[14:42:55.572][tid=32932] attitude path: work=4 phase2Enabled=1
[14:42:55.572][tid=32932] native highlight resolver: eventClass=00007FF74207E400 eventSize=0x58 setBraindanceMode=00007FF73E6A37A4 resolved=1
[14:42:55.572][tid=32932] native highlight braindance mode: 1
[14:42:55.572][tid=32932] visibility tick: threadId=32932 processed=1 queued=0 casts=2 visible=0 occluded=1 dropped=0
[14:42:55.585][tid=32932] native highlight braindance mode: 1
[14:42:55.597][tid=32932] native highlight braindance mode: 1
[14:42:56.571][tid=32932] profile present (5000ms): snapshot[n=2145 avg=5.5us max=360.2us] snapLockWait[n=2145 avg=0.1us max=1.5us] snapCount[n=2145 avg=0.8 max=24] poseSlots[n=354 avg=7.1us max=23.1us] esp[n=2145 avg=0.7us max=33.6us] aimbot[n=2145 avg=0.5us max=12.9us]
[14:42:56.571][tid=32932] profile tick (5000ms): tickTotal[n=2118 avg=11.2us max=455.5us] health[n=2118 avg=1.1us max=256.7us] attitude[n=2118 avg=7.0us max=174.2us] highlight[n=2118 avg=1.1us max=55.6us] playerMods[n=2118 avg=1.4us max=446.5us] visibility[n=2118 avg=0.4us max=192.7us]
[14:42:56.571][tid=32932] profile tickdetail (5000ms): healthCollect[n=2118 avg=0.4us max=246.3us] healthInvoke[n=68 avg=12.4us max=108.2us] attitudeCollect[n=2118 avg=0.3us max=41.8us] attitudeInvoke[n=2118 avg=0.2us max=26.8us] highlightCollect[n=2118 avg=0.2us max=1.2us]
[14:42:56.692][tid=32932] no-recoil target: path=waiting-for-equipped-weapon playerId=0x1 weaponId=0x0 targetId=0x1 runtimeValidationRisk=0
[14:42:57.427][tid=32932] phase1 lifetime summary: registerCallbacks=508 registered=508 registerTid=29008 registerChanges=492 registerOnMain=23 registerOffMain=485 mainTickCalls=13312 mainTickTid=32932 mainTickChanges=0 unregisterCalls=22 unregisterTid=27332 unregisterChanges=19 unregisterOnMain=0 unregisterOffMain=22 unregisterTracked=4 unregisterUntracked=18 unregisterTrackingUnknown=0 unregisterNoId=0 lastRegister=(000001DBBB385CD0,0x2840) lastUnregister=(000001DBB1A558E0,0x8971CC) unregisterHook=1 componentEntities=0 componentSkipped=0 componentSamples=0 layoutRejects=0 nullInstance=0 nullRefCount=0 truncated=0 attitudeAttempts=76 attitudeSourceBlocked=0 attitudeAcquire=76 attitudeExpiredInvalid=0 attitudeAgent=111 attitudeUnknown=0 attitudeFailClosed=0
[14:42:58.562][tid=3100] ESP diagnostics: snapshots=21 categories[civilian=0 enemy=5 police=0 other=16] attitude[hostile=0 unknown=9 valid=119 invalid=0] dead=11 categorized=5 categoryEnabled=5 projected=10 front=6 poseBounds=6 skeletonLines=0 depthRange=[16.89,66.49] maxDistance=300.0 distanceRejected=0 withinDistance=6 drawn=4 enabled=1 camera=1 health[valid=1156 invalid=585 bars=1] nativeHighlight[queued=5 cleared=0 failures=0] visibility[on=1 available=1 occluded=4 unknown=0 casts=48 clear=0 blocked=24 dropped=0]
[14:42:58.566][tid=32932] attitude path: work=0 phase2Enabled=1
[14:42:58.566][tid=32932] visibility tick: threadId=32932 processed=0 queued=0 casts=48 visible=0 occluded=24 dropped=0
[14:42:59.149][tid=29076] entity registered: total=512 ptr=000001DBC4226880 id=0x278A typeHash=0xE6A7E706B7AF70C4 puppet=0 positioned=1 pos=(146.48, 1063.45, 193.00)
[14:42:59.292][tid=32932] no-recoil modifiers applied: targetId=0x9B047A count=11
[14:42:59.693][tid=32932] no-recoil target: path=equipped-weapon playerId=0x1 weaponId=0x9B047A targetId=0x9B047A runtimeValidationRisk=0
[14:43:01.458][tid=32932] phase1 lifetime summary: registerCallbacks=544 registered=544 registerTid=28432 registerChanges=526 registerOnMain=25 registerOffMain=519 mainTickCalls=13568 mainTickTid=32932 mainTickChanges=0 unregisterCalls=27 unregisterTid=29008 unregisterChanges=24 unregisterOnMain=0 unregisterOffMain=27 unregisterTracked=4 unregisterUntracked=23 unregisterTrackingUnknown=0 unregisterNoId=0 lastRegister=(000001DBBD41CD40,0x9B04C6) lastUnregister=(000001DBBD4206D0,0x277D) unregisterHook=1 componentEntities=0 componentSkipped=0 componentSamples=0 layoutRejects=0 nullInstance=0 nullRefCount=0 truncated=0 attitudeAttempts=232 attitudeSourceBlocked=0 attitudeAcquire=232 attitudeExpiredInvalid=0 attitudeAgent=319 attitudeUnknown=0 attitudeFailClosed=0
[14:43:01.633][tid=32932] attitude path: work=4 phase2Enabled=1
[14:43:01.633][tid=32932] visibility tick: threadId=32932 processed=0 queued=0 casts=106 visible=0 occluded=53 dropped=0
[14:43:01.633][tid=32932] profile present (5063ms): snapshot[n=663 avg=56.0us max=426.5us] snapLockWait[n=663 avg=0.1us max=1.0us] snapCount[n=663 avg=21.0 max=21] poseSlots[n=2017 avg=6.8us max=104.8us] esp[n=663 avg=11.3us max=144.6us] aimbot[n=663 avg=0.9us max=4.2us]
[14:43:01.633][tid=32932] profile tick (5063ms): tickTotal[n=331 avg=44.4us max=169.6us] health[n=331 avg=21.5us max=94.7us] attitude[n=331 avg=15.0us max=49.3us] highlight[n=331 avg=0.9us max=2.2us] playerMods[n=331 avg=3.0us max=98.8us] visibility[n=331 avg=3.5us max=58.4us]
[14:43:01.633][tid=32932] profile tickdetail (5063ms): healthCollect[n=331 avg=0.2us max=1.0us] healthInvoke[n=331 avg=20.4us max=92.4us] attitudeCollect[n=331 avg=0.5us max=2.6us] attitudeInvoke[n=331 avg=3.1us max=21.7us] highlightCollect[n=331 avg=0.4us max=1.1us]
[14:43:01.644][tid=3100] ESP diagnostics: snapshots=21 categories[civilian=0 enemy=5 police=0 other=16] attitude[hostile=0 unknown=9 valid=238 invalid=0] dead=11 categorized=5 categoryEnabled=5 projected=10 front=6 poseBounds=6 skeletonLines=0 depthRange=[0.68,67.01] maxDistance=300.0 distanceRejected=0 withinDistance=6 drawn=4 enabled=1 camera=1 health[valid=2463 invalid=662 bars=1] nativeHighlight[queued=5 cleared=0 failures=0] visibility[on=1 available=1 occluded=4 unknown=0 casts=106 clear=0 blocked=53 dropped=0]
[14:43:02.698][tid=32932] no-recoil target: path=equipped-weapon playerId=0x1 weaponId=0x9B047A targetId=0x9B047A runtimeValidationRisk=0
[14:43:04.494][tid=32932] no-recoil modifiers removed: targetId=0x9B047A count=11
[14:43:04.625][tid=32932] attitude path: work=0 phase2Enabled=1
[14:43:04.625][tid=32932] visibility tick: threadId=32932 processed=0 queued=0 casts=124 visible=0 occluded=62 dropped=0
[14:43:04.642][tid=3100] ESP diagnostics: snapshots=27 categories[civilian=0 enemy=5 police=0 other=22] attitude[hostile=0 unknown=9 valid=426 invalid=0] dead=11 categorized=5 categoryEnabled=5 projected=7 front=2 poseBounds=2 skeletonLines=0 depthRange=[1.98,2.05] maxDistance=300.0 distanceRejected=0 withinDistance=2 drawn=0 enabled=1 camera=1 health[valid=3821 invalid=1032 bars=1] nativeHighlight[queued=5 cleared=0 failures=0] visibility[on=1 available=1 occluded=0 unknown=0 casts=124 clear=0 blocked=62 dropped=0]
[14:43:04.862][tid=29008] entity unregister observed: total=32 ptr=000001DBB2B90C40 id=0x2ADC97AC83D4A005 identity=1 trackedKnown=1 trackedBefore=0 result=1
[14:43:05.082][tid=32932] phase1 lifetime summary: registerCallbacks=559 registered=553 registerTid=26900 registerChanges=535 registerOnMain=25 registerOffMain=534 mainTickCalls=13824 mainTickTid=32932 mainTickChanges=0 unregisterCalls=34 unregisterTid=17972 unregisterChanges=31 unregisterOnMain=0 unregisterOffMain=34 unregisterTracked=4 unregisterUntracked=30 unregisterTrackingUnknown=0 unregisterNoId=0 lastRegister=(000001DBC4138A20,0xE94027FC10B18169) lastUnregister=(000001DBAFC49170,0xC267F5B7320E94F0) unregisterHook=1 componentEntities=0 componentSkipped=0 componentSamples=0 layoutRejects=0 nullInstance=0 nullRefCount=0 truncated=0 attitudeAttempts=458 attitudeSourceBlocked=0 attitudeAcquire=458 attitudeExpiredInvalid=0 attitudeAgent=630 attitudeUnknown=0 attitudeFailClosed=0
[14:43:05.695][tid=32932] no-recoil target: path=waiting-for-equipped-weapon playerId=0x1 weaponId=0x0 targetId=0x1 runtimeValidationRisk=0
[14:43:06.636][tid=32932] profile present (5000ms): snapshot[n=728 avg=76.3us max=534.1us] snapLockWait[n=729 avg=0.1us max=1.1us] snapCount[n=728 avg=26.9 max=27] poseSlots[n=2821 avg=6.5us max=38.4us] esp[n=728 avg=6.1us max=46.4us] aimbot[n=728 avg=1.1us max=6.3us]
[14:43:06.636][tid=32932] profile tick (5000ms): tickTotal[n=364 avg=59.7us max=886.9us] health[n=364 avg=35.7us max=858.2us] attitude[n=364 avg=18.7us max=114.3us] highlight[n=364 avg=1.1us max=34.1us] playerMods[n=364 avg=2.5us max=32.6us] visibility[n=364 avg=1.1us max=36.3us]
[14:43:06.636][tid=32932] profile tickdetail (5000ms): healthCollect[n=364 avg=2.5us max=207.5us] healthInvoke[n=364 avg=32.1us max=856.5us] attitudeCollect[n=364 avg=1.1us max=104.4us] attitudeInvoke[n=364 avg=4.5us max=50.3us] highlightCollect[n=364 avg=0.6us max=33.7us]
[14:43:07.627][tid=32932] attitude path: work=0 phase2Enabled=1
[14:43:07.627][tid=32932] visibility tick: threadId=32932 processed=0 queued=0 casts=164 visible=0 occluded=82 dropped=0
[14:43:07.641][tid=3100] ESP diagnostics: snapshots=27 categories[civilian=0 enemy=5 police=0 other=22] attitude[hostile=0 unknown=9 valid=618 invalid=0] dead=11 categorized=5 categoryEnabled=5 projected=16 front=5 poseBounds=5 skeletonLines=0 depthRange=[21.42,58.21] maxDistance=300.0 distanceRejected=0 withinDistance=5 drawn=5 enabled=1 camera=1 health[valid=5227 invalid=1434 bars=1] nativeHighlight[queued=5 cleared=0 failures=0] visibility[on=1 available=1 occluded=5 unknown=0 casts=164 clear=0 blocked=82 dropped=0]
[14:43:08.470][tid=32932] phase1 lifetime summary: registerCallbacks=559 registered=553 registerTid=26900 registerChanges=535 registerOnMain=25 registerOffMain=534 mainTickCalls=14080 mainTickTid=32932 mainTickChanges=0 unregisterCalls=34 unregisterTid=17972 unregisterChanges=31 unregisterOnMain=0 unregisterOffMain=34 unregisterTracked=4 unregisterUntracked=30 unregisterTrackingUnknown=0 unregisterNoId=0 lastRegister=(000001DBC4138A20,0xE94027FC10B18169) lastUnregister=(000001DBAFC49170,0xC267F5B7320E94F0) unregisterHook=1 componentEntities=0 componentSkipped=0 componentSamples=0 layoutRejects=0 nullInstance=0 nullRefCount=0 truncated=0 attitudeAttempts=676 attitudeSourceBlocked=0 attitudeAcquire=676 attitudeExpiredInvalid=0 attitudeAgent=929 attitudeUnknown=0 attitudeFailClosed=0
[14:43:08.696][tid=32932] no-recoil target: path=waiting-for-equipped-weapon playerId=0x1 weaponId=0x0 targetId=0x1 runtimeValidationRisk=0
[14:43:10.625][tid=32932] attitude path: work=0 phase2Enabled=1
[14:43:10.625][tid=32932] visibility tick: threadId=32932 processed=0 queued=0 casts=188 visible=0 occluded=94 dropped=0
[14:43:10.649][tid=3100] ESP diagnostics: snapshots=27 categories[civilian=0 enemy=5 police=0 other=22] attitude[hostile=0 unknown=9 valid=810 invalid=0] dead=11 categorized=5 categoryEnabled=5 projected=7 front=2 poseBounds=2 skeletonLines=0 depthRange=[0.99,1.00] maxDistance=300.0 distanceRejected=0 withinDistance=2 drawn=0 enabled=1 camera=1 health[valid=6633 invalid=1836 bars=1] nativeHighlight[queued=5 cleared=0 failures=0] visibility[on=1 available=1 occluded=0 unknown=0 casts=188 clear=0 blocked=94 dropped=0]
[14:43:11.634][tid=32932] profile present (5000ms): snapshot[n=760 avg=70.5us max=367.9us] snapLockWait[n=759 avg=0.1us max=0.6us] snapCount[n=760 avg=27.0 max=27] poseSlots[n=2889 avg=5.9us max=100.9us] esp[n=760 avg=7.1us max=45.7us] aimbot[n=760 avg=1.0us max=7.5us]
[14:43:11.634][tid=32932] profile tick (5000ms): tickTotal[n=380 avg=59.1us max=457.5us] health[n=380 avg=35.3us max=437.5us] attitude[n=380 avg=18.6us max=248.1us] highlight[n=380 avg=1.0us max=30.7us] playerMods[n=380 avg=2.1us max=8.2us] visibility[n=380 avg=1.7us max=184.5us]
[14:43:11.634][tid=32932] profile tickdetail (5000ms): healthCollect[n=380 avg=2.4us max=199.7us] healthInvoke[n=380 avg=30.9us max=435.5us] attitudeCollect[n=380 avg=1.2us max=186.5us] attitudeInvoke[n=380 avg=4.3us max=58.2us] highlightCollect[n=380 avg=0.5us max=30.2us]
[14:43:11.688][tid=32932] no-recoil target: path=waiting-for-equipped-weapon playerId=0x1 weaponId=0x0 targetId=0x1 runtimeValidationRisk=0
[14:43:11.859][tid=32932] phase1 lifetime summary: registerCallbacks=559 registered=553 registerTid=26900 registerChanges=535 registerOnMain=25 registerOffMain=534 mainTickCalls=14336 mainTickTid=32932 mainTickChanges=0 unregisterCalls=34 unregisterTid=17972 unregisterChanges=31 unregisterOnMain=0 unregisterOffMain=34 unregisterTracked=4 unregisterUntracked=30 unregisterTrackingUnknown=0 unregisterNoId=0 lastRegister=(000001DBC4138A20,0xE94027FC10B18169) lastUnregister=(000001DBAFC49170,0xC267F5B7320E94F0) unregisterHook=1 componentEntities=0 componentSkipped=0 componentSamples=0 layoutRejects=0 nullInstance=0 nullRefCount=0 truncated=0 attitudeAttempts=890 attitudeSourceBlocked=0 attitudeAcquire=890 attitudeExpiredInvalid=0 attitudeAgent=1224 attitudeUnknown=0 attitudeFailClosed=0
[14:43:13.629][tid=32932] attitude path: work=0 phase2Enabled=1
[14:43:13.629][tid=32932] visibility tick: threadId=32932 processed=0 queued=0 casts=188 visible=0 occluded=94 dropped=0
[14:43:13.642][tid=3100] ESP diagnostics: snapshots=27 categories[civilian=0 enemy=5 police=0 other=22] attitude[hostile=0 unknown=9 valid=1002 invalid=0] dead=11 categorized=5 categoryEnabled=5 projected=7 front=2 poseBounds=2 skeletonLines=0 depthRange=[1.06,1.07] maxDistance=300.0 distanceRejected=0 withinDistance=2 drawn=0 enabled=1 camera=1 health[valid=8039 invalid=2238 bars=1] nativeHighlight[queued=5 cleared=0 failures=0] visibility[on=1 available=1 occluded=0 unknown=0 casts=188 clear=0 blocked=94 dropped=0]
[14:43:14.696][tid=32932] no-recoil target: path=waiting-for-equipped-weapon playerId=0x1 weaponId=0x0 targetId=0x1 runtimeValidationRisk=0
[14:43:15.251][tid=32932] phase1 lifetime summary: registerCallbacks=577 registered=571 registerTid=32624 registerChanges=553 registerOnMain=25 registerOffMain=552 mainTickCalls=14592 mainTickTid=32932 mainTickChanges=0 unregisterCalls=59 unregisterTid=28260 unregisterChanges=55 unregisterOnMain=0 unregisterOffMain=59 unregisterTracked=4 unregisterUntracked=55 unregisterTrackingUnknown=0 unregisterNoId=0 lastRegister=(000001DBA99108F0,0x31CCB5E602D8FCE6) lastUnregister=(000001DBA25777D0,0x31CCB5E602D8FCE6) unregisterHook=1 componentEntities=0 componentSkipped=0 componentSamples=0 layoutRejects=0 nullInstance=0 nullRefCount=0 truncated=0 attitudeAttempts=1108 attitudeSourceBlocked=0 attitudeAcquire=1108 attitudeExpiredInvalid=0 attitudeAgent=1511 attitudeUnknown=0 attitudeFailClosed=0
[14:43:15.736][tid=31528] entity unregister observed: total=64 ptr=000001DBB3641480 id=0x989F295737BADB0E identity=1 trackedKnown=1 trackedBefore=0 result=1
[14:43:16.624][tid=32932] attitude path: work=0 phase2Enabled=1
[14:43:16.624][tid=32932] visibility tick: threadId=32932 processed=0 queued=0 casts=188 visible=0 occluded=94 dropped=0
[14:43:16.624][tid=32932] profile present (5000ms): snapshot[n=754 avg=73.8us max=566.9us] snapLockWait[n=754 avg=0.1us max=0.5us] snapCount[n=754 avg=27.0 max=27] poseSlots[n=2862 avg=6.2us max=48.4us] esp[n=754 avg=4.1us max=194.4us] aimbot[n=754 avg=0.9us max=4.0us]
[14:43:16.624][tid=32932] profile tick (5000ms): tickTotal[n=377 avg=56.6us max=312.3us] health[n=377 avg=34.8us max=274.8us] attitude[n=377 avg=17.6us max=264.6us] highlight[n=377 avg=0.9us max=3.5us] playerMods[n=377 avg=2.4us max=8.7us] visibility[n=377 avg=0.3us max=2.3us]
[14:43:16.624][tid=32932] profile tickdetail (5000ms): healthCollect[n=377 avg=3.4us max=233.0us] healthInvoke[n=377 avg=28.9us max=103.5us] attitudeCollect[n=377 avg=0.7us max=27.6us] attitudeInvoke[n=377 avg=3.7us max=25.3us] highlightCollect[n=377 avg=0.5us max=1.7us]
[14:43:16.638][tid=3100] ESP diagnostics: snapshots=27 categories[civilian=0 enemy=5 police=0 other=22] attitude[hostile=0 unknown=9 valid=1194 invalid=0] dead=11 categorized=5 categoryEnabled=5 projected=7 front=2 poseBounds=2 skeletonLines=0 depthRange=[1.11,1.12] maxDistance=300.0 distanceRejected=0 withinDistance=2 drawn=0 enabled=1 camera=1 health[valid=9458 invalid=2643 bars=1] nativeHighlight[queued=5 cleared=0 failures=0] visibility[on=1 available=1 occluded=0 unknown=0 casts=188 clear=0 blocked=94 dropped=0]
[14:43:17.536][tid=28432] entity unregister observed: total=128 ptr=000001DBAE72F4B0 id=0x39694A9741D5AE91 identity=1 trackedKnown=1 trackedBefore=0 result=1
[14:43:17.567][tid=32932] native highlight braindance mode: 0
[14:43:17.689][tid=32932] no-recoil target: path=waiting-for-equipped-weapon playerId=0x1 weaponId=0x0 targetId=0x1 runtimeValidationRisk=0
[14:43:18.644][tid=32932] phase1 lifetime summary: registerCallbacks=595 registered=589 registerTid=29076 registerChanges=570 registerOnMain=25 registerOffMain=570 mainTickCalls=14848 mainTickTid=32932 mainTickChanges=0 unregisterCalls=180 unregisterTid=17972 unregisterChanges=174 unregisterOnMain=6 unregisterOffMain=174 unregisterTracked=9 unregisterUntracked=171 unregisterTrackingUnknown=0 unregisterNoId=0 lastRegister=(000001DBC074FCF0,0xAEFE4C95AD45BDA5) lastUnregister=(000001DBAF135C20,0x28AF) unregisterHook=1 componentEntities=0 componentSkipped=0 componentSamples=0 layoutRejects=0 nullInstance=0 nullRefCount=0 truncated=0 attitudeAttempts=1302 attitudeSourceBlocked=0 attitudeAcquire=1302 attitudeExpiredInvalid=0 attitudeAgent=1768 attitudeUnknown=0 attitudeFailClosed=0
[14:43:19.624][tid=32932] attitude path: work=0 phase2Enabled=1
[14:43:19.624][tid=32932] visibility tick: threadId=32932 processed=0 queued=0 casts=188 visible=1 occluded=94 dropped=0
[14:43:19.647][tid=3100] ESP diagnostics: snapshots=22 categories[civilian=0 enemy=0 police=0 other=22] attitude[hostile=0 unknown=9 valid=1346 invalid=0] dead=11 categorized=0 categoryEnabled=0 projected=10 front=7 poseBounds=7 skeletonLines=0 depthRange=[1.06,1353.97] maxDistance=300.0 distanceRejected=1 withinDistance=6 drawn=0 enabled=1 camera=1 health[valid=10818 invalid=3115 bars=1] nativeHighlight[queued=5 cleared=0 failures=0] visibility[on=1 available=1 occluded=0 unknown=0 casts=188 clear=1 blocked=94 dropped=0]
[14:43:20.695][tid=32932] no-recoil target: path=waiting-for-equipped-weapon playerId=0x1 weaponId=0x0 targetId=0x1 runtimeValidationRisk=0
[14:43:21.627][tid=32932] profile present (5000ms): snapshot[n=781 avg=60.9us max=451.1us] snapLockWait[n=781 avg=0.1us max=0.9us] snapCount[n=781 avg=22.9 max=27] poseSlots[n=2427 avg=6.0us max=210.3us] esp[n=781 avg=3.0us max=32.2us] aimbot[n=781 avg=0.7us max=2.1us]
[14:43:21.627][tid=32932] profile tick (5000ms): tickTotal[n=391 avg=45.5us max=661.0us] health[n=391 avg=27.9us max=647.6us] attitude[n=391 avg=13.8us max=119.3us] highlight[n=391 avg=1.1us max=15.7us] playerMods[n=391 avg=2.0us max=7.4us] visibility[n=391 avg=0.3us max=2.1us]
[14:43:21.627][tid=32932] profile tickdetail (5000ms): healthCollect[n=391 avg=1.1us max=134.6us] healthInvoke[n=391 avg=26.0us max=646.6us] attitudeCollect[n=391 avg=0.5us max=24.4us] attitudeInvoke[n=391 avg=2.7us max=21.6us] highlightCollect[n=391 avg=0.4us max=4.7us]
[14:43:21.839][tid=32932] phase1 lifetime summary: registerCallbacks=595 registered=589 registerTid=29076 registerChanges=570 registerOnMain=25 registerOffMain=570 mainTickCalls=15104 mainTickTid=32932 mainTickChanges=0 unregisterCalls=180 unregisterTid=17972 unregisterChanges=174 unregisterOnMain=6 unregisterOffMain=174 unregisterTracked=9 unregisterUntracked=171 unregisterTrackingUnknown=0 unregisterNoId=0 lastRegister=(000001DBC074FCF0,0xAEFE4C95AD45BDA5) lastUnregister=(000001DBAF135C20,0x28AF) unregisterHook=1 componentEntities=0 componentSkipped=0 componentSamples=0 layoutRejects=0 nullInstance=0 nullRefCount=0 truncated=0 attitudeAttempts=1445 attitudeSourceBlocked=0 attitudeAcquire=1445 attitudeExpiredInvalid=0 attitudeAgent=1963 attitudeUnknown=0 attitudeFailClosed=0
[14:43:22.634][tid=32932] attitude path: work=0 phase2Enabled=1
[14:43:22.634][tid=32932] visibility tick: threadId=32932 processed=0 queued=0 casts=188 visible=1 occluded=94 dropped=0
[14:43:22.645][tid=3100] ESP diagnostics: snapshots=22 categories[civilian=0 enemy=0 police=0 other=22] attitude[hostile=0 unknown=9 valid=1478 invalid=0] dead=11 categorized=0 categoryEnabled=0 projected=10 front=6 poseBounds=6 skeletonLines=0 depthRange=[1.06,1263.46] maxDistance=300.0 distanceRejected=1 withinDistance=5 drawn=0 enabled=1 camera=1 health[valid=12226 invalid=3643 bars=1] nativeHighlight[queued=5 cleared=0 failures=0] visibility[on=1 available=1 occluded=0 unknown=0 casts=188 clear=1 blocked=94 dropped=0]
[14:43:23.692][tid=32932] no-recoil target: path=waiting-for-equipped-weapon playerId=0x1 weaponId=0x0 targetId=0x1 runtimeValidationRisk=0
[14:43:25.164][tid=32932] phase1 lifetime summary: registerCallbacks=596 registered=590 registerTid=30248 registerChanges=571 registerOnMain=25 registerOffMain=571 mainTickCalls=15360 mainTickTid=32932 mainTickChanges=0 unregisterCalls=180 unregisterTid=17972 unregisterChanges=174 unregisterOnMain=6 unregisterOffMain=174 unregisterTracked=9 unregisterUntracked=171 unregisterTrackingUnknown=0 unregisterNoId=0 lastRegister=(000001DBBA5CF4D0,0x557D5E430BB98ED0) lastUnregister=(000001DBAF135C20,0x28AF) unregisterHook=1 componentEntities=0 componentSkipped=0 componentSamples=0 layoutRejects=0 nullInstance=0 nullRefCount=0 truncated=0 attitudeAttempts=1588 attitudeSourceBlocked=0 attitudeAcquire=1588 attitudeExpiredInvalid=0 attitudeAgent=2158 attitudeUnknown=0 attitudeFailClosed=0
[14:43:25.628][tid=32932] attitude path: work=0 phase2Enabled=1
[14:43:25.628][tid=32932] visibility tick: threadId=32932 processed=0 queued=0 casts=188 visible=1 occluded=94 dropped=0
[14:43:25.639][tid=3100] ESP diagnostics: snapshots=22 categories[civilian=0 enemy=0 police=0 other=22] attitude[hostile=0 unknown=9 valid=1610 invalid=0] dead=11 categorized=0 categoryEnabled=0 projected=10 front=5 poseBounds=5 skeletonLines=0 depthRange=[0.71,1154.87] maxDistance=300.0 distanceRejected=1 withinDistance=4 drawn=0 enabled=1 camera=1 health[valid=13553 invalid=4140 bars=1] nativeHighlight[queued=5 cleared=0 failures=0] visibility[on=1 available=1 occluded=0 unknown=0 casts=188 clear=1 blocked=94 dropped=0]
[14:43:26.627][tid=32932] profile present (5000ms): snapshot[n=771 avg=59.8us max=408.5us] snapLockWait[n=771 avg=0.1us max=2.4us] snapCount[n=771 avg=22.0 max=22] poseSlots[n=2332 avg=5.8us max=97.8us] esp[n=771 avg=3.5us max=165.7us] aimbot[n=771 avg=0.7us max=3.6us]
[14:43:26.627][tid=32932] profile tick (5000ms): tickTotal[n=385 avg=44.5us max=232.3us] health[n=385 avg=27.2us max=221.8us] attitude[n=385 avg=13.0us max=48.7us] highlight[n=385 avg=1.4us max=77.2us] playerMods[n=385 avg=2.1us max=43.8us] visibility[n=385 avg=0.3us max=2.3us]
[14:43:26.627][tid=32932] profile tickdetail (5000ms): healthCollect[n=385 avg=1.1us max=150.2us] healthInvoke[n=385 avg=25.2us max=220.8us] attitudeCollect[n=385 avg=0.5us max=29.4us] attitudeInvoke[n=385 avg=2.6us max=22.6us] highlightCollect[n=385 avg=0.6us max=76.4us]
[14:43:26.692][tid=32932] no-recoil target: path=waiting-for-equipped-weapon playerId=0x1 weaponId=0x0 targetId=0x1 runtimeValidationRisk=0
[14:43:28.494][tid=32932] phase1 lifetime summary: registerCallbacks=604 registered=598 registerTid=296 registerChanges=576 registerOnMain=25 registerOffMain=579 mainTickCalls=15616 mainTickTid=32932 mainTickChanges=0 unregisterCalls=184 unregisterTid=31528 unregisterChanges=178 unregisterOnMain=6 unregisterOffMain=178 unregisterTracked=9 unregisterUntracked=175 unregisterTrackingUnknown=0 unregisterNoId=0 lastRegister=(000001DBA9EDE190,0x3B640EB8D78CAAFB) lastUnregister=(000001DBACD4BA60,0xDEEBC6FB86705E40) unregisterHook=1 componentEntities=0 componentSkipped=0 componentSamples=0 layoutRejects=0 nullInstance=0 nullRefCount=0 truncated=0 attitudeAttempts=1736 attitudeSourceBlocked=0 attitudeAcquire=1736 attitudeExpiredInvalid=0 attitudeAgent=2360 attitudeUnknown=0 attitudeFailClosed=0
[14:43:28.632][tid=32932] attitude path: work=0 phase2Enabled=1
[14:43:28.632][tid=32932] visibility tick: threadId=32932 processed=0 queued=0 casts=188 visible=1 occluded=94 dropped=0
[14:43:28.641][tid=3100] ESP diagnostics: snapshots=22 categories[civilian=0 enemy=0 police=0 other=22] attitude[hostile=0 unknown=9 valid=1742 invalid=0] dead=11 categorized=0 categoryEnabled=0 projected=10 front=3 poseBounds=3 skeletonLines=0 depthRange=[1.31,1325.26] maxDistance=300.0 distanceRejected=2 withinDistance=1 drawn=0 enabled=1 camera=1 health[valid=14897 invalid=4644 bars=1] nativeHighlight[queued=5 cleared=0 failures=0] visibility[on=1 available=1 occluded=0 unknown=0 casts=188 clear=1 blocked=94 dropped=0]
[14:43:29.690][tid=32932] no-recoil target: path=waiting-for-equipped-weapon playerId=0x1 weaponId=0x0 targetId=0x1 runtimeValidationRisk=0
[14:43:31.630][tid=32932] attitude path: work=0 phase2Enabled=1
[14:43:31.630][tid=32932] visibility tick: threadId=32932 processed=0 queued=0 casts=188 visible=1 occluded=94 dropped=0
[14:43:31.630][tid=32932] profile present (5000ms): snapshot[n=760 avg=62.3us max=593.0us] snapLockWait[n=760 avg=0.1us max=1.0us] snapCount[n=760 avg=22.0 max=22] poseSlots[n=2354 avg=6.2us max=376.6us] esp[n=760 avg=2.8us max=12.8us] aimbot[n=760 avg=0.7us max=25.1us]
[14:43:31.630][tid=32932] profile tick (5000ms): tickTotal[n=380 avg=43.6us max=458.0us] health[n=380 avg=26.8us max=430.7us] attitude[n=380 avg=13.0us max=49.6us] highlight[n=380 avg=1.2us max=3.1us] playerMods[n=380 avg=1.9us max=9.6us] visibility[n=380 avg=0.3us max=2.3us]
[14:43:31.630][tid=32932] profile tickdetail (5000ms): healthCollect[n=380 avg=1.6us max=184.5us] healthInvoke[n=380 avg=24.5us max=429.8us] attitudeCollect[n=380 avg=0.5us max=28.9us] attitudeInvoke[n=380 avg=2.6us max=23.3us] highlightCollect[n=380 avg=0.3us max=0.9us]
[14:43:31.643][tid=3100] ESP diagnostics: snapshots=22 categories[civilian=0 enemy=0 police=0 other=22] attitude[hostile=0 unknown=9 valid=1874 invalid=0] dead=11 categorized=0 categoryEnabled=0 projected=1 front=1 poseBounds=1 skeletonLines=0 depthRange=[1.32,1.32] maxDistance=300.0 distanceRejected=0 withinDistance=1 drawn=0 enabled=1 camera=1 health[valid=16205 invalid=5136 bars=1] nativeHighlight[queued=5 cleared=0 failures=0] visibility[on=1 available=1 occluded=0 unknown=0 casts=188 clear=1 blocked=94 dropped=0]
[14:43:31.901][tid=32932] phase1 lifetime summary: registerCallbacks=605 registered=599 registerTid=29076 registerChanges=577 registerOnMain=25 registerOffMain=580 mainTickCalls=15872 mainTickTid=32932 mainTickChanges=0 unregisterCalls=187 unregisterTid=33784 unregisterChanges=181 unregisterOnMain=6 unregisterOffMain=181 unregisterTracked=9 unregisterUntracked=178 unregisterTrackingUnknown=0 unregisterNoId=0 lastRegister=(000001DBAC130A00,0x6881B203A0152D1B) lastUnregister=(000001DBA1D7EC40,0xC440281EBA49C0B8) unregisterHook=1 componentEntities=0 componentSkipped=0 componentSamples=0 layoutRejects=0 nullInstance=0 nullRefCount=0 truncated=0 attitudeAttempts=1885 attitudeSourceBlocked=0 attitudeAcquire=1885 attitudeExpiredInvalid=0 attitudeAgent=2563 attitudeUnknown=0 attitudeFailClosed=0
[14:43:32.696][tid=32932] no-recoil target: path=waiting-for-equipped-weapon playerId=0x1 weaponId=0x0 targetId=0x1 runtimeValidationRisk=0
[14:43:34.630][tid=32932] attitude path: work=0 phase2Enabled=1
[14:43:34.630][tid=32932] visibility tick: threadId=32932 processed=0 queued=0 casts=188 visible=1 occluded=94 dropped=0
[14:43:34.640][tid=3100] ESP diagnostics: snapshots=22 categories[civilian=0 enemy=0 police=0 other=22] attitude[hostile=0 unknown=9 valid=2006 invalid=0] dead=11 categorized=0 categoryEnabled=0 projected=2 front=1 poseBounds=1 skeletonLines=0 depthRange=[1.37,1.37] maxDistance=300.0 distanceRejected=0 withinDistance=1 drawn=0 enabled=1 camera=1 health[valid=17485 invalid=5616 bars=1] nativeHighlight[queued=5 cleared=0 failures=0] visibility[on=1 available=1 occluded=0 unknown=0 casts=188 clear=1 blocked=94 dropped=0]
[14:43:35.372][tid=32932] phase1 lifetime summary: registerCallbacks=605 registered=599 registerTid=29076 registerChanges=577 registerOnMain=25 registerOffMain=580 mainTickCalls=16128 mainTickTid=32932 mainTickChanges=0 unregisterCalls=187 unregisterTid=33784 unregisterChanges=181 unregisterOnMain=6 unregisterOffMain=181 unregisterTracked=9 unregisterUntracked=178 unregisterTrackingUnknown=0 unregisterNoId=0 lastRegister=(000001DBAC130A00,0x6881B203A0152D1B) lastUnregister=(000001DBA1D7EC40,0xC440281EBA49C0B8) unregisterHook=1 componentEntities=0 componentSkipped=0 componentSamples=0 layoutRejects=0 nullInstance=0 nullRefCount=0 truncated=0 attitudeAttempts=2039 attitudeSourceBlocked=0 attitudeAcquire=2039 attitudeExpiredInvalid=0 attitudeAgent=2773 attitudeUnknown=0 attitudeFailClosed=0
[14:43:35.696][tid=32932] no-recoil target: path=waiting-for-equipped-weapon playerId=0x1 weaponId=0x0 targetId=0x1 runtimeValidationRisk=0
[14:43:36.631][tid=32932] profile present (5000ms): snapshot[n=741 avg=60.0us max=514.0us] snapLockWait[n=741 avg=0.1us max=0.6us] snapCount[n=741 avg=22.0 max=22] poseSlots[n=2332 avg=5.7us max=183.9us] esp[n=741 avg=3.1us max=44.8us] aimbot[n=741 avg=0.7us max=1.5us]
[14:43:36.631][tid=32932] profile tick (5000ms): tickTotal[n=371 avg=43.1us max=165.6us] health[n=371 avg=25.2us max=152.7us] attitude[n=371 avg=13.8us max=64.6us] highlight[n=371 avg=1.2us max=3.1us] playerMods[n=371 avg=2.1us max=36.7us] visibility[n=371 avg=0.3us max=2.4us]
[14:43:36.631][tid=32932] profile tickdetail (5000ms): healthCollect[n=371 avg=0.6us max=54.3us] healthInvoke[n=371 avg=23.7us max=151.7us] attitudeCollect[n=371 avg=0.6us max=28.6us] attitudeInvoke[n=371 avg=2.8us max=50.1us] highlightCollect[n=371 avg=0.4us max=1.0us]
[14:43:37.626][tid=32932] attitude path: work=0 phase2Enabled=1
[14:43:37.626][tid=32932] visibility tick: threadId=32932 processed=0 queued=0 casts=188 visible=1 occluded=94 dropped=0
[14:43:37.648][tid=3100] ESP diagnostics: snapshots=22 categories[civilian=0 enemy=0 police=0 other=22] attitude[hostile=0 unknown=9 valid=2138 invalid=0] dead=11 categorized=0 categoryEnabled=0 projected=11 front=3 poseBounds=3 skeletonLines=0 depthRange=[4.38,546.48] maxDistance=300.0 distanceRejected=2 withinDistance=1 drawn=0 enabled=1 camera=1 health[valid=18865 invalid=6132 bars=1] nativeHighlight[queued=5 cleared=0 failures=0] visibility[on=1 available=1 occluded=0 unknown=0 casts=188 clear=1 blocked=94 dropped=0]
[14:43:38.533][tid=32932] phase1 lifetime summary: registerCallbacks=605 registered=599 registerTid=29076 registerChanges=577 registerOnMain=25 registerOffMain=580 mainTickCalls=16384 mainTickTid=32932 mainTickChanges=0 unregisterCalls=187 unregisterTid=33784 unregisterChanges=181 unregisterOnMain=6 unregisterOffMain=181 unregisterTracked=9 unregisterUntracked=178 unregisterTrackingUnknown=0 unregisterNoId=0 lastRegister=(000001DBAC130A00,0x6881B203A0152D1B) lastUnregister=(000001DBA1D7EC40,0xC440281EBA49C0B8) unregisterHook=1 componentEntities=0 componentSkipped=0 componentSamples=0 layoutRejects=0 nullInstance=0 nullRefCount=0 truncated=0 attitudeAttempts=2180 attitudeSourceBlocked=0 attitudeAcquire=2180 attitudeExpiredInvalid=0 attitudeAgent=2965 attitudeUnknown=0 attitudeFailClosed=0
[14:43:38.687][tid=32932] no-recoil target: path=waiting-for-equipped-weapon playerId=0x1 weaponId=0x0 targetId=0x1 runtimeValidationRisk=0
[14:43:40.633][tid=32932] attitude path: work=0 phase2Enabled=1
[14:43:40.633][tid=32932] visibility tick: threadId=32932 processed=0 queued=0 casts=188 visible=1 occluded=94 dropped=0
[14:43:40.645][tid=3100] ESP diagnostics: snapshots=22 categories[civilian=0 enemy=0 police=0 other=22] attitude[hostile=0 unknown=9 valid=2270 invalid=0] dead=11 categorized=0 categoryEnabled=0 projected=2 front=2 poseBounds=2 skeletonLines=0 depthRange=[12.13,13.74] maxDistance=300.0 distanceRejected=0 withinDistance=2 drawn=0 enabled=1 camera=1 health[valid=20255 invalid=6654 bars=1] nativeHighlight[queued=5 cleared=0 failures=0] visibility[on=1 available=1 occluded=0 unknown=0 casts=188 clear=1 blocked=94 dropped=0]
[14:43:41.622][tid=32932] profile present (5000ms): snapshot[n=885 avg=51.0us max=310.8us] snapLockWait[n=885 avg=0.1us max=0.9us] snapCount[n=885 avg=22.0 max=22] poseSlots[n=2354 avg=5.5us max=19.1us] esp[n=885 avg=2.8us max=17.6us] aimbot[n=885 avg=0.7us max=3.7us]
[14:43:41.622][tid=32932] profile tick (5000ms): tickTotal[n=520 avg=38.4us max=387.4us] health[n=520 avg=22.5us max=184.3us] attitude[n=520 avg=12.3us max=345.8us] highlight[n=520 avg=1.3us max=44.7us] playerMods[n=520 avg=1.7us max=40.1us] visibility[n=520 avg=0.2us max=2.5us]
[14:43:41.622][tid=32932] profile tickdetail (5000ms): healthCollect[n=520 avg=0.5us max=144.7us] healthInvoke[n=520 avg=21.4us max=183.6us] attitudeCollect[n=520 avg=0.4us max=1.0us] attitudeInvoke[n=520 avg=2.4us max=149.6us] highlightCollect[n=520 avg=0.5us max=43.9us]
[14:43:41.665][tid=32932] phase1 lifetime summary: registerCallbacks=605 registered=599 registerTid=29076 registerChanges=577 registerOnMain=25 registerOffMain=580 mainTickCalls=16768 mainTickTid=32932 mainTickChanges=0 unregisterCalls=187 unregisterTid=33784 unregisterChanges=181 unregisterOnMain=6 unregisterOffMain=181 unregisterTracked=9 unregisterUntracked=178 unregisterTrackingUnknown=0 unregisterNoId=0 lastRegister=(000001DBAC130A00,0x6881B203A0152D1B) lastUnregister=(000001DBA1D7EC40,0xC440281EBA49C0B8) unregisterHook=1 componentEntities=0 componentSkipped=0 componentSamples=0 layoutRejects=0 nullInstance=0 nullRefCount=0 truncated=0 attitudeAttempts=2314 attitudeSourceBlocked=0 attitudeAcquire=2314 attitudeExpiredInvalid=0 attitudeAgent=3148 attitudeUnknown=0 attitudeFailClosed=0
[14:43:41.685][tid=32932] no-recoil target: path=waiting-for-equipped-weapon playerId=0x1 weaponId=0x0 targetId=0x1 runtimeValidationRisk=0
[14:43:43.623][tid=32932] attitude path: work=0 phase2Enabled=1
[14:43:43.623][tid=32932] visibility tick: threadId=32932 processed=0 queued=0 casts=188 visible=1 occluded=94 dropped=0
[14:43:43.640][tid=28432] ESP diagnostics: snapshots=22 categories[civilian=0 enemy=0 police=0 other=22] attitude[hostile=0 unknown=9 valid=2402 invalid=0] dead=11 categorized=0 categoryEnabled=0 projected=2 front=2 poseBounds=2 skeletonLines=0 depthRange=[12.26,13.75] maxDistance=300.0 distanceRejected=0 withinDistance=2 drawn=0 enabled=1 camera=1 health[valid=25602 invalid=8659 bars=1] nativeHighlight[queued=5 cleared=0 failures=0] visibility[on=1 available=1 occluded=0 unknown=0 casts=188 clear=1 blocked=94 dropped=0]
[14:43:44.685][tid=32932] no-recoil target: path=waiting-for-equipped-weapon playerId=0x1 weaponId=0x0 targetId=0x1 runtimeValidationRisk=0
[14:43:44.817][tid=32932] phase1 lifetime summary: registerCallbacks=605 registered=599 registerTid=29076 registerChanges=577 registerOnMain=25 registerOffMain=580 mainTickCalls=17920 mainTickTid=32932 mainTickChanges=0 unregisterCalls=187 unregisterTid=33784 unregisterChanges=181 unregisterOnMain=6 unregisterOffMain=181 unregisterTracked=9 unregisterUntracked=178 unregisterTrackingUnknown=0 unregisterNoId=0 lastRegister=(000001DBAC130A00,0x6881B203A0152D1B) lastUnregister=(000001DBA1D7EC40,0xC440281EBA49C0B8) unregisterHook=1 componentEntities=0 componentSkipped=0 componentSamples=0 layoutRejects=0 nullInstance=0 nullRefCount=0 truncated=0 attitudeAttempts=2457 attitudeSourceBlocked=0 attitudeAcquire=2457 attitudeExpiredInvalid=0 attitudeAgent=3343 attitudeUnknown=0 attitudeFailClosed=0
[14:43:46.633][tid=32932] attitude path: work=0 phase2Enabled=1
[14:43:46.633][tid=32932] visibility tick: threadId=32932 processed=0 queued=0 casts=188 visible=1 occluded=94 dropped=0
[14:43:46.633][tid=32932] profile present (5000ms): snapshot[n=2022 avg=35.9us max=297.1us] snapLockWait[n=2022 avg=0.1us max=0.3us] snapCount[n=2022 avg=22.0 max=22] poseSlots[n=2310 avg=5.8us max=16.5us] esp[n=2022 avg=2.7us max=11.5us] aimbot[n=2022 avg=1.0us max=516.7us]
[14:43:46.633][tid=32932] profile tick (5000ms): tickTotal[n=2011 avg=24.8us max=223.1us] health[n=2011 avg=15.1us max=214.3us] attitude[n=2011 avg=6.8us max=41.0us] highlight[n=2011 avg=1.2us max=141.6us] playerMods[n=2011 avg=1.3us max=6.6us] visibility[n=2011 avg=0.1us max=2.9us]
[14:43:46.633][tid=32932] profile tickdetail (5000ms): healthCollect[n=2011 avg=0.2us max=0.8us] healthInvoke[n=2011 avg=14.5us max=213.6us] attitudeCollect[n=2011 avg=0.4us max=1.2us] attitudeInvoke[n=2011 avg=0.5us max=22.8us] highlightCollect[n=2011 avg=0.4us max=1.0us]
[14:43:46.646][tid=3100] ESP diagnostics: snapshots=22 categories[civilian=0 enemy=0 police=0 other=22] attitude[hostile=0 unknown=9 valid=2534 invalid=0] dead=11 categorized=0 categoryEnabled=0 projected=2 front=2 poseBounds=2 skeletonLines=0 depthRange=[12.53,13.91] maxDistance=300.0 distanceRejected=0 withinDistance=2 drawn=0 enabled=1 camera=1 health[valid=33096 invalid=11469 bars=1] nativeHighlight[queued=5 cleared=0 failures=0] visibility[on=1 available=1 occluded=0 unknown=0 casts=188 clear=1 blocked=94 dropped=0]
[14:43:47.695][tid=32932] no-recoil target: path=waiting-for-equipped-weapon playerId=0x1 weaponId=0x0 targetId=0x1 runtimeValidationRisk=0
[14:43:49.135][tid=32932] phase1 lifetime summary: registerCallbacks=606 registered=600 registerTid=26900 registerChanges=578 registerOnMain=25 registerOffMain=581 mainTickCalls=18944 mainTickTid=32932 mainTickChanges=0 unregisterCalls=190 unregisterTid=17972 unregisterChanges=184 unregisterOnMain=6 unregisterOffMain=184 unregisterTracked=9 unregisterUntracked=181 unregisterTrackingUnknown=0 unregisterNoId=0 lastRegister=(000001DBABB1D790,0xE5392303FE0646D8) lastUnregister=(000001DBACD4B1C0,0xDC475BFC02262130) unregisterHook=1 componentEntities=0 componentSkipped=0 componentSamples=0 layoutRejects=0 nullInstance=0 nullRefCount=0 truncated=0 attitudeAttempts=2644 attitudeSourceBlocked=0 attitudeAcquire=2644 attitudeExpiredInvalid=0 attitudeAgent=3598 attitudeUnknown=0 attitudeFailClosed=0
[14:43:49.625][tid=32932] attitude path: work=0 phase2Enabled=1
[14:43:49.625][tid=32932] visibility tick: threadId=32932 processed=0 queued=0 casts=188 visible=1 occluded=94 dropped=0
[14:43:49.640][tid=3100] ESP diagnostics: snapshots=22 categories[civilian=0 enemy=0 police=0 other=22] attitude[hostile=0 unknown=9 valid=2666 invalid=0] dead=11 categorized=0 categoryEnabled=0 projected=2 front=2 poseBounds=2 skeletonLines=0 depthRange=[3.85,4.23] maxDistance=300.0 distanceRejected=0 withinDistance=2 drawn=0 enabled=1 camera=1 health[valid=34427 invalid=11970 bars=1] nativeHighlight[queued=5 cleared=0 failures=0] visibility[on=1 available=1 occluded=0 unknown=0 casts=188 clear=1 blocked=94 dropped=0]
[14:43:50.695][tid=32932] no-recoil target: path=waiting-for-equipped-weapon playerId=0x1 weaponId=0x0 targetId=0x1 runtimeValidationRisk=0
[14:43:51.631][tid=32932] profile present (5000ms): snapshot[n=784 avg=60.8us max=402.7us] snapLockWait[n=784 avg=0.1us max=0.9us] snapCount[n=784 avg=22.0 max=22] poseSlots[n=2354 avg=6.0us max=22.1us] esp[n=784 avg=3.1us max=18.8us] aimbot[n=784 avg=0.7us max=21.2us]
[14:43:51.631][tid=32932] profile tick (5000ms): tickTotal[n=390 avg=48.2us max=386.9us] health[n=390 avg=28.9us max=332.6us] attitude[n=390 avg=14.8us max=222.2us] highlight[n=390 avg=1.7us max=91.2us] playerMods[n=390 avg=2.0us max=27.3us] visibility[n=390 avg=0.3us max=2.8us]
[14:43:51.631][tid=32932] profile tickdetail (5000ms): healthCollect[n=390 avg=2.6us max=315.8us] healthInvoke[n=390 avg=25.2us max=142.3us] attitudeCollect[n=390 avg=1.0us max=126.3us] attitudeInvoke[n=390 avg=3.2us max=206.2us] highlightCollect[n=390 avg=0.4us max=0.8us]
[14:43:52.324][tid=32932] phase1 lifetime summary: registerCallbacks=612 registered=606 registerTid=31528 registerChanges=583 registerOnMain=25 registerOffMain=587 mainTickCalls=19200 mainTickTid=32932 mainTickChanges=0 unregisterCalls=190 unregisterTid=17972 unregisterChanges=184 unregisterOnMain=6 unregisterOffMain=184 unregisterTracked=9 unregisterUntracked=181 unregisterTrackingUnknown=0 unregisterNoId=0 lastRegister=(000001DBC22603D0,0x9B04D4) lastUnregister=(000001DBACD4B1C0,0xDC475BFC02262130) unregisterHook=1 componentEntities=0 componentSkipped=0 componentSamples=0 layoutRejects=0 nullInstance=0 nullRefCount=0 truncated=0 attitudeAttempts=2787 attitudeSourceBlocked=0 attitudeAcquire=2787 attitudeExpiredInvalid=0 attitudeAgent=3793 attitudeUnknown=0 attitudeFailClosed=0
[14:43:52.627][tid=32932] attitude path: work=0 phase2Enabled=1
[14:43:52.627][tid=32932] visibility tick: threadId=32932 processed=0 queued=0 casts=188 visible=1 occluded=94 dropped=0
[14:43:52.640][tid=3100] ESP diagnostics: snapshots=22 categories[civilian=0 enemy=0 police=0 other=22] attitude[hostile=0 unknown=9 valid=2798 invalid=0] dead=11 categorized=0 categoryEnabled=0 projected=11 front=2 poseBounds=2 skeletonLines=0 depthRange=[2.65,4.44] maxDistance=300.0 distanceRejected=0 withinDistance=2 drawn=0 enabled=1 camera=1 health[valid=35830 invalid=12495 bars=1] nativeHighlight[queued=5 cleared=0 failures=0] visibility[on=1 available=1 occluded=0 unknown=0 casts=188 clear=1 blocked=94 dropped=0]
[14:43:53.690][tid=32932] no-recoil target: path=waiting-for-equipped-weapon playerId=0x1 weaponId=0x0 targetId=0x1 runtimeValidationRisk=0
[14:43:55.468][tid=32932] phase1 lifetime summary: registerCallbacks=612 registered=606 registerTid=31528 registerChanges=583 registerOnMain=25 registerOffMain=587 mainTickCalls=19456 mainTickTid=32932 mainTickChanges=0 unregisterCalls=193 unregisterTid=17972 unregisterChanges=184 unregisterOnMain=6 unregisterOffMain=187 unregisterTracked=9 unregisterUntracked=184 unregisterTrackingUnknown=0 unregisterNoId=0 lastRegister=(000001DBC22603D0,0x9B04D4) lastUnregister=(000001DBC22603D0,0x9B04D4) unregisterHook=1 componentEntities=0 componentSkipped=0 componentSamples=0 layoutRejects=0 nullInstance=0 nullRefCount=0 truncated=0 attitudeAttempts=2924 attitudeSourceBlocked=0 attitudeAcquire=2924 attitudeExpiredInvalid=0 attitudeAgent=3980 attitudeUnknown=0 attitudeFailClosed=0
[14:43:55.625][tid=32932] attitude path: work=0 phase2Enabled=1
[14:43:55.625][tid=32932] visibility tick: threadId=32932 processed=0 queued=0 casts=188 visible=1 occluded=94 dropped=0
[14:43:55.650][tid=3100] ESP diagnostics: snapshots=22 categories[civilian=0 enemy=0 police=0 other=22] attitude[hostile=0 unknown=9 valid=2930 invalid=0] dead=11 categorized=0 categoryEnabled=0 projected=11 front=2 poseBounds=2 skeletonLines=0 depthRange=[2.94,3.59] maxDistance=300.0 distanceRejected=0 withinDistance=2 drawn=0 enabled=1 camera=1 health[valid=37261 invalid=13032 bars=1] nativeHighlight[queued=5 cleared=0 failures=0] visibility[on=1 available=1 occluded=0 unknown=0 casts=188 clear=1 blocked=94 dropped=0]
[14:43:56.632][tid=32932] profile present (5000ms): snapshot[n=812 avg=57.4us max=257.7us] snapLockWait[n=812 avg=0.1us max=0.7us] snapCount[n=812 avg=22.0 max=22] poseSlots[n=2332 avg=5.9us max=17.9us] esp[n=812 avg=2.3us max=14.6us] aimbot[n=812 avg=0.6us max=3.1us]
[14:43:56.632][tid=32932] profile tick (5000ms): tickTotal[n=407 avg=44.1us max=215.7us] health[n=407 avg=26.1us max=201.1us] attitude[n=407 avg=13.7us max=71.5us] highlight[n=407 avg=1.8us max=126.6us] playerMods[n=407 avg=1.7us max=6.8us] visibility[n=407 avg=0.3us max=2.3us]
[14:43:56.632][tid=32932] profile tickdetail (5000ms): healthCollect[n=407 avg=1.2us max=120.9us] healthInvoke[n=407 avg=23.4us max=101.6us] attitudeCollect[n=407 avg=0.7us max=63.4us] attitudeInvoke[n=407 avg=2.5us max=25.5us] highlightCollect[n=407 avg=0.7us max=125.6us]
[14:43:56.691][tid=32932] no-recoil target: path=waiting-for-equipped-weapon playerId=0x1 weaponId=0x0 targetId=0x1 runtimeValidationRisk=0
[14:43:58.608][tid=32932] phase1 lifetime summary: registerCallbacks=616 registered=610 registerTid=296 registerChanges=587 registerOnMain=25 registerOffMain=591 mainTickCalls=19712 mainTickTid=32932 mainTickChanges=0 unregisterCalls=194 unregisterTid=23524 unregisterChanges=185 unregisterOnMain=6 unregisterOffMain=188 unregisterTracked=9 unregisterUntracked=185 unregisterTrackingUnknown=0 unregisterNoId=0 lastRegister=(000001DBB31189E0,0x703904DDBA0D1114) lastUnregister=(000001DBA8B51010,0x897212) unregisterHook=1 componentEntities=0 componentSkipped=0 componentSamples=0 layoutRejects=0 nullInstance=0 nullRefCount=0 truncated=0 attitudeAttempts=3062 attitudeSourceBlocked=0 attitudeAcquire=3062 attitudeExpiredInvalid=0 attitudeAgent=4168 attitudeUnknown=0 attitudeFailClosed=0
[14:43:58.631][tid=32932] attitude path: work=0 phase2Enabled=1
[14:43:58.631][tid=32932] visibility tick: threadId=32932 processed=0 queued=0 casts=188 visible=1 occluded=94 dropped=0
[14:43:58.644][tid=3100] ESP diagnostics: snapshots=22 categories[civilian=0 enemy=0 police=0 other=22] attitude[hostile=0 unknown=9 valid=3062 invalid=0] dead=11 categorized=0 categoryEnabled=0 projected=4 front=4 poseBounds=4 skeletonLines=0 depthRange=[0.62,1025.44] maxDistance=300.0 distanceRejected=2 withinDistance=2 drawn=0 enabled=1 camera=1 health[valid=38682 invalid=13563 bars=1] nativeHighlight[queued=5 cleared=0 failures=0] visibility[on=1 available=1 occluded=0 unknown=0 casts=188 clear=1 blocked=94 dropped=0]
[14:43:59.689][tid=32932] no-recoil target: path=waiting-for-equipped-weapon playerId=0x1 weaponId=0x0 targetId=0x1 runtimeValidationRisk=0
[14:44:01.632][tid=32932] attitude path: work=0 phase2Enabled=1
[14:44:01.632][tid=32932] visibility tick: threadId=32932 processed=0 queued=0 casts=188 visible=1 occluded=94 dropped=0
[14:44:01.632][tid=32932] profile present (5000ms): snapshot[n=832 avg=56.2us max=331.6us] snapLockWait[n=832 avg=0.2us max=137.1us] snapCount[n=832 avg=22.0 max=22] poseSlots[n=2354 avg=5.9us max=24.1us] esp[n=832 avg=2.4us max=15.1us] aimbot[n=832 avg=0.7us max=20.1us]
[14:44:01.632][tid=32932] profile tick (5000ms): tickTotal[n=415 avg=44.7us max=340.0us] health[n=415 avg=26.7us max=150.6us] attitude[n=415 avg=14.2us max=317.7us] highlight[n=415 avg=1.4us max=5.4us] playerMods[n=415 avg=1.8us max=7.7us] visibility[n=415 avg=0.2us max=2.8us]
[14:44:01.632][tid=32932] profile tickdetail (5000ms): healthCollect[n=415 avg=1.7us max=134.4us] healthInvoke[n=415 avg=23.9us max=149.4us] attitudeCollect[n=415 avg=0.6us max=46.1us] attitudeInvoke[n=415 avg=2.7us max=153.1us] highlightCollect[n=415 avg=0.4us max=1.1us]
[14:44:01.646][tid=3100] ESP diagnostics: snapshots=22 categories[civilian=0 enemy=0 police=0 other=22] attitude[hostile=0 unknown=9 valid=3194 invalid=0] dead=11 categorized=0 categoryEnabled=0 projected=11 front=1 poseBounds=1 skeletonLines=0 depthRange=[2.68,2.68] maxDistance=300.0 distanceRejected=0 withinDistance=1 drawn=0 enabled=1 camera=1 health[valid=40148 invalid=14113 bars=1] nativeHighlight[queued=5 cleared=0 failures=0] visibility[on=1 available=1 occluded=0 unknown=0 casts=188 clear=1 blocked=94 dropped=0]
[14:44:01.657][tid=32932] phase1 lifetime summary: registerCallbacks=617 registered=611 registerTid=23524 registerChanges=588 registerOnMain=25 registerOffMain=592 mainTickCalls=19968 mainTickTid=32932 mainTickChanges=0 unregisterCalls=198 unregisterTid=27332 unregisterChanges=188 unregisterOnMain=6 unregisterOffMain=192 unregisterTracked=9 unregisterUntracked=189 unregisterTrackingUnknown=0 unregisterNoId=0 lastRegister=(000001DBA8B51010,0x897212) lastUnregister=(000001DBBB30BF90,0x9B04D6) unregisterHook=1 componentEntities=0 componentSkipped=0 componentSamples=0 layoutRejects=0 nullInstance=0 nullRefCount=0 truncated=0 attitudeAttempts=3194 attitudeSourceBlocked=0 attitudeAcquire=3194 attitudeExpiredInvalid=0 attitudeAgent=4348 attitudeUnknown=0 attitudeFailClosed=0
[14:44:02.692][tid=32932] no-recoil target: path=waiting-for-equipped-weapon playerId=0x1 weaponId=0x0 targetId=0x1 runtimeValidationRisk=0
[14:44:04.623][tid=32932] attitude path: work=0 phase2Enabled=1
[14:44:04.623][tid=32932] visibility tick: threadId=32932 processed=0 queued=0 casts=188 visible=1 occluded=94 dropped=0
[14:44:04.646][tid=3100] ESP diagnostics: snapshots=22 categories[civilian=0 enemy=0 police=0 other=22] attitude[hostile=0 unknown=9 valid=3326 invalid=0] dead=11 categorized=0 categoryEnabled=0 projected=11 front=2 poseBounds=2 skeletonLines=0 depthRange=[387.70,675.90] maxDistance=300.0 distanceRejected=2 withinDistance=0 drawn=0 enabled=1 camera=1 health[valid=41620 invalid=14665 bars=1] nativeHighlight[queued=5 cleared=0 failures=0] visibility[on=1 available=1 occluded=0 unknown=0 casts=188 clear=1 blocked=94 dropped=0]
[14:44:04.691][tid=32932] phase1 lifetime summary: registerCallbacks=617 registered=611 registerTid=23524 registerChanges=588 registerOnMain=25 registerOffMain=592 mainTickCalls=20224 mainTickTid=32932 mainTickChanges=0 unregisterCalls=199 unregisterTid=33564 unregisterChanges=189 unregisterOnMain=6 unregisterOffMain=193 unregisterTracked=9 unregisterUntracked=190 unregisterTrackingUnknown=0 unregisterNoId=0 lastRegister=(000001DBA8B51010,0x897212) lastUnregister=(000001DBA8B51010,0x897212) unregisterHook=1 componentEntities=0 componentSkipped=0 componentSamples=0 layoutRejects=0 nullInstance=0 nullRefCount=0 truncated=0 attitudeAttempts=3326 attitudeSourceBlocked=0 attitudeAcquire=3326 attitudeExpiredInvalid=0 attitudeAgent=4528 attitudeUnknown=0 attitudeFailClosed=0
[14:44:05.696][tid=32932] no-recoil target: path=waiting-for-equipped-weapon playerId=0x1 weaponId=0x0 targetId=0x1 runtimeValidationRisk=0
[14:44:06.626][tid=32932] profile present (5000ms): snapshot[n=836 avg=57.3us max=249.1us] snapLockWait[n=836 avg=0.1us max=0.6us] snapCount[n=836 avg=22.0 max=22] poseSlots[n=2347 avg=6.0us max=15.4us] esp[n=836 avg=2.5us max=18.0us] aimbot[n=836 avg=0.6us max=1.6us]
[14:44:06.626][tid=32932] profile tick (5000ms): tickTotal[n=418 avg=45.9us max=355.1us] health[n=418 avg=27.8us max=343.5us] attitude[n=418 avg=14.0us max=183.4us] highlight[n=418 avg=1.4us max=5.3us] playerMods[n=418 avg=1.8us max=27.2us] visibility[n=418 avg=0.3us max=2.3us]
[14:44:06.626][tid=32932] profile tickdetail (5000ms): healthCollect[n=418 avg=1.7us max=121.8us] healthInvoke[n=418 avg=24.9us max=342.6us] attitudeCollect[n=418 avg=0.8us max=99.9us] attitudeInvoke[n=418 avg=2.5us max=31.5us] highlightCollect[n=418 avg=0.4us max=0.9us]
[14:44:07.623][tid=32932] attitude path: work=0 phase2Enabled=1
[14:44:07.623][tid=32932] visibility tick: threadId=32932 processed=0 queued=0 casts=188 visible=1 occluded=94 dropped=0
[14:44:07.647][tid=3100] ESP diagnostics: snapshots=22 categories[civilian=0 enemy=0 police=0 other=22] attitude[hostile=0 unknown=9 valid=3458 invalid=0] dead=11 categorized=0 categoryEnabled=0 projected=11 front=2 poseBounds=2 skeletonLines=0 depthRange=[1.89,2.58] maxDistance=300.0 distanceRejected=0 withinDistance=2 drawn=0 enabled=1 camera=1 health[valid=43028 invalid=15193 bars=1] nativeHighlight[queued=5 cleared=0 failures=0] visibility[on=1 available=1 occluded=0 unknown=0 casts=188 clear=1 blocked=94 dropped=0]
[14:44:07.847][tid=32932] phase1 lifetime summary: registerCallbacks=619 registered=613 registerTid=33564 registerChanges=590 registerOnMain=25 registerOffMain=594 mainTickCalls=20480 mainTickTid=32932 mainTickChanges=0 unregisterCalls=200 unregisterTid=30248 unregisterChanges=190 unregisterOnMain=6 unregisterOffMain=194 unregisterTracked=9 unregisterUntracked=191 unregisterTrackingUnknown=0 unregisterNoId=0 lastRegister=(000001DBAB283560,0x51B744352CF2BBAD) lastUnregister=(000001DBAB283560,0x51B744352CF2BBAD) unregisterHook=1 componentEntities=0 componentSkipped=0 componentSamples=0 layoutRejects=0 nullInstance=0 nullRefCount=0 truncated=0 attitudeAttempts=3467 attitudeSourceBlocked=0 attitudeAcquire=3467 attitudeExpiredInvalid=0 attitudeAgent=4720 attitudeUnknown=0 attitudeFailClosed=0
[14:44:08.688][tid=32932] no-recoil target: path=waiting-for-equipped-weapon playerId=0x1 weaponId=0x0 targetId=0x1 runtimeValidationRisk=0
[14:44:10.627][tid=32932] attitude path: work=0 phase2Enabled=1
[14:44:10.627][tid=32932] visibility tick: threadId=32932 processed=0 queued=0 casts=188 visible=1 occluded=94 dropped=0
[14:44:10.638][tid=3100] ESP diagnostics: snapshots=22 categories[civilian=0 enemy=0 police=0 other=22] attitude[hostile=0 unknown=9 valid=3590 invalid=0] dead=11 categorized=0 categoryEnabled=0 projected=11 front=2 poseBounds=2 skeletonLines=0 depthRange=[1.30,2.40] maxDistance=300.0 distanceRejected=0 withinDistance=2 drawn=0 enabled=1 camera=1 health[valid=44465 invalid=15732 bars=1] nativeHighlight[queued=5 cleared=0 failures=0] visibility[on=1 available=1 occluded=0 unknown=0 casts=188 clear=1 blocked=94 dropped=0]
[14:44:10.946][tid=32932] phase1 lifetime summary: registerCallbacks=619 registered=613 registerTid=33564 registerChanges=590 registerOnMain=25 registerOffMain=594 mainTickCalls=20736 mainTickTid=32932 mainTickChanges=0 unregisterCalls=200 unregisterTid=30248 unregisterChanges=190 unregisterOnMain=6 unregisterOffMain=194 unregisterTracked=9 unregisterUntracked=191 unregisterTrackingUnknown=0 unregisterNoId=0 lastRegister=(000001DBAB283560,0x51B744352CF2BBAD) lastUnregister=(000001DBAB283560,0x51B744352CF2BBAD) unregisterHook=1 componentEntities=0 componentSkipped=0 componentSamples=0 layoutRejects=0 nullInstance=0 nullRefCount=0 truncated=0 attitudeAttempts=3601 attitudeSourceBlocked=0 attitudeAcquire=3601 attitudeExpiredInvalid=0 attitudeAgent=4903 attitudeUnknown=0 attitudeFailClosed=0
[14:44:11.628][tid=32932] profile present (5000ms): snapshot[n=816 avg=59.2us max=250.6us] snapLockWait[n=816 avg=0.1us max=1.1us] snapCount[n=816 avg=22.0 max=22] poseSlots[n=2339 avg=6.0us max=24.4us] esp[n=816 avg=2.4us max=15.1us] aimbot[n=816 avg=0.7us max=1.9us]
[14:44:11.628][tid=32932] profile tick (5000ms): tickTotal[n=408 avg=43.7us max=200.0us] health[n=408 avg=26.2us max=186.2us] attitude[n=408 avg=13.5us max=49.9us] highlight[n=408 avg=1.4us max=4.6us] playerMods[n=408 avg=1.9us max=7.7us] visibility[n=408 avg=0.3us max=2.5us]
[14:44:11.628][tid=32932] profile tickdetail (5000ms): healthCollect[n=408 avg=1.2us max=102.8us] healthInvoke[n=408 avg=23.3us max=111.9us] attitudeCollect[n=408 avg=0.6us max=28.1us] attitudeInvoke[n=408 avg=2.5us max=22.1us] highlightCollect[n=408 avg=0.4us max=0.7us]
[14:44:11.691][tid=32932] no-recoil target: path=waiting-for-equipped-weapon playerId=0x1 weaponId=0x0 targetId=0x1 runtimeValidationRisk=0
[14:44:13.626][tid=32932] attitude path: work=0 phase2Enabled=1
[14:44:13.626][tid=32932] visibility tick: threadId=32932 processed=0 queued=0 casts=188 visible=1 occluded=94 dropped=0
[14:44:13.638][tid=3100] ESP diagnostics: snapshots=22 categories[civilian=0 enemy=0 police=0 other=22] attitude[hostile=0 unknown=9 valid=3722 invalid=0] dead=11 categorized=0 categoryEnabled=0 projected=11 front=1 poseBounds=1 skeletonLines=0 depthRange=[1.64,1.64] maxDistance=300.0 distanceRejected=0 withinDistance=1 drawn=0 enabled=1 camera=1 health[valid=45919 invalid=16278 bars=1] nativeHighlight[queued=5 cleared=0 failures=0] visibility[on=1 available=1 occluded=0 unknown=0 casts=188 clear=1 blocked=94 dropped=0]
[14:44:14.023][tid=32932] phase1 lifetime summary: registerCallbacks=619 registered=613 registerTid=33564 registerChanges=590 registerOnMain=25 registerOffMain=594 mainTickCalls=20992 mainTickTid=32932 mainTickChanges=0 unregisterCalls=200 unregisterTid=30248 unregisterChanges=190 unregisterOnMain=6 unregisterOffMain=194 unregisterTracked=9 unregisterUntracked=191 unregisterTrackingUnknown=0 unregisterNoId=0 lastRegister=(000001DBAB283560,0x51B744352CF2BBAD) lastUnregister=(000001DBAB283560,0x51B744352CF2BBAD) unregisterHook=1 componentEntities=0 componentSkipped=0 componentSamples=0 layoutRejects=0 nullInstance=0 nullRefCount=0 truncated=0 attitudeAttempts=3742 attitudeSourceBlocked=0 attitudeAcquire=3742 attitudeExpiredInvalid=0 attitudeAgent=5095 attitudeUnknown=0 attitudeFailClosed=0
[14:44:14.689][tid=32932] no-recoil target: path=waiting-for-equipped-weapon playerId=0x1 weaponId=0x0 targetId=0x1 runtimeValidationRisk=0
[14:44:16.630][tid=32932] attitude path: work=0 phase2Enabled=1
[14:44:16.630][tid=32932] visibility tick: threadId=32932 processed=0 queued=0 casts=188 visible=1 occluded=94 dropped=0
[14:44:16.630][tid=32932] profile present (5000ms): snapshot[n=848 avg=56.9us max=231.3us] snapLockWait[n=848 avg=0.1us max=0.7us] snapCount[n=848 avg=22.0 max=22] poseSlots[n=2347 avg=6.0us max=22.7us] esp[n=848 avg=2.3us max=11.4us] aimbot[n=848 avg=0.6us max=2.4us]
[14:44:16.630][tid=32932] profile tick (5000ms): tickTotal[n=425 avg=45.5us max=210.4us] health[n=425 avg=27.3us max=187.5us] attitude[n=425 avg=14.1us max=135.9us] highlight[n=425 avg=1.6us max=7.1us] playerMods[n=425 avg=1.9us max=45.6us] visibility[n=425 avg=0.3us max=2.6us]
[14:44:16.630][tid=32932] profile tickdetail (5000ms): healthCollect[n=425 avg=1.6us max=144.4us] healthInvoke[n=425 avg=24.0us max=79.7us] attitudeCollect[n=425 avg=1.1us max=128.3us] attitudeInvoke[n=425 avg=2.5us max=40.2us] highlightCollect[n=425 avg=0.4us max=1.0us]
[14:44:16.643][tid=3100] ESP diagnostics: snapshots=22 categories[civilian=0 enemy=0 police=0 other=22] attitude[hostile=0 unknown=9 valid=3854 invalid=0] dead=11 categorized=0 categoryEnabled=0 projected=11 front=2 poseBounds=2 skeletonLines=0 depthRange=[2.24,2.70] maxDistance=300.0 distanceRejected=0 withinDistance=2 drawn=0 enabled=1 camera=1 health[valid=47426 invalid=16843 bars=1] nativeHighlight[queued=5 cleared=0 failures=0] visibility[on=1 available=1 occluded=0 unknown=0 casts=188 clear=1 blocked=94 dropped=0]
[14:44:17.042][tid=32932] phase1 lifetime summary: registerCallbacks=619 registered=613 registerTid=33564 registerChanges=590 registerOnMain=25 registerOffMain=594 mainTickCalls=21248 mainTickTid=32932 mainTickChanges=0 unregisterCalls=200 unregisterTid=30248 unregisterChanges=190 unregisterOnMain=6 unregisterOffMain=194 unregisterTracked=9 unregisterUntracked=191 unregisterTrackingUnknown=0 unregisterNoId=0 lastRegister=(000001DBAB283560,0x51B744352CF2BBAD) lastUnregister=(000001DBAB283560,0x51B744352CF2BBAD) unregisterHook=1 componentEntities=0 componentSkipped=0 componentSamples=0 layoutRejects=0 nullInstance=0 nullRefCount=0 truncated=0 attitudeAttempts=3874 attitudeSourceBlocked=0 attitudeAcquire=3874 attitudeExpiredInvalid=0 attitudeAgent=5275 attitudeUnknown=0 attitudeFailClosed=0
[14:44:17.691][tid=32932] no-recoil target: path=waiting-for-equipped-weapon playerId=0x1 weaponId=0x0 targetId=0x1 runtimeValidationRisk=0
[14:44:19.632][tid=32932] attitude path: work=0 phase2Enabled=1
[14:44:19.632][tid=32932] visibility tick: threadId=32932 processed=0 queued=0 casts=188 visible=1 occluded=94 dropped=0
[14:44:19.643][tid=3100] ESP diagnostics: snapshots=22 categories[civilian=0 enemy=0 police=0 other=22] attitude[hostile=0 unknown=9 valid=3986 invalid=0] dead=11 categorized=0 categoryEnabled=0 projected=9 front=7 poseBounds=7 skeletonLines=0 depthRange=[131.62,740.15] maxDistance=300.0 distanceRejected=6 withinDistance=1 drawn=0 enabled=1 camera=1 health[valid=48881 invalid=17388 bars=1] nativeHighlight[queued=5 cleared=0 failures=0] visibility[on=1 available=1 occluded=0 unknown=0 casts=188 clear=1 blocked=94 dropped=0]
[14:44:20.042][tid=32932] phase1 lifetime summary: registerCallbacks=619 registered=613 registerTid=33564 registerChanges=590 registerOnMain=25 registerOffMain=594 mainTickCalls=21504 mainTickTid=32932 mainTickChanges=0 unregisterCalls=200 unregisterTid=30248 unregisterChanges=190 unregisterOnMain=6 unregisterOffMain=194 unregisterTracked=9 unregisterUntracked=191 unregisterTrackingUnknown=0 unregisterNoId=0 lastRegister=(000001DBAB283560,0x51B744352CF2BBAD) lastUnregister=(000001DBAB283560,0x51B744352CF2BBAD) unregisterHook=1 componentEntities=0 componentSkipped=0 componentSamples=0 layoutRejects=0 nullInstance=0 nullRefCount=0 truncated=0 attitudeAttempts=4006 attitudeSourceBlocked=0 attitudeAcquire=4006 attitudeExpiredInvalid=0 attitudeAgent=5455 attitudeUnknown=0 attitudeFailClosed=0
[14:44:20.690][tid=32932] no-recoil target: path=waiting-for-equipped-weapon playerId=0x1 weaponId=0x0 targetId=0x1 runtimeValidationRisk=0
[14:44:21.626][tid=32932] profile present (5000ms): snapshot[n=844 avg=57.6us max=537.4us] snapLockWait[n=844 avg=0.1us max=1.3us] snapCount[n=844 avg=22.0 max=22] poseSlots[n=2317 avg=6.2us max=259.2us] esp[n=844 avg=2.4us max=26.2us] aimbot[n=844 avg=0.6us max=1.7us]
[14:44:21.626][tid=32932] profile tick (5000ms): tickTotal[n=422 avg=44.5us max=202.3us] health[n=422 avg=27.1us max=164.3us] attitude[n=422 avg=13.4us max=58.4us] highlight[n=422 avg=1.5us max=6.3us] playerMods[n=422 avg=1.8us max=33.1us] visibility[n=422 avg=0.3us max=2.4us]
[14:44:21.626][tid=32932] profile tickdetail (5000ms): healthCollect[n=422 avg=2.0us max=144.7us] healthInvoke[n=422 avg=23.6us max=130.3us] attitudeCollect[n=422 avg=0.7us max=39.2us] attitudeInvoke[n=422 avg=2.5us max=23.3us] highlightCollect[n=422 avg=0.4us max=0.8us]
[14:44:22.632][tid=32932] attitude path: work=0 phase2Enabled=1
[14:44:22.632][tid=32932] visibility tick: threadId=32932 processed=0 queued=0 casts=188 visible=1 occluded=94 dropped=0
[14:44:22.645][tid=3100] ESP diagnostics: snapshots=22 categories[civilian=0 enemy=0 police=0 other=22] attitude[hostile=0 unknown=9 valid=4118 invalid=0] dead=11 categorized=0 categoryEnabled=0 projected=11 front=0 poseBounds=0 skeletonLines=0 depthRange=[0.00,0.00] maxDistance=300.0 distanceRejected=0 withinDistance=0 drawn=0 enabled=1 camera=1 health[valid=50376 invalid=17949 bars=1] nativeHighlight[queued=5 cleared=0 failures=0] visibility[on=1 available=1 occluded=0 unknown=0 casts=188 clear=1 blocked=94 dropped=0]
[14:44:23.060][tid=32932] phase1 lifetime summary: registerCallbacks=624 registered=618 registerTid=296 registerChanges=595 registerOnMain=25 registerOffMain=599 mainTickCalls=21760 mainTickTid=32932 mainTickChanges=0 unregisterCalls=202 unregisterTid=29076 unregisterChanges=192 unregisterOnMain=6 unregisterOffMain=196 unregisterTracked=9 unregisterUntracked=193 unregisterTrackingUnknown=0 unregisterNoId=0 lastRegister=(000001DB98E6BB70,0x703904DDBA0D1114) lastUnregister=(000001DBB6107580,0x897212) unregisterHook=1 componentEntities=0 componentSkipped=0 componentSamples=0 layoutRejects=0 nullInstance=0 nullRefCount=0 truncated=0 attitudeAttempts=4138 attitudeSourceBlocked=0 attitudeAcquire=4138 attitudeExpiredInvalid=0 attitudeAgent=5635 attitudeUnknown=0 attitudeFailClosed=0
[14:44:23.685][tid=32932] no-recoil target: path=waiting-for-equipped-weapon playerId=0x1 weaponId=0x0 targetId=0x1 runtimeValidationRisk=0
[14:44:25.630][tid=32932] attitude path: work=0 phase2Enabled=1
[14:44:25.630][tid=32932] visibility tick: threadId=32932 processed=0 queued=0 casts=188 visible=1 occluded=94 dropped=0
[14:44:25.641][tid=3100] ESP diagnostics: snapshots=22 categories[civilian=0 enemy=0 police=0 other=22] attitude[hostile=0 unknown=9 valid=4250 invalid=0] dead=11 categorized=0 categoryEnabled=0 projected=11 front=2 poseBounds=2 skeletonLines=0 depthRange=[1.90,2.74] maxDistance=300.0 distanceRejected=0 withinDistance=2 drawn=0 enabled=1 camera=1 health[valid=51848 invalid=18501 bars=1] nativeHighlight[queued=5 cleared=0 failures=0] visibility[on=1 available=1 occluded=0 unknown=0 casts=188 clear=1 blocked=94 dropped=0]
[14:44:26.628][tid=32932] profile present (5000ms): snapshot[n=864 avg=58.4us max=425.1us] snapLockWait[n=864 avg=0.1us max=42.2us] snapCount[n=864 avg=22.0 max=22] poseSlots[n=2332 avg=6.3us max=189.7us] esp[n=864 avg=2.1us max=13.4us] aimbot[n=864 avg=0.7us max=14.3us]
[14:44:26.628][tid=32932] profile tick (5000ms): tickTotal[n=431 avg=44.6us max=224.5us] health[n=431 avg=26.4us max=209.1us] attitude[n=431 avg=14.2us max=196.4us] highlight[n=431 avg=1.6us max=4.3us] playerMods[n=431 avg=1.7us max=9.1us] visibility[n=431 avg=0.3us max=2.4us]
[14:44:26.628][tid=32932] profile tickdetail (5000ms): healthCollect[n=431 avg=2.1us max=196.8us] healthInvoke[n=431 avg=23.2us max=77.7us] attitudeCollect[n=431 avg=1.2us max=169.2us] attitudeInvoke[n=431 avg=2.4us max=32.5us] highlightCollect[n=431 avg=0.4us max=0.9us]
[14:44:26.692][tid=32932] no-recoil target: path=waiting-for-equipped-weapon playerId=0x1 weaponId=0x0 targetId=0x1 runtimeValidationRisk=0
[14:44:27.434][tid=32932] phase1 lifetime summary: registerCallbacks=626 registered=620 registerTid=32624 registerChanges=597 registerOnMain=25 registerOffMain=601 mainTickCalls=22144 mainTickTid=32932 mainTickChanges=0 unregisterCalls=205 unregisterTid=30248 unregisterChanges=195 unregisterOnMain=6 unregisterOffMain=199 unregisterTracked=9 unregisterUntracked=196 unregisterTrackingUnknown=0 unregisterNoId=0 lastRegister=(000001DBB9E77AA0,0x897212) lastUnregister=(000001DBB234DB70,0xB1E0C33DB516FAEB) unregisterHook=1 componentEntities=0 componentSkipped=0 componentSamples=0 layoutRejects=0 nullInstance=0 nullRefCount=0 truncated=0 attitudeAttempts=4327 attitudeSourceBlocked=0 attitudeAcquire=4327 attitudeExpiredInvalid=0 attitudeAgent=5893 attitudeUnknown=0 attitudeFailClosed=0
[14:44:28.622][tid=32932] attitude path: work=0 phase2Enabled=1
[14:44:28.622][tid=32932] visibility tick: threadId=32932 processed=0 queued=0 casts=188 visible=1 occluded=94 dropped=0
[14:44:28.643][tid=3100] ESP diagnostics: snapshots=22 categories[civilian=0 enemy=0 police=0 other=22] attitude[hostile=0 unknown=9 valid=4382 invalid=0] dead=11 categorized=0 categoryEnabled=0 projected=11 front=0 poseBounds=0 skeletonLines=0 depthRange=[0.00,0.00] maxDistance=300.0 distanceRejected=0 withinDistance=0 drawn=0 enabled=1 camera=1 health[valid=53435 invalid=19098 bars=1] nativeHighlight[queued=5 cleared=0 failures=0] visibility[on=1 available=1 occluded=0 unknown=0 casts=188 clear=1 blocked=94 dropped=0]
[14:44:29.689][tid=32932] no-recoil target: path=waiting-for-equipped-weapon playerId=0x1 weaponId=0x0 targetId=0x1 runtimeValidationRisk=0
[14:44:31.633][tid=32932] attitude path: work=0 phase2Enabled=1
[14:44:31.633][tid=32932] visibility tick: threadId=32932 processed=0 queued=0 casts=188 visible=1 occluded=94 dropped=0
[14:44:31.633][tid=32932] profile present (5000ms): snapshot[n=882 avg=55.8us max=513.9us] snapLockWait[n=882 avg=0.1us max=0.5us] snapCount[n=882 avg=22.0 max=22] poseSlots[n=2332 avg=6.1us max=173.2us] esp[n=882 avg=2.2us max=143.0us] aimbot[n=882 avg=0.7us max=33.1us]
[14:44:31.633][tid=32932] profile tick (5000ms): tickTotal[n=442 avg=46.0us max=352.8us] health[n=442 avg=28.5us max=331.8us] attitude[n=442 avg=13.6us max=128.7us] highlight[n=442 avg=1.4us max=33.1us] playerMods[n=442 avg=1.9us max=48.9us] visibility[n=442 avg=0.3us max=20.7us]
[14:44:31.633][tid=32932] profile tickdetail (5000ms): healthCollect[n=442 avg=2.4us max=299.3us] healthInvoke[n=442 avg=24.4us max=254.1us] attitudeCollect[n=442 avg=0.9us max=96.3us] attitudeInvoke[n=442 avg=2.4us max=46.3us] highlightCollect[n=442 avg=0.4us max=0.9us]
[14:44:31.645][tid=3100] ESP diagnostics: snapshots=22 categories[civilian=0 enemy=0 police=0 other=22] attitude[hostile=0 unknown=9 valid=4514 invalid=0] dead=11 categorized=0 categoryEnabled=0 projected=11 front=0 poseBounds=0 skeletonLines=0 depthRange=[0.00,0.00] maxDistance=300.0 distanceRejected=0 withinDistance=0 drawn=0 enabled=1 camera=1 health[valid=54961 invalid=19668 bars=1] nativeHighlight[queued=5 cleared=0 failures=0] visibility[on=1 available=1 occluded=0 unknown=0 casts=188 clear=1 blocked=94 dropped=0]
[14:44:31.811][tid=32932] phase1 lifetime summary: registerCallbacks=627 registered=621 registerTid=29008 registerChanges=598 registerOnMain=25 registerOffMain=602 mainTickCalls=22528 mainTickTid=32932 mainTickChanges=0 unregisterCalls=205 unregisterTid=30248 unregisterChanges=195 unregisterOnMain=6 unregisterOffMain=199 unregisterTracked=9 unregisterUntracked=196 unregisterTrackingUnknown=0 unregisterNoId=0 lastRegister=(000001DBB257F860,0xB1E0C33DB516FAEB) lastUnregister=(000001DBB234DB70,0xB1E0C33DB516FAEB) unregisterHook=1 componentEntities=0 componentSkipped=0 componentSamples=0 layoutRejects=0 nullInstance=0 nullRefCount=0 truncated=0 attitudeAttempts=4523 attitudeSourceBlocked=0 attitudeAcquire=4523 attitudeExpiredInvalid=0 attitudeAgent=6160 attitudeUnknown=0 attitudeFailClosed=0
[14:44:32.695][tid=32932] no-recoil target: path=waiting-for-equipped-weapon playerId=0x1 weaponId=0x0 targetId=0x1 runtimeValidationRisk=0
[14:44:34.629][tid=32932] attitude path: work=0 phase2Enabled=1
[14:44:34.629][tid=32932] visibility tick: threadId=32932 processed=0 queued=0 casts=188 visible=1 occluded=94 dropped=0
[14:44:34.641][tid=3100] ESP diagnostics: snapshots=22 categories[civilian=0 enemy=0 police=0 other=22] attitude[hostile=0 unknown=9 valid=4646 invalid=0] dead=11 categorized=0 categoryEnabled=0 projected=2 front=2 poseBounds=2 skeletonLines=0 depthRange=[3.42,4.91] maxDistance=300.0 distanceRejected=0 withinDistance=2 drawn=0 enabled=1 camera=1 health[valid=56362 invalid=20195 bars=1] nativeHighlight[queued=5 cleared=0 failures=0] visibility[on=1 available=1 occluded=0 unknown=0 casts=188 clear=1 blocked=94 dropped=0]
[14:44:35.000][tid=32932] phase1 lifetime summary: registerCallbacks=631 registered=625 registerTid=33292 registerChanges=602 registerOnMain=25 registerOffMain=606 mainTickCalls=22784 mainTickTid=32932 mainTickChanges=0 unregisterCalls=212 unregisterTid=30248 unregisterChanges=202 unregisterOnMain=6 unregisterOffMain=206 unregisterTracked=9 unregisterUntracked=203 unregisterTrackingUnknown=0 unregisterNoId=0 lastRegister=(000001DBB9E77AA0,0x897212) lastUnregister=(000001DB98E6BB70,0x703904DDBA0D1114) unregisterHook=1 componentEntities=0 componentSkipped=0 componentSamples=0 layoutRejects=0 nullInstance=0 nullRefCount=0 truncated=0 attitudeAttempts=4661 attitudeSourceBlocked=0 attitudeAcquire=4661 attitudeExpiredInvalid=0 attitudeAgent=6348 attitudeUnknown=0 attitudeFailClosed=0
[14:44:35.686][tid=32932] no-recoil target: path=waiting-for-equipped-weapon playerId=0x1 weaponId=0x0 targetId=0x1 runtimeValidationRisk=0
[14:44:36.631][tid=32932] profile present (5000ms): snapshot[n=812 avg=58.8us max=626.7us] snapLockWait[n=812 avg=0.3us max=172.0us] snapCount[n=812 avg=22.0 max=22] poseSlots[n=2332 avg=5.9us max=222.0us] esp[n=812 avg=2.9us max=36.4us] aimbot[n=812 avg=0.7us max=32.5us]
[14:44:36.631][tid=32932] profile tick (5000ms): tickTotal[n=405 avg=44.6us max=202.5us] health[n=405 avg=26.6us max=167.1us] attitude[n=405 avg=13.9us max=128.4us] highlight[n=405 avg=1.5us max=4.8us] playerMods[n=405 avg=1.8us max=13.3us] visibility[n=405 avg=0.3us max=2.3us]
[14:44:36.631][tid=32932] profile tickdetail (5000ms): healthCollect[n=405 avg=1.6us max=123.6us] healthInvoke[n=405 avg=23.4us max=86.8us] attitudeCollect[n=405 avg=0.9us max=60.5us] attitudeInvoke[n=405 avg=2.5us max=22.8us] highlightCollect[n=405 avg=0.4us max=1.6us]
[14:44:37.634][tid=32932] attitude path: work=0 phase2Enabled=1
[14:44:37.634][tid=32932] visibility tick: threadId=32932 processed=0 queued=0 casts=188 visible=1 occluded=94 dropped=0
[14:44:37.648][tid=3100] ESP diagnostics: snapshots=22 categories[civilian=0 enemy=0 police=0 other=22] attitude[hostile=0 unknown=9 valid=4778 invalid=0] dead=11 categorized=0 categoryEnabled=0 projected=2 front=2 poseBounds=2 skeletonLines=0 depthRange=[0.79,1.86] maxDistance=300.0 distanceRejected=0 withinDistance=2 drawn=0 enabled=1 camera=1 health[valid=57787 invalid=20730 bars=1] nativeHighlight[queued=5 cleared=0 failures=0] visibility[on=1 available=1 occluded=0 unknown=0 casts=188 clear=1 blocked=94 dropped=0]
[14:44:38.147][tid=32932] phase1 lifetime summary: registerCallbacks=632 registered=626 registerTid=33292 registerChanges=602 registerOnMain=25 registerOffMain=607 mainTickCalls=23040 mainTickTid=32932 mainTickChanges=0 unregisterCalls=214 unregisterTid=23524 unregisterChanges=204 unregisterOnMain=6 unregisterOffMain=208 unregisterTracked=9 unregisterUntracked=205 unregisterTrackingUnknown=0 unregisterNoId=0 lastRegister=(000001DBB6107580,0x897212) lastUnregister=(000001DBB9E77AA0,0x897212) unregisterHook=1 componentEntities=0 componentSkipped=0 componentSamples=0 layoutRejects=0 nullInstance=0 nullRefCount=0 truncated=0 attitudeAttempts=4800 attitudeSourceBlocked=0 attitudeAcquire=4800 attitudeExpiredInvalid=0 attitudeAgent=6538 attitudeUnknown=0 attitudeFailClosed=0
[14:44:38.695][tid=32932] no-recoil target: path=waiting-for-equipped-weapon playerId=0x1 weaponId=0x0 targetId=0x1 runtimeValidationRisk=0
[14:44:40.628][tid=32932] attitude path: work=0 phase2Enabled=1
[14:44:40.628][tid=32932] visibility tick: threadId=32932 processed=0 queued=0 casts=188 visible=1 occluded=94 dropped=0
[14:44:40.642][tid=3100] ESP diagnostics: snapshots=22 categories[civilian=0 enemy=0 police=0 other=22] attitude[hostile=0 unknown=9 valid=4910 invalid=0] dead=11 categorized=0 categoryEnabled=0 projected=11 front=1 poseBounds=1 skeletonLines=0 depthRange=[1.61,1.61] maxDistance=300.0 distanceRejected=0 withinDistance=1 drawn=0 enabled=1 camera=1 health[valid=59208 invalid=21261 bars=1] nativeHighlight[queued=5 cleared=0 failures=0] visibility[on=1 available=1 occluded=0 unknown=0 casts=188 clear=1 blocked=94 dropped=0]
[14:44:41.285][tid=32932] phase1 lifetime summary: registerCallbacks=632 registered=626 registerTid=33292 registerChanges=602 registerOnMain=25 registerOffMain=607 mainTickCalls=23296 mainTickTid=32932 mainTickChanges=0 unregisterCalls=215 unregisterTid=30248 unregisterChanges=205 unregisterOnMain=6 unregisterOffMain=209 unregisterTracked=9 unregisterUntracked=206 unregisterTrackingUnknown=0 unregisterNoId=0 lastRegister=(000001DBB6107580,0x897212) lastUnregister=(000001DBB6107580,0x897212) unregisterHook=1 componentEntities=0 componentSkipped=0 componentSamples=0 layoutRejects=0 nullInstance=0 nullRefCount=0 truncated=0 attitudeAttempts=4941 attitudeSourceBlocked=0 attitudeAcquire=4941 attitudeExpiredInvalid=0 attitudeAgent=6730 attitudeUnknown=0 attitudeFailClosed=0
[14:44:41.625][tid=32932] profile present (5000ms): snapshot[n=816 avg=58.7us max=456.3us] snapLockWait[n=816 avg=0.1us max=0.5us] snapCount[n=816 avg=22.0 max=22] poseSlots[n=2354 avg=6.2us max=179.5us] esp[n=816 avg=3.0us max=120.3us] aimbot[n=816 avg=0.7us max=49.9us]
[14:44:41.625][tid=32932] profile tick (5000ms): tickTotal[n=408 avg=43.4us max=242.2us] health[n=408 avg=25.4us max=211.3us] attitude[n=408 avg=14.0us max=169.0us] highlight[n=408 avg=1.5us max=31.1us] playerMods[n=408 avg=1.8us max=34.7us] visibility[n=408 avg=0.3us max=2.5us]
[14:44:41.625][tid=32932] profile tickdetail (5000ms): healthCollect[n=408 avg=1.3us max=171.6us] healthInvoke[n=408 avg=23.3us max=79.8us] attitudeCollect[n=408 avg=1.1us max=160.5us] attitudeInvoke[n=408 avg=2.5us max=23.9us] highlightCollect[n=408 avg=0.4us max=30.2us]
[14:44:41.685][tid=32932] no-recoil target: path=waiting-for-equipped-weapon playerId=0x1 weaponId=0x0 targetId=0x1 runtimeValidationRisk=0
[14:44:43.622][tid=32932] attitude path: work=0 phase2Enabled=1
[14:44:43.622][tid=32932] visibility tick: threadId=32932 processed=0 queued=0 casts=188 visible=1 occluded=94 dropped=0
[14:44:43.647][tid=3100] ESP diagnostics: snapshots=22 categories[civilian=0 enemy=0 police=0 other=22] attitude[hostile=0 unknown=9 valid=5042 invalid=0] dead=11 categorized=0 categoryEnabled=0 projected=11 front=0 poseBounds=0 skeletonLines=0 depthRange=[0.00,0.00] maxDistance=300.0 distanceRejected=0 withinDistance=0 drawn=0 enabled=1 camera=1 health[valid=60610 invalid=21787 bars=1] nativeHighlight[queued=5 cleared=0 failures=0] visibility[on=1 available=1 occluded=0 unknown=0 casts=188 clear=1 blocked=94 dropped=0]
[14:44:44.462][tid=32932] phase1 lifetime summary: registerCallbacks=632 registered=626 registerTid=33292 registerChanges=602 registerOnMain=25 registerOffMain=607 mainTickCalls=23552 mainTickTid=32932 mainTickChanges=0 unregisterCalls=215 unregisterTid=30248 unregisterChanges=205 unregisterOnMain=6 unregisterOffMain=209 unregisterTracked=9 unregisterUntracked=206 unregisterTrackingUnknown=0 unregisterNoId=0 lastRegister=(000001DBB6107580,0x897212) lastUnregister=(000001DBB6107580,0x897212) unregisterHook=1 componentEntities=0 componentSkipped=0 componentSamples=0 layoutRejects=0 nullInstance=0 nullRefCount=0 truncated=0 attitudeAttempts=5075 attitudeSourceBlocked=0 attitudeAcquire=5075 attitudeExpiredInvalid=0 attitudeAgent=6913 attitudeUnknown=0 attitudeFailClosed=0
[14:44:44.687][tid=32932] no-recoil target: path=waiting-for-equipped-weapon playerId=0x1 weaponId=0x0 targetId=0x1 runtimeValidationRisk=0
[14:44:46.631][tid=32932] attitude path: work=0 phase2Enabled=1
[14:44:46.631][tid=32932] visibility tick: threadId=32932 processed=0 queued=0 casts=188 visible=1 occluded=94 dropped=0
[14:44:46.631][tid=32932] profile present (5000ms): snapshot[n=789 avg=60.1us max=375.8us] snapLockWait[n=789 avg=0.1us max=1.3us] snapCount[n=789 avg=22.0 max=22] poseSlots[n=2332 avg=6.0us max=60.1us] esp[n=789 avg=2.5us max=44.7us] aimbot[n=789 avg=0.7us max=6.3us]
[14:44:46.631][tid=32932] profile tick (5000ms): tickTotal[n=395 avg=47.4us max=263.2us] health[n=395 avg=28.6us max=229.7us] attitude[n=395 avg=14.5us max=212.2us] highlight[n=395 avg=1.6us max=53.3us] playerMods[n=395 avg=1.9us max=9.0us] visibility[n=395 avg=0.3us max=2.9us]
[14:44:46.631][tid=32932] profile tickdetail (5000ms): healthCollect[n=395 avg=2.2us max=158.4us] healthInvoke[n=395 avg=24.6us max=183.1us] attitudeCollect[n=395 avg=1.3us max=204.5us] attitudeInvoke[n=395 avg=2.7us max=64.6us] highlightCollect[n=395 avg=0.5us max=52.3us]
[14:44:46.644][tid=3100] ESP diagnostics: snapshots=22 categories[civilian=0 enemy=0 police=0 other=22] attitude[hostile=0 unknown=9 valid=5174 invalid=0] dead=11 categorized=0 categoryEnabled=0 projected=2 front=2 poseBounds=2 skeletonLines=0 depthRange=[4.80,7.40] maxDistance=300.0 distanceRejected=0 withinDistance=2 drawn=0 enabled=1 camera=1 health[valid=61983 invalid=22302 bars=1] nativeHighlight[queued=5 cleared=0 failures=0] visibility[on=1 available=1 occluded=0 unknown=0 casts=188 clear=1 blocked=94 dropped=0]
[14:44:47.698][tid=32932] no-recoil target: path=waiting-for-equipped-weapon playerId=0x1 weaponId=0x0 targetId=0x1 runtimeValidationRisk=0
[14:44:47.779][tid=32932] phase1 lifetime summary: registerCallbacks=633 registered=627 registerTid=27332 registerChanges=603 registerOnMain=25 registerOffMain=608 mainTickCalls=23808 mainTickTid=32932 mainTickChanges=0 unregisterCalls=216 unregisterTid=29008 unregisterChanges=206 unregisterOnMain=6 unregisterOffMain=210 unregisterTracked=9 unregisterUntracked=207 unregisterTrackingUnknown=0 unregisterNoId=0 lastRegister=(000001DBAC9601D0,0xB1E0C33DB516FAEB) lastUnregister=(000001DBB84A5F60,0xB1E0C33DB516FAEB) unregisterHook=1 componentEntities=0 componentSkipped=0 componentSamples=0 layoutRejects=0 nullInstance=0 nullRefCount=0 truncated=0 attitudeAttempts=5227 attitudeSourceBlocked=0 attitudeAcquire=5227 attitudeExpiredInvalid=0 attitudeAgent=7120 attitudeUnknown=0 attitudeFailClosed=0
[14:44:49.627][tid=32932] attitude path: work=0 phase2Enabled=1
[14:44:49.627][tid=32932] visibility tick: threadId=32932 processed=0 queued=0 casts=188 visible=1 occluded=94 dropped=0
[14:44:49.638][tid=3100] ESP diagnostics: snapshots=22 categories[civilian=0 enemy=0 police=0 other=22] attitude[hostile=0 unknown=9 valid=5306 invalid=0] dead=11 categorized=0 categoryEnabled=0 projected=9 front=5 poseBounds=5 skeletonLines=0 depthRange=[75.72,383.87] maxDistance=300.0 distanceRejected=2 withinDistance=3 drawn=0 enabled=1 camera=1 health[valid=63338 invalid=22811 bars=1] nativeHighlight[queued=5 cleared=0 failures=0] visibility[on=1 available=1 occluded=0 unknown=0 casts=188 clear=1 blocked=94 dropped=0]
[14:44:50.688][tid=32932] no-recoil target: path=waiting-for-equipped-weapon playerId=0x1 weaponId=0x0 targetId=0x1 runtimeValidationRisk=0
[14:44:51.056][tid=32932] phase1 lifetime summary: registerCallbacks=636 registered=630 registerTid=29076 registerChanges=605 registerOnMain=25 registerOffMain=611 mainTickCalls=24064 mainTickTid=32932 mainTickChanges=0 unregisterCalls=218 unregisterTid=28432 unregisterChanges=208 unregisterOnMain=6 unregisterOffMain=212 unregisterTracked=9 unregisterUntracked=209 unregisterTrackingUnknown=0 unregisterNoId=0 lastRegister=(000001DBAB7FD2D0,0x51B744352CF2BBAD) lastUnregister=(000001DBAC9601D0,0xB1E0C33DB516FAEB) unregisterHook=1 componentEntities=0 componentSkipped=0 componentSamples=0 layoutRejects=0 nullInstance=0 nullRefCount=0 truncated=0 attitudeAttempts=5370 attitudeSourceBlocked=0 attitudeAcquire=5370 attitudeExpiredInvalid=0 attitudeAgent=7315 attitudeUnknown=0 attitudeFailClosed=0
[14:44:51.625][tid=32932] profile present (5000ms): snapshot[n=781 avg=61.0us max=570.0us] snapLockWait[n=781 avg=0.1us max=0.5us] snapCount[n=781 avg=22.0 max=22] poseSlots[n=2354 avg=6.4us max=194.4us] esp[n=781 avg=2.8us max=35.7us] aimbot[n=781 avg=0.8us max=27.5us]
[14:44:51.625][tid=32932] profile tick (5000ms): tickTotal[n=390 avg=47.2us max=628.5us] health[n=390 avg=27.5us max=254.3us] attitude[n=390 avg=15.7us max=576.8us] highlight[n=390 avg=1.5us max=27.4us] playerMods[n=390 avg=1.8us max=7.8us] visibility[n=390 avg=0.3us max=2.6us]
[14:44:51.625][tid=32932] profile tickdetail (5000ms): healthCollect[n=390 avg=3.7us max=213.4us] healthInvoke[n=390 avg=22.8us max=69.9us] attitudeCollect[n=390 avg=2.9us max=565.4us] attitudeInvoke[n=390 avg=2.6us max=24.9us] highlightCollect[n=390 avg=0.5us max=26.5us]
[14:44:52.622][tid=32932] attitude path: work=0 phase2Enabled=1
[14:44:52.622][tid=32932] visibility tick: threadId=32932 processed=0 queued=0 casts=188 visible=1 occluded=94 dropped=0
[14:44:52.645][tid=3100] ESP diagnostics: snapshots=22 categories[civilian=0 enemy=0 police=0 other=22] attitude[hostile=0 unknown=9 valid=5438 invalid=0] dead=11 categorized=0 categoryEnabled=0 projected=11 front=2 poseBounds=2 skeletonLines=0 depthRange=[7.87,10.19] maxDistance=300.0 distanceRejected=0 withinDistance=2 drawn=0 enabled=1 camera=1 health[valid=64740 invalid=23337 bars=1] nativeHighlight[queued=5 cleared=0 failures=0] visibility[on=1 available=1 occluded=0 unknown=0 casts=188 clear=1 blocked=94 dropped=0]
[14:44:53.685][tid=32932] no-recoil target: path=waiting-for-equipped-weapon playerId=0x1 weaponId=0x0 targetId=0x1 runtimeValidationRisk=0
[14:44:54.106][tid=32932] phase1 lifetime summary: registerCallbacks=636 registered=630 registerTid=29076 registerChanges=605 registerOnMain=25 registerOffMain=611 mainTickCalls=24320 mainTickTid=32932 mainTickChanges=0 unregisterCalls=219 unregisterTid=296 unregisterChanges=209 unregisterOnMain=6 unregisterOffMain=213 unregisterTracked=9 unregisterUntracked=210 unregisterTrackingUnknown=0 unregisterNoId=0 lastRegister=(000001DBAB7FD2D0,0x51B744352CF2BBAD) lastUnregister=(000001DBA880B400,0x9B0392) unregisterHook=1 componentEntities=0 componentSkipped=0 componentSamples=0 layoutRejects=0 nullInstance=0 nullRefCount=0 truncated=0 attitudeAttempts=5502 attitudeSourceBlocked=0 attitudeAcquire=5502 attitudeExpiredInvalid=0 attitudeAgent=7495 attitudeUnknown=0 attitudeFailClosed=0
[14:44:55.626][tid=32932] attitude path: work=0 phase2Enabled=1
[14:44:55.626][tid=32932] visibility tick: threadId=32932 processed=0 queued=0 casts=188 visible=1 occluded=94 dropped=0
[14:44:55.647][tid=3100] ESP diagnostics: snapshots=22 categories[civilian=0 enemy=0 police=0 other=22] attitude[hostile=0 unknown=9 valid=5570 invalid=0] dead=11 categorized=0 categoryEnabled=0 projected=11 front=2 poseBounds=2 skeletonLines=0 depthRange=[4.90,6.87] maxDistance=300.0 distanceRejected=0 withinDistance=2 drawn=0 enabled=1 camera=1 health[valid=66235 invalid=23898 bars=1] nativeHighlight[queued=5 cleared=0 failures=0] visibility[on=1 available=1 occluded=0 unknown=0 casts=188 clear=1 blocked=94 dropped=0]
[14:44:56.629][tid=32932] profile present (5000ms): snapshot[n=852 avg=57.6us max=608.0us] snapLockWait[n=852 avg=0.1us max=2.1us] snapCount[n=852 avg=22.0 max=22] poseSlots[n=2332 avg=6.0us max=208.9us] esp[n=852 avg=2.5us max=161.6us] aimbot[n=852 avg=0.6us max=2.4us]
[14:44:56.629][tid=32932] profile tick (5000ms): tickTotal[n=426 avg=43.2us max=278.7us] health[n=426 avg=25.8us max=209.5us] attitude[n=426 avg=13.3us max=73.4us] highlight[n=426 avg=1.2us max=5.8us] playerMods[n=426 avg=1.9us max=18.9us] visibility[n=426 avg=0.3us max=2.3us]
[14:44:56.629][tid=32932] profile tickdetail (5000ms): healthCollect[n=426 avg=0.3us max=49.9us] healthInvoke[n=426 avg=24.6us max=208.7us] attitudeCollect[n=426 avg=0.5us max=34.5us] attitudeInvoke[n=426 avg=2.4us max=24.8us] highlightCollect[n=426 avg=0.4us max=1.1us]
[14:44:56.685][tid=32932] no-recoil target: path=waiting-for-equipped-weapon playerId=0x1 weaponId=0x0 targetId=0x1 runtimeValidationRisk=0
[14:44:57.098][tid=32932] phase1 lifetime summary: registerCallbacks=637 registered=631 registerTid=33784 registerChanges=606 registerOnMain=25 registerOffMain=612 mainTickCalls=24576 mainTickTid=32932 mainTickChanges=0 unregisterCalls=219 unregisterTid=296 unregisterChanges=209 unregisterOnMain=6 unregisterOffMain=213 unregisterTracked=9 unregisterUntracked=210 unregisterTrackingUnknown=0 unregisterNoId=0 lastRegister=(000001DBB1BDCBA0,0x4A1A1E205CAE4CC) lastUnregister=(000001DBA880B400,0x9B0392) unregisterHook=1 componentEntities=0 componentSkipped=0 componentSamples=0 layoutRejects=0 nullInstance=0 nullRefCount=0 truncated=0 attitudeAttempts=5634 attitudeSourceBlocked=0 attitudeAcquire=5634 attitudeExpiredInvalid=0 attitudeAgent=7675 attitudeUnknown=0 attitudeFailClosed=0
[14:44:58.623][tid=32932] attitude path: work=0 phase2Enabled=1
[14:44:58.623][tid=32932] visibility tick: threadId=32932 processed=0 queued=0 casts=188 visible=1 occluded=94 dropped=0
[14:44:58.647][tid=3100] ESP diagnostics: snapshots=22 categories[civilian=0 enemy=0 police=0 other=22] attitude[hostile=0 unknown=9 valid=5702 invalid=0] dead=11 categorized=0 categoryEnabled=0 projected=11 front=2 poseBounds=2 skeletonLines=0 depthRange=[7.17,9.37] maxDistance=300.0 distanceRejected=0 withinDistance=2 drawn=0 enabled=1 camera=1 health[valid=67732 invalid=24457 bars=1] nativeHighlight[queued=5 cleared=0 failures=0] visibility[on=1 available=1 occluded=0 unknown=0 casts=188 clear=1 blocked=94 dropped=0]
[14:44:59.689][tid=32932] no-recoil target: path=waiting-for-equipped-weapon playerId=0x1 weaponId=0x0 targetId=0x1 runtimeValidationRisk=0
[14:45:00.195][tid=32932] phase1 lifetime summary: registerCallbacks=637 registered=631 registerTid=33784 registerChanges=606 registerOnMain=25 registerOffMain=612 mainTickCalls=24832 mainTickTid=32932 mainTickChanges=0 unregisterCalls=219 unregisterTid=296 unregisterChanges=209 unregisterOnMain=6 unregisterOffMain=213 unregisterTracked=9 unregisterUntracked=210 unregisterTrackingUnknown=0 unregisterNoId=0 lastRegister=(000001DBB1BDCBA0,0x4A1A1E205CAE4CC) lastUnregister=(000001DBA880B400,0x9B0392) unregisterHook=1 componentEntities=0 componentSkipped=0 componentSamples=0 layoutRejects=0 nullInstance=0 nullRefCount=0 truncated=0 attitudeAttempts=5768 attitudeSourceBlocked=0 attitudeAcquire=5768 attitudeExpiredInvalid=0 attitudeAgent=7858 attitudeUnknown=0 attitudeFailClosed=0
[14:45:01.631][tid=32932] attitude path: work=0 phase2Enabled=1
[14:45:01.631][tid=32932] visibility tick: threadId=32932 processed=0 queued=0 casts=188 visible=1 occluded=94 dropped=0
[14:45:01.631][tid=32932] profile present (5000ms): snapshot[n=820 avg=54.4us max=285.8us] snapLockWait[n=820 avg=0.1us max=0.9us] snapCount[n=820 avg=22.0 max=22] poseSlots[n=2354 avg=5.5us max=55.0us] esp[n=820 avg=2.2us max=14.3us] aimbot[n=820 avg=0.7us max=19.1us]
[14:45:01.631][tid=32932] profile tick (5000ms): tickTotal[n=410 avg=44.4us max=255.3us] health[n=410 avg=26.7us max=209.7us] attitude[n=410 avg=13.3us max=57.6us] highlight[n=410 avg=1.7us max=156.1us] playerMods[n=410 avg=1.9us max=31.6us] visibility[n=410 avg=0.3us max=2.5us]
[14:45:01.631][tid=32932] profile tickdetail (5000ms): healthCollect[n=410 avg=1.6us max=164.4us] healthInvoke[n=410 avg=24.2us max=193.4us] attitudeCollect[n=410 avg=0.7us max=48.4us] attitudeInvoke[n=410 avg=2.5us max=20.6us] highlightCollect[n=410 avg=0.7us max=155.1us]
[14:45:01.643][tid=3100] ESP diagnostics: snapshots=22 categories[civilian=0 enemy=0 police=0 other=22] attitude[hostile=0 unknown=9 valid=5834 invalid=0] dead=11 categorized=0 categoryEnabled=0 projected=11 front=2 poseBounds=2 skeletonLines=0 depthRange=[5.00,6.85] maxDistance=300.0 distanceRejected=0 withinDistance=2 drawn=0 enabled=1 camera=1 health[valid=69115 invalid=24978 bars=1] nativeHighlight[queued=5 cleared=0 failures=0] visibility[on=1 available=1 occluded=0 unknown=0 casts=188 clear=1 blocked=94 dropped=0]
[14:45:02.695][tid=32932] no-recoil target: path=waiting-for-equipped-weapon playerId=0x1 weaponId=0x0 targetId=0x1 runtimeValidationRisk=0
[14:45:03.461][tid=32932] phase1 lifetime summary: registerCallbacks=639 registered=633 registerTid=296 registerChanges=608 registerOnMain=25 registerOffMain=614 mainTickCalls=25088 mainTickTid=32932 mainTickChanges=0 unregisterCalls=220 unregisterTid=296 unregisterChanges=209 unregisterOnMain=6 unregisterOffMain=214 unregisterTracked=9 unregisterUntracked=211 unregisterTrackingUnknown=0 unregisterNoId=0 lastRegister=(000001DB990A5CA0,0x3E7B63DB8D072C51) lastUnregister=(000001DBAB7FD2D0,0x51B744352CF2BBAD) unregisterHook=1 componentEntities=0 componentSkipped=0 componentSamples=0 layoutRejects=0 nullInstance=0 nullRefCount=0 truncated=0 attitudeAttempts=5911 attitudeSourceBlocked=0 attitudeAcquire=5911 attitudeExpiredInvalid=0 attitudeAgent=8053 attitudeUnknown=0 attitudeFailClosed=0
[14:45:04.630][tid=32932] attitude path: work=0 phase2Enabled=1
[14:45:04.630][tid=32932] visibility tick: threadId=32932 processed=0 queued=0 casts=188 visible=1 occluded=94 dropped=0
[14:45:04.642][tid=3100] ESP diagnostics: snapshots=22 categories[civilian=0 enemy=0 police=0 other=22] attitude[hostile=0 unknown=9 valid=5966 invalid=0] dead=11 categorized=0 categoryEnabled=0 projected=11 front=0 poseBounds=0 skeletonLines=0 depthRange=[0.00,0.00] maxDistance=300.0 distanceRejected=0 withinDistance=0 drawn=0 enabled=1 camera=1 health[valid=70459 invalid=25482 bars=1] nativeHighlight[queued=5 cleared=0 failures=0] visibility[on=1 available=1 occluded=0 unknown=0 casts=188 clear=1 blocked=94 dropped=0]
[14:45:05.691][tid=32932] no-recoil target: path=waiting-for-equipped-weapon playerId=0x1 weaponId=0x0 targetId=0x1 runtimeValidationRisk=0
[14:45:06.602][tid=23524] phase1 lifetime summary: registerCallbacks=640 registered=634 registerTid=23524 registerChanges=609 registerOnMain=25 registerOffMain=615 mainTickCalls=25329 mainTickTid=32932 mainTickChanges=0 unregisterCalls=222 unregisterTid=26900 unregisterChanges=211 unregisterOnMain=6 unregisterOffMain=216 unregisterTracked=9 unregisterUntracked=213 unregisterTrackingUnknown=0 unregisterNoId=0 lastRegister=(000001DBA4F1E230,0xB1E0C33DB516FAEB) lastUnregister=(000001DB9C8DCC70,0xB1E0C33DB516FAEB) unregisterHook=1 componentEntities=0 componentSkipped=0 componentSamples=0 layoutRejects=0 nullInstance=0 nullRefCount=0 truncated=0 attitudeAttempts=6052 attitudeSourceBlocked=0 attitudeAcquire=6052 attitudeExpiredInvalid=0 attitudeAgent=8245 attitudeUnknown=0 attitudeFailClosed=0
[14:45:06.626][tid=32932] profile present (5000ms): snapshot[n=770 avg=57.5us max=311.6us] snapLockWait[n=770 avg=0.1us max=0.6us] snapCount[n=770 avg=22.0 max=22] poseSlots[n=2354 avg=5.7us max=16.6us] esp[n=770 avg=2.3us max=15.1us] aimbot[n=770 avg=0.8us max=15.9us]
[14:45:06.626][tid=32932] profile tick (5000ms): tickTotal[n=385 avg=46.6us max=258.9us] health[n=385 avg=27.7us max=215.8us] attitude[n=385 avg=14.9us max=216.8us] highlight[n=385 avg=1.5us max=27.0us] playerMods[n=385 avg=1.8us max=8.3us] visibility[n=385 avg=0.3us max=3.2us]
[14:45:06.626][tid=32932] profile tickdetail (5000ms): healthCollect[n=385 avg=2.5us max=203.5us] healthInvoke[n=385 avg=23.4us max=72.7us] attitudeCollect[n=385 avg=1.3us max=184.0us] attitudeInvoke[n=385 avg=2.7us max=23.4us] highlightCollect[n=385 avg=0.4us max=26.1us]
[14:45:07.630][tid=32932] attitude path: work=0 phase2Enabled=1
[14:45:07.630][tid=32932] visibility tick: threadId=32932 processed=0 queued=0 casts=188 visible=1 occluded=94 dropped=0
[14:45:07.640][tid=3100] ESP diagnostics: snapshots=22 categories[civilian=0 enemy=0 police=0 other=22] attitude[hostile=0 unknown=9 valid=6098 invalid=0] dead=11 categorized=0 categoryEnabled=0 projected=2 front=2 poseBounds=2 skeletonLines=0 depthRange=[4.53,7.01] maxDistance=300.0 distanceRejected=0 withinDistance=2 drawn=0 enabled=1 camera=1 health[valid=71821 invalid=25992 bars=1] nativeHighlight[queued=5 cleared=0 failures=0] visibility[on=1 available=1 occluded=0 unknown=0 casts=188 clear=1 blocked=94 dropped=0]
[14:45:08.686][tid=32932] no-recoil target: path=waiting-for-equipped-weapon playerId=0x1 weaponId=0x0 targetId=0x1 runtimeValidationRisk=0
[14:45:10.062][tid=32932] phase1 lifetime summary: registerCallbacks=643 registered=637 registerTid=33564 registerChanges=612 registerOnMain=25 registerOffMain=618 mainTickCalls=25600 mainTickTid=32932 mainTickChanges=0 unregisterCalls=223 unregisterTid=32624 unregisterChanges=212 unregisterOnMain=6 unregisterOffMain=217 unregisterTracked=9 unregisterUntracked=214 unregisterTrackingUnknown=0 unregisterNoId=0 lastRegister=(000001DBB7302F70,0x51B744352CF2BBAD) lastUnregister=(000001DBB2278C20,0x6E9170D469F00CDA) unregisterHook=1 componentEntities=0 componentSkipped=0 componentSamples=0 layoutRejects=0 nullInstance=0 nullRefCount=0 truncated=0 attitudeAttempts=6206 attitudeSourceBlocked=0 attitudeAcquire=6206 attitudeExpiredInvalid=0 attitudeAgent=8455 attitudeUnknown=0 attitudeFailClosed=0
[14:45:10.630][tid=32932] attitude path: work=0 phase2Enabled=1
[14:45:10.630][tid=32932] visibility tick: threadId=32932 processed=0 queued=0 casts=188 visible=1 occluded=94 dropped=0
[14:45:10.640][tid=3100] ESP diagnostics: snapshots=22 categories[civilian=0 enemy=0 police=0 other=22] attitude[hostile=0 unknown=9 valid=6230 invalid=0] dead=11 categorized=0 categoryEnabled=0 projected=2 front=1 poseBounds=1 skeletonLines=0 depthRange=[1.54,1.54] maxDistance=300.0 distanceRejected=0 withinDistance=1 drawn=0 enabled=1 camera=1 health[valid=73165 invalid=26496 bars=1] nativeHighlight[queued=5 cleared=0 failures=0] visibility[on=1 available=1 occluded=0 unknown=0 casts=188 clear=1 blocked=94 dropped=0]
[14:45:11.626][tid=32932] profile present (5000ms): snapshot[n=780 avg=58.6us max=324.2us] snapLockWait[n=780 avg=0.1us max=2.1us] snapCount[n=780 avg=22.0 max=22] poseSlots[n=2332 avg=6.1us max=28.6us] esp[n=780 avg=3.1us max=14.5us] aimbot[n=780 avg=0.7us max=21.7us]
[14:45:11.626][tid=32932] profile tick (5000ms): tickTotal[n=390 avg=47.8us max=389.3us] health[n=390 avg=28.0us max=338.9us] attitude[n=390 avg=15.6us max=277.9us] highlight[n=390 avg=1.5us max=3.6us] playerMods[n=390 avg=1.8us max=7.9us] visibility[n=390 avg=0.3us max=2.5us]
[14:45:11.626][tid=32932] profile tickdetail (5000ms): healthCollect[n=390 avg=2.6us max=181.5us] healthInvoke[n=390 avg=23.6us max=91.1us] attitudeCollect[n=390 avg=0.7us max=37.6us] attitudeInvoke[n=390 avg=2.8us max=72.2us] highlightCollect[n=390 avg=0.4us max=0.7us]
[14:45:11.689][tid=32932] no-recoil target: path=waiting-for-equipped-weapon playerId=0x1 weaponId=0x0 targetId=0x1 runtimeValidationRisk=0
[14:45:13.338][tid=32932] phase1 lifetime summary: registerCallbacks=644 registered=638 registerTid=33784 registerChanges=613 registerOnMain=25 registerOffMain=619 mainTickCalls=25856 mainTickTid=32932 mainTickChanges=0 unregisterCalls=225 unregisterTid=33564 unregisterChanges=214 unregisterOnMain=6 unregisterOffMain=219 unregisterTracked=9 unregisterUntracked=216 unregisterTrackingUnknown=0 unregisterNoId=0 lastRegister=(000001DBA88BE900,0x9B0393) lastUnregister=(000001DBA88BE900,0x9B0393) unregisterHook=1 componentEntities=0 componentSkipped=0 componentSamples=0 layoutRejects=0 nullInstance=0 nullRefCount=0 truncated=0 attitudeAttempts=6349 attitudeSourceBlocked=0 attitudeAcquire=6349 attitudeExpiredInvalid=0 attitudeAgent=8650 attitudeUnknown=0 attitudeFailClosed=0
[14:45:13.636][tid=32932] attitude path: work=0 phase2Enabled=1
[14:45:13.636][tid=32932] visibility tick: threadId=32932 processed=0 queued=0 casts=188 visible=1 occluded=94 dropped=0
[14:45:13.647][tid=3100] ESP diagnostics: snapshots=22 categories[civilian=0 enemy=0 police=0 other=22] attitude[hostile=0 unknown=9 valid=6362 invalid=0] dead=11 categorized=0 categoryEnabled=0 projected=10 front=1 poseBounds=1 skeletonLines=0 depthRange=[3.18,3.18] maxDistance=300.0 distanceRejected=0 withinDistance=1 drawn=0 enabled=1 camera=1 health[valid=74550 invalid=27015 bars=1] nativeHighlight[queued=5 cleared=0 failures=0] visibility[on=1 available=1 occluded=0 unknown=0 casts=188 clear=1 blocked=94 dropped=0]
[14:45:14.696][tid=32932] no-recoil target: path=waiting-for-equipped-weapon playerId=0x1 weaponId=0x0 targetId=0x1 runtimeValidationRisk=0
[14:45:16.504][tid=32932] phase1 lifetime summary: registerCallbacks=645 registered=639 registerTid=33292 registerChanges=614 registerOnMain=25 registerOffMain=620 mainTickCalls=26112 mainTickTid=32932 mainTickChanges=0 unregisterCalls=225 unregisterTid=33564 unregisterChanges=214 unregisterOnMain=6 unregisterOffMain=219 unregisterTracked=9 unregisterUntracked=216 unregisterTrackingUnknown=0 unregisterNoId=0 lastRegister=(000001DBBBAB1C00,0x51B744352CF2BBAD) lastUnregister=(000001DBA88BE900,0x9B0393) unregisterHook=1 componentEntities=0 componentSkipped=0 componentSamples=0 layoutRejects=0 nullInstance=0 nullRefCount=0 truncated=0 attitudeAttempts=6487 attitudeSourceBlocked=0 attitudeAcquire=6487 attitudeExpiredInvalid=0 attitudeAgent=8838 attitudeUnknown=0 attitudeFailClosed=0
[14:45:16.628][tid=32932] attitude path: work=0 phase2Enabled=1
[14:45:16.628][tid=32932] visibility tick: threadId=32932 processed=0 queued=0 casts=188 visible=1 occluded=94 dropped=0
[14:45:16.628][tid=32932] profile present (5000ms): snapshot[n=802 avg=56.5us max=304.8us] snapLockWait[n=802 avg=0.1us max=0.5us] snapCount[n=802 avg=22.0 max=22] poseSlots[n=2354 avg=5.8us max=18.1us] esp[n=802 avg=2.5us max=16.9us] aimbot[n=802 avg=0.6us max=1.9us]
[14:45:16.628][tid=32932] profile tick (5000ms): tickTotal[n=401 avg=43.8us max=240.9us] health[n=401 avg=25.9us max=224.9us] attitude[n=401 avg=13.7us max=91.3us] highlight[n=401 avg=1.6us max=123.3us] playerMods[n=401 avg=1.9us max=9.5us] visibility[n=401 avg=0.3us max=3.3us]
[14:45:16.628][tid=32932] profile tickdetail (5000ms): healthCollect[n=401 avg=1.0us max=178.6us] healthInvoke[n=401 avg=24.1us max=123.8us] attitudeCollect[n=401 avg=0.4us max=0.9us] attitudeInvoke[n=401 avg=2.6us max=22.0us] highlightCollect[n=401 avg=0.7us max=122.5us]
[14:45:16.639][tid=3100] ESP diagnostics: snapshots=22 categories[civilian=0 enemy=0 police=0 other=22] attitude[hostile=0 unknown=9 valid=6494 invalid=0] dead=11 categorized=0 categoryEnabled=0 projected=11 front=2 poseBounds=2 skeletonLines=0 depthRange=[0.65,3.19] maxDistance=300.0 distanceRejected=0 withinDistance=2 drawn=0 enabled=1 camera=1 health[valid=75958 invalid=27543 bars=1] nativeHighlight[queued=5 cleared=0 failures=0] visibility[on=1 available=1 occluded=0 unknown=0 casts=188 clear=1 blocked=94 dropped=0]
[14:45:17.692][tid=32932] no-recoil target: path=waiting-for-equipped-weapon playerId=0x1 weaponId=0x0 targetId=0x1 runtimeValidationRisk=0
[14:45:19.630][tid=32932] attitude path: work=0 phase2Enabled=1
[14:45:19.630][tid=32932] visibility tick: threadId=32932 processed=0 queued=0 casts=188 visible=1 occluded=94 dropped=0
[14:45:19.642][tid=3100] ESP diagnostics: snapshots=22 categories[civilian=0 enemy=0 police=0 other=22] attitude[hostile=0 unknown=9 valid=6626 invalid=0] dead=11 categorized=0 categoryEnabled=0 projected=11 front=2 poseBounds=2 skeletonLines=0 depthRange=[0.65,3.19] maxDistance=300.0 distanceRejected=0 withinDistance=2 drawn=0 enabled=1 camera=1 health[valid=77366 invalid=28071 bars=1] nativeHighlight[queued=5 cleared=0 failures=0] visibility[on=1 available=1 occluded=0 unknown=0 casts=188 clear=1 blocked=94 dropped=0]
[14:45:19.677][tid=32932] phase1 lifetime summary: registerCallbacks=645 registered=639 registerTid=33292 registerChanges=614 registerOnMain=25 registerOffMain=620 mainTickCalls=26368 mainTickTid=32932 mainTickChanges=0 unregisterCalls=225 unregisterTid=33564 unregisterChanges=214 unregisterOnMain=6 unregisterOffMain=219 unregisterTracked=9 unregisterUntracked=216 unregisterTrackingUnknown=0 unregisterNoId=0 lastRegister=(000001DBBBAB1C00,0x51B744352CF2BBAD) lastUnregister=(000001DBA88BE900,0x9B0393) unregisterHook=1 componentEntities=0 componentSkipped=0 componentSamples=0 layoutRejects=0 nullInstance=0 nullRefCount=0 truncated=0 attitudeAttempts=6626 attitudeSourceBlocked=0 attitudeAcquire=6626 attitudeExpiredInvalid=0 attitudeAgent=9028 attitudeUnknown=0 attitudeFailClosed=0
[14:45:20.688][tid=32932] no-recoil target: path=waiting-for-equipped-weapon playerId=0x1 weaponId=0x0 targetId=0x1 runtimeValidationRisk=0
[14:45:21.626][tid=32932] profile present (5000ms): snapshot[n=803 avg=56.5us max=283.7us] snapLockWait[n=803 avg=0.1us max=1.1us] snapCount[n=803 avg=22.0 max=22] poseSlots[n=2332 avg=5.6us max=14.7us] esp[n=803 avg=2.3us max=14.5us] aimbot[n=803 avg=0.7us max=2.2us]
[14:45:21.626][tid=32932] profile tick (5000ms): tickTotal[n=402 avg=43.4us max=256.6us] health[n=402 avg=25.6us max=232.0us] attitude[n=402 avg=13.9us max=69.1us] highlight[n=402 avg=1.3us max=6.0us] playerMods[n=402 avg=1.9us max=10.1us] visibility[n=402 avg=0.3us max=2.6us]
[14:45:21.626][tid=32932] profile tickdetail (5000ms): healthCollect[n=402 avg=0.3us max=19.2us] healthInvoke[n=402 avg=24.0us max=93.0us] attitudeCollect[n=402 avg=0.5us max=7.5us] attitudeInvoke[n=402 avg=2.8us max=34.7us] highlightCollect[n=402 avg=0.4us max=0.9us]
[14:45:22.630][tid=32932] attitude path: work=0 phase2Enabled=1
[14:45:22.630][tid=32932] visibility tick: threadId=32932 processed=0 queued=0 casts=188 visible=1 occluded=94 dropped=0
[14:45:22.641][tid=3100] ESP diagnostics: snapshots=22 categories[civilian=0 enemy=0 police=0 other=22] attitude[hostile=0 unknown=9 valid=6758 invalid=0] dead=11 categorized=0 categoryEnabled=0 projected=11 front=2 poseBounds=2 skeletonLines=0 depthRange=[0.79,3.19] maxDistance=300.0 distanceRejected=0 withinDistance=2 drawn=0 enabled=1 camera=1 health[valid=78756 invalid=28593 bars=1] nativeHighlight[queued=5 cleared=0 failures=0] visibility[on=1 available=1 occluded=0 unknown=0 casts=188 clear=1 blocked=94 dropped=0]
[14:45:22.893][tid=32932] phase1 lifetime summary: registerCallbacks=645 registered=639 registerTid=33292 registerChanges=614 registerOnMain=25 registerOffMain=620 mainTickCalls=26624 mainTickTid=32932 mainTickChanges=0 unregisterCalls=225 unregisterTid=33564 unregisterChanges=214 unregisterOnMain=6 unregisterOffMain=219 unregisterTracked=9 unregisterUntracked=216 unregisterTrackingUnknown=0 unregisterNoId=0 lastRegister=(000001DBBBAB1C00,0x51B744352CF2BBAD) lastUnregister=(000001DBA88BE900,0x9B0393) unregisterHook=1 componentEntities=0 componentSkipped=0 componentSamples=0 layoutRejects=0 nullInstance=0 nullRefCount=0 truncated=0 attitudeAttempts=6769 attitudeSourceBlocked=0 attitudeAcquire=6769 attitudeExpiredInvalid=0 attitudeAgent=9223 attitudeUnknown=0 attitudeFailClosed=0
[14:45:23.690][tid=32932] no-recoil target: path=waiting-for-equipped-weapon playerId=0x1 weaponId=0x0 targetId=0x1 runtimeValidationRisk=0
[14:45:25.624][tid=32932] attitude path: work=0 phase2Enabled=1
[14:45:25.624][tid=32932] visibility tick: threadId=32932 processed=0 queued=0 casts=188 visible=1 occluded=94 dropped=0
[14:45:25.646][tid=3100] ESP diagnostics: snapshots=22 categories[civilian=0 enemy=0 police=0 other=22] attitude[hostile=0 unknown=9 valid=6890 invalid=0] dead=11 categorized=0 categoryEnabled=0 projected=11 front=2 poseBounds=2 skeletonLines=0 depthRange=[0.79,3.19] maxDistance=300.0 distanceRejected=0 withinDistance=2 drawn=0 enabled=1 camera=1 health[valid=80170 invalid=29123 bars=1] nativeHighlight[queued=5 cleared=0 failures=0] visibility[on=1 available=1 occluded=0 unknown=0 casts=188 clear=1 blocked=94 dropped=0]
[14:45:26.058][tid=32932] phase1 lifetime summary: registerCallbacks=645 registered=639 registerTid=33292 registerChanges=614 registerOnMain=25 registerOffMain=620 mainTickCalls=26880 mainTickTid=32932 mainTickChanges=0 unregisterCalls=225 unregisterTid=33564 unregisterChanges=214 unregisterOnMain=6 unregisterOffMain=219 unregisterTracked=9 unregisterUntracked=216 unregisterTrackingUnknown=0 unregisterNoId=0 lastRegister=(000001DBBBAB1C00,0x51B744352CF2BBAD) lastUnregister=(000001DBA88BE900,0x9B0393) unregisterHook=1 componentEntities=0 componentSkipped=0 componentSamples=0 layoutRejects=0 nullInstance=0 nullRefCount=0 truncated=0 attitudeAttempts=6910 attitudeSourceBlocked=0 attitudeAcquire=6910 attitudeExpiredInvalid=0 attitudeAgent=9415 attitudeUnknown=0 attitudeFailClosed=0
[14:45:26.624][tid=32932] profile present (5000ms): snapshot[n=805 avg=55.0us max=240.2us] snapLockWait[n=805 avg=0.1us max=0.5us] snapCount[n=805 avg=22.0 max=22] poseSlots[n=2354 avg=5.5us max=16.7us] esp[n=805 avg=2.3us max=14.9us] aimbot[n=805 avg=0.6us max=1.6us]
[14:45:26.624][tid=32932] profile tick (5000ms): tickTotal[n=402 avg=44.3us max=291.6us] health[n=402 avg=25.7us max=279.6us] attitude[n=402 avg=14.9us max=133.8us] highlight[n=402 avg=1.2us max=3.5us] playerMods[n=402 avg=1.8us max=8.1us] visibility[n=402 avg=0.3us max=2.3us]
[14:45:26.624][tid=32932] profile tickdetail (5000ms): healthCollect[n=402 avg=0.8us max=162.1us] healthInvoke[n=402 avg=24.2us max=278.7us] attitudeCollect[n=402 avg=0.6us max=39.1us] attitudeInvoke[n=402 avg=2.7us max=27.9us] highlightCollect[n=402 avg=0.3us max=0.8us]
[14:45:26.687][tid=32932] no-recoil target: path=waiting-for-equipped-weapon playerId=0x1 weaponId=0x0 targetId=0x1 runtimeValidationRisk=0
[14:45:28.633][tid=32932] attitude path: work=0 phase2Enabled=1
[14:45:28.633][tid=32932] visibility tick: threadId=32932 processed=0 queued=0 casts=188 visible=1 occluded=94 dropped=0
[14:45:28.642][tid=3100] ESP diagnostics: snapshots=22 categories[civilian=0 enemy=0 police=0 other=22] attitude[hostile=0 unknown=9 valid=7022 invalid=0] dead=11 categorized=0 categoryEnabled=0 projected=11 front=2 poseBounds=2 skeletonLines=0 depthRange=[0.79,3.19] maxDistance=300.0 distanceRejected=0 withinDistance=2 drawn=0 enabled=1 camera=1 health[valid=81567 invalid=29646 bars=1] nativeHighlight[queued=5 cleared=0 failures=0] visibility[on=1 available=1 occluded=0 unknown=0 casts=188 clear=1 blocked=94 dropped=0]
[14:45:29.253][tid=32932] phase1 lifetime summary: registerCallbacks=645 registered=639 registerTid=33292 registerChanges=614 registerOnMain=25 registerOffMain=620 mainTickCalls=27136 mainTickTid=32932 mainTickChanges=0 unregisterCalls=225 unregisterTid=33564 unregisterChanges=214 unregisterOnMain=6 unregisterOffMain=219 unregisterTracked=9 unregisterUntracked=216 unregisterTrackingUnknown=0 unregisterNoId=0 lastRegister=(000001DBBBAB1C00,0x51B744352CF2BBAD) lastUnregister=(000001DBA88BE900,0x9B0393) unregisterHook=1 componentEntities=0 componentSkipped=0 componentSamples=0 layoutRejects=0 nullInstance=0 nullRefCount=0 truncated=0 attitudeAttempts=7048 attitudeSourceBlocked=0 attitudeAcquire=7048 attitudeExpiredInvalid=0 attitudeAgent=9603 attitudeUnknown=0 attitudeFailClosed=0
[14:45:29.688][tid=32932] no-recoil target: path=waiting-for-equipped-weapon playerId=0x1 weaponId=0x0 targetId=0x1 runtimeValidationRisk=0
[14:45:31.633][tid=32932] attitude path: work=0 phase2Enabled=1
[14:45:31.633][tid=32932] visibility tick: threadId=32932 processed=0 queued=0 casts=188 visible=1 occluded=94 dropped=0
[14:45:31.633][tid=32932] profile present (5000ms): snapshot[n=806 avg=55.5us max=285.4us] snapLockWait[n=806 avg=0.1us max=0.5us] snapCount[n=806 avg=22.0 max=22] poseSlots[n=2332 avg=5.6us max=20.8us] esp[n=806 avg=2.3us max=13.6us] aimbot[n=806 avg=0.7us max=1.7us]
[14:45:31.633][tid=32932] profile tick (5000ms): tickTotal[n=403 avg=43.8us max=208.8us] health[n=403 avg=26.1us max=196.2us] attitude[n=403 avg=13.9us max=72.3us] highlight[n=403 avg=1.3us max=3.4us] playerMods[n=403 avg=2.0us max=45.7us] visibility[n=403 avg=0.3us max=2.3us]
[14:45:31.633][tid=32932] profile tickdetail (5000ms): healthCollect[n=403 avg=0.7us max=60.3us] healthInvoke[n=403 avg=24.6us max=195.2us] attitudeCollect[n=403 avg=0.4us max=0.9us] attitudeInvoke[n=403 avg=2.7us max=56.3us] highlightCollect[n=403 avg=0.3us max=1.0us]
[14:45:31.645][tid=3100] ESP diagnostics: snapshots=22 categories[civilian=0 enemy=0 police=0 other=22] attitude[hostile=0 unknown=9 valid=7154 invalid=0] dead=11 categorized=0 categoryEnabled=0 projected=10 front=1 poseBounds=1 skeletonLines=0 depthRange=[3.19,3.19] maxDistance=300.0 distanceRejected=0 withinDistance=1 drawn=0 enabled=1 camera=1 health[valid=82980 invalid=30177 bars=1] nativeHighlight[queued=5 cleared=0 failures=0] visibility[on=1 available=1 occluded=0 unknown=0 casts=188 clear=1 blocked=94 dropped=0]
[14:45:32.409][tid=32932] phase1 lifetime summary: registerCallbacks=645 registered=639 registerTid=33292 registerChanges=614 registerOnMain=25 registerOffMain=620 mainTickCalls=27392 mainTickTid=32932 mainTickChanges=0 unregisterCalls=225 unregisterTid=33564 unregisterChanges=214 unregisterOnMain=6 unregisterOffMain=219 unregisterTracked=9 unregisterUntracked=216 unregisterTrackingUnknown=0 unregisterNoId=0 lastRegister=(000001DBBBAB1C00,0x51B744352CF2BBAD) lastUnregister=(000001DBA88BE900,0x9B0393) unregisterHook=1 componentEntities=0 componentSkipped=0 componentSamples=0 layoutRejects=0 nullInstance=0 nullRefCount=0 truncated=0 attitudeAttempts=7187 attitudeSourceBlocked=0 attitudeAcquire=7187 attitudeExpiredInvalid=0 attitudeAgent=9793 attitudeUnknown=0 attitudeFailClosed=0
[14:45:32.695][tid=32932] no-recoil target: path=waiting-for-equipped-weapon playerId=0x1 weaponId=0x0 targetId=0x1 runtimeValidationRisk=0
[14:45:34.632][tid=32932] attitude path: work=0 phase2Enabled=1
[14:45:34.632][tid=32932] visibility tick: threadId=32932 processed=0 queued=0 casts=188 visible=1 occluded=94 dropped=0
[14:45:34.641][tid=3100] ESP diagnostics: snapshots=22 categories[civilian=0 enemy=0 police=0 other=22] attitude[hostile=0 unknown=9 valid=7286 invalid=0] dead=11 categorized=0 categoryEnabled=0 projected=11 front=2 poseBounds=2 skeletonLines=0 depthRange=[0.64,3.19] maxDistance=300.0 distanceRejected=0 withinDistance=2 drawn=0 enabled=1 camera=1 health[valid=84401 invalid=30708 bars=1] nativeHighlight[queued=5 cleared=0 failures=0] visibility[on=1 available=1 occluded=0 unknown=0 casts=188 clear=1 blocked=94 dropped=0]
[14:45:35.553][tid=32932] phase1 lifetime summary: registerCallbacks=645 registered=639 registerTid=33292 registerChanges=614 registerOnMain=25 registerOffMain=620 mainTickCalls=27648 mainTickTid=32932 mainTickChanges=0 unregisterCalls=225 unregisterTid=33564 unregisterChanges=214 unregisterOnMain=6 unregisterOffMain=219 unregisterTracked=9 unregisterUntracked=216 unregisterTrackingUnknown=0 unregisterNoId=0 lastRegister=(000001DBBBAB1C00,0x51B744352CF2BBAD) lastUnregister=(000001DBA88BE900,0x9B0393) unregisterHook=1 componentEntities=0 componentSkipped=0 componentSamples=0 layoutRejects=0 nullInstance=0 nullRefCount=0 truncated=0 attitudeAttempts=7328 attitudeSourceBlocked=0 attitudeAcquire=7328 attitudeExpiredInvalid=0 attitudeAgent=9985 attitudeUnknown=0 attitudeFailClosed=0
[14:45:35.692][tid=32932] no-recoil target: path=waiting-for-equipped-weapon playerId=0x1 weaponId=0x0 targetId=0x1 runtimeValidationRisk=0
[14:45:36.632][tid=32932] profile present (5000ms): snapshot[n=812 avg=56.5us max=337.1us] snapLockWait[n=812 avg=0.1us max=0.6us] snapCount[n=812 avg=22.0 max=22] poseSlots[n=2354 avg=5.7us max=18.7us] esp[n=812 avg=2.3us max=21.0us] aimbot[n=812 avg=0.7us max=1.9us]
[14:45:36.632][tid=32932] profile tick (5000ms): tickTotal[n=406 avg=42.0us max=105.1us] health[n=406 avg=24.8us max=87.5us] attitude[n=406 avg=13.4us max=49.2us] highlight[n=406 avg=1.3us max=2.6us] playerMods[n=406 avg=1.9us max=10.7us] visibility[n=406 avg=0.3us max=3.3us]
[14:45:36.632][tid=32932] profile tickdetail (5000ms): healthCollect[n=406 avg=0.2us max=20.4us] healthInvoke[n=406 avg=23.9us max=86.0us] attitudeCollect[n=406 avg=0.4us max=1.0us] attitudeInvoke[n=406 avg=2.6us max=22.7us] highlightCollect[n=406 avg=0.4us max=0.7us]
[14:45:37.625][tid=32932] attitude path: work=0 phase2Enabled=1
[14:45:37.625][tid=32932] visibility tick: threadId=32932 processed=0 queued=0 casts=188 visible=1 occluded=94 dropped=0
[14:45:37.649][tid=3100] ESP diagnostics: snapshots=22 categories[civilian=0 enemy=0 police=0 other=22] attitude[hostile=0 unknown=9 valid=7418 invalid=0] dead=11 categorized=0 categoryEnabled=0 projected=11 front=4 poseBounds=4 skeletonLines=0 depthRange=[0.86,182.29] maxDistance=300.0 distanceRejected=0 withinDistance=4 drawn=0 enabled=1 camera=1 health[valid=85809 invalid=31236 bars=1] nativeHighlight[queued=5 cleared=0 failures=0] visibility[on=1 available=1 occluded=0 unknown=0 casts=188 clear=1 blocked=94 dropped=0]
[14:45:38.691][tid=32932] no-recoil target: path=waiting-for-equipped-weapon playerId=0x1 weaponId=0x0 targetId=0x1 runtimeValidationRisk=0
[14:45:38.753][tid=32932] phase1 lifetime summary: registerCallbacks=645 registered=639 registerTid=33292 registerChanges=614 registerOnMain=25 registerOffMain=620 mainTickCalls=27904 mainTickTid=32932 mainTickChanges=0 unregisterCalls=225 unregisterTid=33564 unregisterChanges=214 unregisterOnMain=6 unregisterOffMain=219 unregisterTracked=9 unregisterUntracked=216 unregisterTrackingUnknown=0 unregisterNoId=0 lastRegister=(000001DBBBAB1C00,0x51B744352CF2BBAD) lastUnregister=(000001DBA88BE900,0x9B0393) unregisterHook=1 componentEntities=0 componentSkipped=0 componentSamples=0 layoutRejects=0 nullInstance=0 nullRefCount=0 truncated=0 attitudeAttempts=7466 attitudeSourceBlocked=0 attitudeAcquire=7466 attitudeExpiredInvalid=0 attitudeAgent=10173 attitudeUnknown=0 attitudeFailClosed=0
[14:45:40.628][tid=32932] attitude path: work=0 phase2Enabled=1
[14:45:40.628][tid=32932] visibility tick: threadId=32932 processed=0 queued=0 casts=188 visible=1 occluded=94 dropped=0
[14:45:40.638][tid=3100] ESP diagnostics: snapshots=22 categories[civilian=0 enemy=0 police=0 other=22] attitude[hostile=0 unknown=9 valid=7550 invalid=0] dead=11 categorized=0 categoryEnabled=0 projected=10 front=5 poseBounds=5 skeletonLines=0 depthRange=[0.83,386.35] maxDistance=300.0 distanceRejected=1 withinDistance=4 drawn=0 enabled=1 camera=1 health[valid=87194 invalid=31755 bars=1] nativeHighlight[queued=5 cleared=0 failures=0] visibility[on=1 available=1 occluded=0 unknown=0 casts=188 clear=1 blocked=94 dropped=0]
[14:45:41.632][tid=32932] profile present (5000ms): snapshot[n=790 avg=56.7us max=597.8us] snapLockWait[n=790 avg=0.1us max=0.8us] snapCount[n=790 avg=22.0 max=22] poseSlots[n=2354 avg=5.9us max=263.4us] esp[n=790 avg=2.6us max=87.3us] aimbot[n=790 avg=0.7us max=31.5us]
[14:45:41.632][tid=32932] profile tick (5000ms): tickTotal[n=395 avg=41.6us max=216.1us] health[n=395 avg=25.0us max=203.6us] attitude[n=395 avg=12.9us max=69.4us] highlight[n=395 avg=1.3us max=35.4us] playerMods[n=395 avg=1.8us max=9.8us] visibility[n=395 avg=0.3us max=2.6us]
[14:45:41.632][tid=32932] profile tickdetail (5000ms): healthCollect[n=395 avg=0.8us max=161.7us] healthInvoke[n=395 avg=23.6us max=115.0us] attitudeCollect[n=395 avg=0.4us max=1.0us] attitudeInvoke[n=395 avg=2.7us max=54.7us] highlightCollect[n=395 avg=0.4us max=34.5us]
[14:45:41.693][tid=32932] no-recoil target: path=waiting-for-equipped-weapon playerId=0x1 weaponId=0x0 targetId=0x1 runtimeValidationRisk=0
[14:45:42.015][tid=32932] phase1 lifetime summary: registerCallbacks=646 registered=640 registerTid=26900 registerChanges=615 registerOnMain=25 registerOffMain=621 mainTickCalls=28160 mainTickTid=32932 mainTickChanges=0 unregisterCalls=225 unregisterTid=33564 unregisterChanges=214 unregisterOnMain=6 unregisterOffMain=219 unregisterTracked=9 unregisterUntracked=216 unregisterTrackingUnknown=0 unregisterNoId=0 lastRegister=(000001DBA8776650,0x9B0394) lastUnregister=(000001DBA88BE900,0x9B0393) unregisterHook=1 componentEntities=0 componentSkipped=0 componentSamples=0 layoutRejects=0 nullInstance=0 nullRefCount=0 truncated=0 attitudeAttempts=7609 attitudeSourceBlocked=0 attitudeAcquire=7609 attitudeExpiredInvalid=0 attitudeAgent=10368 attitudeUnknown=0 attitudeFailClosed=0
[14:45:43.631][tid=32932] attitude path: work=0 phase2Enabled=1
[14:45:43.631][tid=32932] visibility tick: threadId=32932 processed=0 queued=0 casts=188 visible=1 occluded=94 dropped=0
[14:45:43.640][tid=3100] ESP diagnostics: snapshots=22 categories[civilian=0 enemy=0 police=0 other=22] attitude[hostile=0 unknown=9 valid=7682 invalid=0] dead=11 categorized=0 categoryEnabled=0 projected=11 front=1 poseBounds=1 skeletonLines=0 depthRange=[0.88,0.88] maxDistance=300.0 distanceRejected=0 withinDistance=1 drawn=0 enabled=1 camera=1 health[valid=88554 invalid=32267 bars=1] nativeHighlight[queued=5 cleared=0 failures=0] visibility[on=1 available=1 occluded=0 unknown=0 casts=188 clear=1 blocked=94 dropped=0]
[14:45:44.686][tid=32932] no-recoil target: path=waiting-for-equipped-weapon playerId=0x1 weaponId=0x0 targetId=0x1 runtimeValidationRisk=0
[14:45:45.222][tid=32932] phase1 lifetime summary: registerCallbacks=646 registered=640 registerTid=26900 registerChanges=615 registerOnMain=25 registerOffMain=621 mainTickCalls=28416 mainTickTid=32932 mainTickChanges=0 unregisterCalls=226 unregisterTid=23524 unregisterChanges=215 unregisterOnMain=6 unregisterOffMain=220 unregisterTracked=9 unregisterUntracked=217 unregisterTrackingUnknown=0 unregisterNoId=0 lastRegister=(000001DBA8776650,0x9B0394) lastUnregister=(000001DBA8776650,0x9B0394) unregisterHook=1 componentEntities=0 componentSkipped=0 componentSamples=0 layoutRejects=0 nullInstance=0 nullRefCount=0 truncated=0 attitudeAttempts=7748 attitudeSourceBlocked=0 attitudeAcquire=7748 attitudeExpiredInvalid=0 attitudeAgent=10558 attitudeUnknown=0 attitudeFailClosed=0
[14:45:46.633][tid=32932] attitude path: work=0 phase2Enabled=1
[14:45:46.633][tid=32932] visibility tick: threadId=32932 processed=0 queued=0 casts=188 visible=1 occluded=94 dropped=0
[14:45:46.633][tid=32932] profile present (5000ms): snapshot[n=790 avg=57.7us max=633.1us] snapLockWait[n=790 avg=0.1us max=0.5us] snapCount[n=790 avg=22.0 max=22] poseSlots[n=2332 avg=6.0us max=222.5us] esp[n=790 avg=2.4us max=39.2us] aimbot[n=790 avg=0.8us max=46.7us]
[14:45:46.633][tid=32932] profile tick (5000ms): tickTotal[n=395 avg=42.3us max=221.6us] health[n=395 avg=25.1us max=203.4us] attitude[n=395 avg=13.5us max=167.5us] highlight[n=395 avg=1.2us max=2.8us] playerMods[n=395 avg=1.8us max=7.3us] visibility[n=395 avg=0.3us max=2.5us]
[14:45:46.633][tid=32932] profile tickdetail (5000ms): healthCollect[n=395 avg=1.2us max=159.5us] healthInvoke[n=395 avg=22.7us max=81.1us] attitudeCollect[n=395 avg=0.5us max=28.7us] attitudeInvoke[n=395 avg=2.6us max=24.4us] highlightCollect[n=395 avg=0.4us max=0.8us]
[14:45:46.644][tid=3100] ESP diagnostics: snapshots=22 categories[civilian=0 enemy=0 police=0 other=22] attitude[hostile=0 unknown=9 valid=7814 invalid=0] dead=11 categorized=0 categoryEnabled=0 projected=11 front=3 poseBounds=3 skeletonLines=0 depthRange=[1.04,339.61] maxDistance=300.0 distanceRejected=1 withinDistance=2 drawn=0 enabled=1 camera=1 health[valid=89940 invalid=32785 bars=1] nativeHighlight[queued=5 cleared=0 failures=0] visibility[on=1 available=1 occluded=0 unknown=0 casts=188 clear=1 blocked=94 dropped=0]
[14:45:47.694][tid=32932] no-recoil target: path=waiting-for-equipped-weapon playerId=0x1 weaponId=0x0 targetId=0x1 runtimeValidationRisk=0
[14:45:48.475][tid=32932] phase1 lifetime summary: registerCallbacks=646 registered=640 registerTid=26900 registerChanges=615 registerOnMain=25 registerOffMain=621 mainTickCalls=28672 mainTickTid=32932 mainTickChanges=0 unregisterCalls=226 unregisterTid=23524 unregisterChanges=215 unregisterOnMain=6 unregisterOffMain=220 unregisterTracked=9 unregisterUntracked=217 unregisterTrackingUnknown=0 unregisterNoId=0 lastRegister=(000001DBA8776650,0x9B0394) lastUnregister=(000001DBA8776650,0x9B0394) unregisterHook=1 componentEntities=0 componentSkipped=0 componentSamples=0 layoutRejects=0 nullInstance=0 nullRefCount=0 truncated=0 attitudeAttempts=7891 attitudeSourceBlocked=0 attitudeAcquire=7891 attitudeExpiredInvalid=0 attitudeAgent=10753 attitudeUnknown=0 attitudeFailClosed=0
[14:45:49.630][tid=32932] attitude path: work=0 phase2Enabled=1
[14:45:49.630][tid=32932] visibility tick: threadId=32932 processed=0 queued=0 casts=188 visible=1 occluded=94 dropped=0
[14:45:49.640][tid=3100] ESP diagnostics: snapshots=22 categories[civilian=0 enemy=0 police=0 other=22] attitude[hostile=0 unknown=9 valid=7946 invalid=0] dead=11 categorized=0 categoryEnabled=0 projected=11 front=3 poseBounds=3 skeletonLines=0 depthRange=[1.03,259.04] maxDistance=300.0 distanceRejected=0 withinDistance=3 drawn=0 enabled=1 camera=1 health[valid=91330 invalid=33307 bars=1] nativeHighlight[queued=5 cleared=0 failures=0] visibility[on=1 available=1 occluded=0 unknown=0 casts=188 clear=1 blocked=94 dropped=0]
[14:45:50.690][tid=32932] no-recoil target: path=waiting-for-equipped-weapon playerId=0x1 weaponId=0x0 targetId=0x1 runtimeValidationRisk=0
[14:45:51.630][tid=32932] profile present (5000ms): snapshot[n=798 avg=56.5us max=487.6us] snapLockWait[n=798 avg=0.1us max=0.5us] snapCount[n=798 avg=22.0 max=22] poseSlots[n=2354 avg=5.7us max=145.2us] esp[n=798 avg=2.5us max=40.6us] aimbot[n=798 avg=0.6us max=1.6us]
[14:45:51.630][tid=32932] profile tick (5000ms): tickTotal[n=399 avg=41.2us max=123.7us] health[n=399 avg=24.5us max=86.4us] attitude[n=399 avg=13.1us max=44.0us] highlight[n=399 avg=1.2us max=3.9us] playerMods[n=399 avg=1.8us max=7.6us] visibility[n=399 avg=0.3us max=2.2us]
[14:45:51.630][tid=32932] profile tickdetail (5000ms): healthCollect[n=399 avg=0.2us max=0.7us] healthInvoke[n=399 avg=23.7us max=84.5us] attitudeCollect[n=399 avg=0.4us max=1.0us] attitudeInvoke[n=399 avg=2.6us max=21.7us] highlightCollect[n=399 avg=0.3us max=0.7us]
[14:45:51.682][tid=32932] phase1 lifetime summary: registerCallbacks=646 registered=640 registerTid=26900 registerChanges=615 registerOnMain=25 registerOffMain=621 mainTickCalls=28928 mainTickTid=32932 mainTickChanges=0 unregisterCalls=226 unregisterTid=23524 unregisterChanges=215 unregisterOnMain=6 unregisterOffMain=220 unregisterTracked=9 unregisterUntracked=217 unregisterTrackingUnknown=0 unregisterNoId=0 lastRegister=(000001DBA8776650,0x9B0394) lastUnregister=(000001DBA8776650,0x9B0394) unregisterHook=1 componentEntities=0 componentSkipped=0 componentSamples=0 layoutRejects=0 nullInstance=0 nullRefCount=0 truncated=0 attitudeAttempts=8034 attitudeSourceBlocked=0 attitudeAcquire=8034 attitudeExpiredInvalid=0 attitudeAgent=10948 attitudeUnknown=0 attitudeFailClosed=0
[14:45:52.634][tid=32932] attitude path: work=0 phase2Enabled=1
[14:45:52.634][tid=32932] visibility tick: threadId=32932 processed=0 queued=0 casts=188 visible=1 occluded=94 dropped=0
[14:45:52.644][tid=3100] ESP diagnostics: snapshots=22 categories[civilian=0 enemy=0 police=0 other=22] attitude[hostile=0 unknown=9 valid=8078 invalid=0] dead=11 categorized=0 categoryEnabled=0 projected=10 front=7 poseBounds=7 skeletonLines=0 depthRange=[0.73,1106.98] maxDistance=300.0 distanceRejected=6 withinDistance=1 drawn=0 enabled=1 camera=1 health[valid=92714 invalid=33827 bars=1] nativeHighlight[queued=5 cleared=0 failures=0] visibility[on=1 available=1 occluded=0 unknown=0 casts=188 clear=1 blocked=94 dropped=0]
[14:45:53.694][tid=32932] no-recoil target: path=waiting-for-equipped-weapon playerId=0x1 weaponId=0x0 targetId=0x1 runtimeValidationRisk=0
[14:45:54.972][tid=32932] phase1 lifetime summary: registerCallbacks=646 registered=640 registerTid=26900 registerChanges=615 registerOnMain=25 registerOffMain=621 mainTickCalls=29184 mainTickTid=32932 mainTickChanges=0 unregisterCalls=226 unregisterTid=23524 unregisterChanges=215 unregisterOnMain=6 unregisterOffMain=220 unregisterTracked=9 unregisterUntracked=217 unregisterTrackingUnknown=0 unregisterNoId=0 lastRegister=(000001DBA8776650,0x9B0394) lastUnregister=(000001DBA8776650,0x9B0394) unregisterHook=1 componentEntities=0 componentSkipped=0 componentSamples=0 layoutRejects=0 nullInstance=0 nullRefCount=0 truncated=0 attitudeAttempts=8177 attitudeSourceBlocked=0 attitudeAcquire=8177 attitudeExpiredInvalid=0 attitudeAgent=11143 attitudeUnknown=0 attitudeFailClosed=0
[14:45:55.633][tid=32932] attitude path: work=0 phase2Enabled=1
[14:45:55.633][tid=32932] visibility tick: threadId=32932 processed=0 queued=0 casts=188 visible=1 occluded=94 dropped=0
[14:45:55.643][tid=3100] ESP diagnostics: snapshots=22 categories[civilian=0 enemy=0 police=0 other=22] attitude[hostile=0 unknown=9 valid=8210 invalid=0] dead=11 categorized=0 categoryEnabled=0 projected=10 front=7 poseBounds=7 skeletonLines=0 depthRange=[0.73,1107.42] maxDistance=300.0 distanceRejected=6 withinDistance=1 drawn=0 enabled=1 camera=1 health[valid=94070 invalid=34335 bars=1] nativeHighlight[queued=5 cleared=0 failures=0] visibility[on=1 available=1 occluded=0 unknown=0 casts=188 clear=1 blocked=94 dropped=0]
[14:45:56.634][tid=32932] profile present (5000ms): snapshot[n=778 avg=58.1us max=530.7us] snapLockWait[n=778 avg=0.1us max=0.5us] snapCount[n=778 avg=22.0 max=22] poseSlots[n=2354 avg=5.7us max=146.5us] esp[n=778 avg=2.7us max=23.5us] aimbot[n=778 avg=0.7us max=39.0us]
[14:45:56.634][tid=32932] profile tick (5000ms): tickTotal[n=389 avg=42.1us max=134.3us] health[n=389 avg=25.2us max=120.6us] attitude[n=389 avg=13.1us max=66.6us] highlight[n=389 avg=1.3us max=41.2us] playerMods[n=389 avg=1.8us max=7.2us] visibility[n=389 avg=0.3us max=2.8us]
[14:45:56.634][tid=32932] profile tickdetail (5000ms): healthCollect[n=389 avg=0.6us max=78.1us] healthInvoke[n=389 avg=23.9us max=89.5us] attitudeCollect[n=389 avg=0.4us max=1.2us] attitudeInvoke[n=389 avg=2.7us max=22.6us] highlightCollect[n=389 avg=0.4us max=0.8us]
[14:45:56.686][tid=32932] no-recoil target: path=waiting-for-equipped-weapon playerId=0x1 weaponId=0x0 targetId=0x1 runtimeValidationRisk=0
[14:45:58.266][tid=32932] phase1 lifetime summary: registerCallbacks=646 registered=640 registerTid=26900 registerChanges=615 registerOnMain=25 registerOffMain=621 mainTickCalls=29440 mainTickTid=32932 mainTickChanges=0 unregisterCalls=226 unregisterTid=23524 unregisterChanges=215 unregisterOnMain=6 unregisterOffMain=220 unregisterTracked=9 unregisterUntracked=217 unregisterTrackingUnknown=0 unregisterNoId=0 lastRegister=(000001DBA8776650,0x9B0394) lastUnregister=(000001DBA8776650,0x9B0394) unregisterHook=1 componentEntities=0 componentSkipped=0 componentSamples=0 layoutRejects=0 nullInstance=0 nullRefCount=0 truncated=0 attitudeAttempts=8324 attitudeSourceBlocked=0 attitudeAcquire=8324 attitudeExpiredInvalid=0 attitudeAgent=11343 attitudeUnknown=0 attitudeFailClosed=0
[14:45:58.627][tid=32932] attitude path: work=0 phase2Enabled=1
[14:45:58.627][tid=32932] visibility tick: threadId=32932 processed=0 queued=0 casts=188 visible=1 occluded=94 dropped=0
[14:45:58.638][tid=3100] ESP diagnostics: snapshots=22 categories[civilian=0 enemy=0 police=0 other=22] attitude[hostile=0 unknown=9 valid=8342 invalid=0] dead=11 categorized=0 categoryEnabled=0 projected=10 front=7 poseBounds=7 skeletonLines=0 depthRange=[0.73,1107.30] maxDistance=300.0 distanceRejected=6 withinDistance=1 drawn=0 enabled=1 camera=1 health[valid=95426 invalid=34843 bars=1] nativeHighlight[queued=5 cleared=0 failures=0] visibility[on=1 available=1 occluded=0 unknown=0 casts=188 clear=1 blocked=94 dropped=0]
[14:45:59.690][tid=32932] no-recoil target: path=waiting-for-equipped-weapon playerId=0x1 weaponId=0x0 targetId=0x1 runtimeValidationRisk=0
[14:46:01.596][tid=32932] phase1 lifetime summary: registerCallbacks=646 registered=640 registerTid=26900 registerChanges=615 registerOnMain=25 registerOffMain=621 mainTickCalls=29696 mainTickTid=32932 mainTickChanges=0 unregisterCalls=226 unregisterTid=23524 unregisterChanges=215 unregisterOnMain=6 unregisterOffMain=220 unregisterTracked=9 unregisterUntracked=217 unregisterTrackingUnknown=0 unregisterNoId=0 lastRegister=(000001DBA8776650,0x9B0394) lastUnregister=(000001DBA8776650,0x9B0394) unregisterHook=1 componentEntities=0 componentSkipped=0 componentSamples=0 layoutRejects=0 nullInstance=0 nullRefCount=0 truncated=0 attitudeAttempts=8472 attitudeSourceBlocked=0 attitudeAcquire=8472 attitudeExpiredInvalid=0 attitudeAgent=11545 attitudeUnknown=0 attitudeFailClosed=0
[14:46:01.634][tid=32932] attitude path: work=0 phase2Enabled=1
[14:46:01.634][tid=32932] visibility tick: threadId=32932 processed=0 queued=0 casts=188 visible=1 occluded=94 dropped=0
[14:46:01.634][tid=32932] profile present (5000ms): snapshot[n=772 avg=59.2us max=609.4us] snapLockWait[n=772 avg=0.1us max=0.5us] snapCount[n=772 avg=22.0 max=22] poseSlots[n=2332 avg=6.0us max=217.6us] esp[n=772 avg=3.1us max=138.1us] aimbot[n=772 avg=0.7us max=45.4us]
[14:46:01.634][tid=32932] profile tick (5000ms): tickTotal[n=386 avg=42.5us max=170.1us] health[n=386 avg=25.2us max=127.1us] attitude[n=386 avg=13.6us max=125.5us] highlight[n=386 avg=1.2us max=2.7us] playerMods[n=386 avg=1.8us max=9.1us] visibility[n=386 avg=0.3us max=2.6us]
[14:46:01.634][tid=32932] profile tickdetail (5000ms): healthCollect[n=386 avg=0.2us max=16.9us] healthInvoke[n=386 avg=24.1us max=126.0us] attitudeCollect[n=386 avg=0.4us max=0.9us] attitudeInvoke[n=386 avg=2.7us max=24.2us] highlightCollect[n=386 avg=0.3us max=0.7us]
[14:46:01.645][tid=3100] ESP diagnostics: snapshots=22 categories[civilian=0 enemy=0 police=0 other=22] attitude[hostile=0 unknown=9 valid=8474 invalid=0] dead=11 categorized=0 categoryEnabled=0 projected=10 front=7 poseBounds=7 skeletonLines=0 depthRange=[0.97,1107.12] maxDistance=300.0 distanceRejected=6 withinDistance=1 drawn=0 enabled=1 camera=1 health[valid=96770 invalid=35347 bars=1] nativeHighlight[queued=5 cleared=0 failures=0] visibility[on=1 available=1 occluded=0 unknown=0 casts=188 clear=1 blocked=94 dropped=0]
[14:46:02.694][tid=32932] no-recoil target: path=waiting-for-equipped-weapon playerId=0x1 weaponId=0x0 targetId=0x1 runtimeValidationRisk=0
[14:46:04.631][tid=32932] attitude path: work=0 phase2Enabled=1
[14:46:04.631][tid=32932] visibility tick: threadId=32932 processed=0 queued=0 casts=188 visible=1 occluded=94 dropped=0
[14:46:04.640][tid=3100] ESP diagnostics: snapshots=22 categories[civilian=0 enemy=0 police=0 other=22] attitude[hostile=0 unknown=9 valid=8606 invalid=0] dead=11 categorized=0 categoryEnabled=0 projected=10 front=7 poseBounds=7 skeletonLines=0 depthRange=[1.04,674.74] maxDistance=300.0 distanceRejected=6 withinDistance=1 drawn=0 enabled=1 camera=1 health[valid=98132 invalid=35857 bars=1] nativeHighlight[queued=5 cleared=0 failures=0] visibility[on=1 available=1 occluded=0 unknown=0 casts=188 clear=1 blocked=94 dropped=0]
[14:46:04.868][tid=32932] phase1 lifetime summary: registerCallbacks=646 registered=640 registerTid=26900 registerChanges=615 registerOnMain=25 registerOffMain=621 mainTickCalls=29952 mainTickTid=32932 mainTickChanges=0 unregisterCalls=226 unregisterTid=23524 unregisterChanges=215 unregisterOnMain=6 unregisterOffMain=220 unregisterTracked=9 unregisterUntracked=217 unregisterTrackingUnknown=0 unregisterNoId=0 lastRegister=(000001DBA8776650,0x9B0394) lastUnregister=(000001DBA8776650,0x9B0394) unregisterHook=1 componentEntities=0 componentSkipped=0 componentSamples=0 layoutRejects=0 nullInstance=0 nullRefCount=0 truncated=0 attitudeAttempts=8615 attitudeSourceBlocked=0 attitudeAcquire=8615 attitudeExpiredInvalid=0 attitudeAgent=11740 attitudeUnknown=0 attitudeFailClosed=0
[14:46:05.691][tid=32932] no-recoil target: path=waiting-for-equipped-weapon playerId=0x1 weaponId=0x0 targetId=0x1 runtimeValidationRisk=0
[14:46:06.632][tid=32932] profile present (5000ms): snapshot[n=788 avg=57.4us max=473.9us] snapLockWait[n=788 avg=0.1us max=0.5us] snapCount[n=788 avg=22.0 max=22] poseSlots[n=2354 avg=5.9us max=173.5us] esp[n=788 avg=2.9us max=34.7us] aimbot[n=788 avg=0.7us max=42.8us]
[14:46:06.632][tid=32932] profile tick (5000ms): tickTotal[n=394 avg=40.6us max=101.6us] health[n=394 avg=24.0us max=82.9us] attitude[n=394 avg=12.9us max=81.7us] highlight[n=394 avg=1.2us max=31.2us] playerMods[n=394 avg=1.7us max=8.0us] visibility[n=394 avg=0.3us max=2.4us]
[14:46:06.632][tid=32932] profile tickdetail (5000ms): healthCollect[n=394 avg=0.2us max=0.6us] healthInvoke[n=394 avg=23.2us max=81.8us] attitudeCollect[n=394 avg=0.4us max=1.1us] attitudeInvoke[n=394 avg=2.7us max=31.1us] highlightCollect[n=394 avg=0.4us max=30.4us]
[14:46:07.624][tid=32932] attitude path: work=0 phase2Enabled=1
[14:46:07.624][tid=32932] visibility tick: threadId=32932 processed=0 queued=0 casts=188 visible=1 occluded=94 dropped=0
[14:46:07.646][tid=3100] ESP diagnostics: snapshots=22 categories[civilian=0 enemy=0 police=0 other=22] attitude[hostile=0 unknown=9 valid=8738 invalid=0] dead=11 categorized=0 categoryEnabled=0 projected=11 front=4 poseBounds=4 skeletonLines=0 depthRange=[1.10,422.27] maxDistance=300.0 distanceRejected=1 withinDistance=3 drawn=0 enabled=1 camera=1 health[valid=99533 invalid=36384 bars=1] nativeHighlight[queued=5 cleared=0 failures=0] visibility[on=1 available=1 occluded=0 unknown=0 casts=188 clear=1 blocked=94 dropped=0]
[14:46:08.062][tid=32932] phase1 lifetime summary: registerCallbacks=646 registered=640 registerTid=26900 registerChanges=615 registerOnMain=25 registerOffMain=621 mainTickCalls=30208 mainTickTid=32932 mainTickChanges=0 unregisterCalls=226 unregisterTid=23524 unregisterChanges=215 unregisterOnMain=6 unregisterOffMain=220 unregisterTracked=9 unregisterUntracked=217 unregisterTrackingUnknown=0 unregisterNoId=0 lastRegister=(000001DBA8776650,0x9B0394) lastUnregister=(000001DBA8776650,0x9B0394) unregisterHook=1 componentEntities=0 componentSkipped=0 componentSamples=0 layoutRejects=0 nullInstance=0 nullRefCount=0 truncated=0 attitudeAttempts=8758 attitudeSourceBlocked=0 attitudeAcquire=8758 attitudeExpiredInvalid=0 attitudeAgent=11935 attitudeUnknown=0 attitudeFailClosed=0
[14:46:08.691][tid=32932] no-recoil target: path=waiting-for-equipped-weapon playerId=0x1 weaponId=0x0 targetId=0x1 runtimeValidationRisk=0
[14:46:10.628][tid=32932] attitude path: work=0 phase2Enabled=1
[14:46:10.628][tid=32932] visibility tick: threadId=32932 processed=0 queued=0 casts=188 visible=1 occluded=94 dropped=0
[14:46:10.639][tid=3100] ESP diagnostics: snapshots=23 categories[civilian=0 enemy=0 police=0 other=23] attitude[hostile=0 unknown=9 valid=8876 invalid=0] dead=11 categorized=0 categoryEnabled=0 projected=12 front=2 poseBounds=2 skeletonLines=0 depthRange=[0.72,1.40] maxDistance=300.0 distanceRejected=0 withinDistance=2 drawn=0 enabled=1 camera=1 health[valid=100852 invalid=36865 bars=1] nativeHighlight[queued=5 cleared=0 failures=0] visibility[on=1 available=1 occluded=0 unknown=0 casts=188 clear=1 blocked=94 dropped=0]
[14:46:11.544][tid=32932] phase1 lifetime summary: registerCallbacks=647 registered=641 registerTid=296 registerChanges=616 registerOnMain=25 registerOffMain=622 mainTickCalls=30464 mainTickTid=32932 mainTickChanges=0 unregisterCalls=226 unregisterTid=23524 unregisterChanges=215 unregisterOnMain=6 unregisterOffMain=220 unregisterTracked=9 unregisterUntracked=217 unregisterTrackingUnknown=0 unregisterNoId=0 lastRegister=(000001DBBD358560,0x896575) lastUnregister=(000001DBA8776650,0x9B0394) unregisterHook=1 componentEntities=0 componentSkipped=0 componentSamples=0 layoutRejects=0 nullInstance=0 nullRefCount=0 truncated=0 attitudeAttempts=8922 attitudeSourceBlocked=0 attitudeAcquire=8922 attitudeExpiredInvalid=0 attitudeAgent=12165 attitudeUnknown=0 attitudeFailClosed=0
[14:46:11.631][tid=32932] profile present (5000ms): snapshot[n=754 avg=58.2us max=303.8us] snapLockWait[n=754 avg=0.1us max=0.5us] snapCount[n=754 avg=22.4 max=23] poseSlots[n=2383 avg=5.6us max=125.9us] esp[n=754 avg=2.8us max=124.8us] aimbot[n=754 avg=0.7us max=33.3us]
[14:46:11.631][tid=32932] profile tick (5000ms): tickTotal[n=377 avg=42.5us max=170.9us] health[n=377 avg=24.8us max=155.0us] attitude[n=377 avg=13.9us max=113.6us] highlight[n=377 avg=1.3us max=31.4us] playerMods[n=377 avg=1.9us max=10.0us] visibility[n=377 avg=0.3us max=4.2us]
[14:46:11.631][tid=32932] profile tickdetail (5000ms): healthCollect[n=377 avg=0.5us max=113.2us] healthInvoke[n=377 avg=23.6us max=73.1us] attitudeCollect[n=377 avg=0.6us max=63.5us] attitudeInvoke[n=377 avg=3.0us max=27.1us] highlightCollect[n=377 avg=0.4us max=30.3us]
[14:46:11.687][tid=32932] no-recoil target: path=waiting-for-equipped-weapon playerId=0x1 weaponId=0x0 targetId=0x1 runtimeValidationRisk=0
[14:46:13.622][tid=32932] attitude path: work=0 phase2Enabled=1
[14:46:13.622][tid=32932] visibility tick: threadId=32932 processed=0 queued=0 casts=188 visible=1 occluded=94 dropped=0
[14:46:13.645][tid=3100] ESP diagnostics: snapshots=23 categories[civilian=0 enemy=0 police=0 other=23] attitude[hostile=0 unknown=9 valid=9020 invalid=0] dead=11 categorized=0 categoryEnabled=0 projected=12 front=2 poseBounds=2 skeletonLines=0 depthRange=[0.72,1.40] maxDistance=300.0 distanceRejected=0 withinDistance=2 drawn=0 enabled=1 camera=1 health[valid=102118 invalid=37311 bars=1] nativeHighlight[queued=5 cleared=0 failures=0] visibility[on=1 available=1 occluded=0 unknown=0 casts=188 clear=1 blocked=94 dropped=0]
[14:46:14.688][tid=32932] no-recoil target: path=waiting-for-equipped-weapon playerId=0x1 weaponId=0x0 targetId=0x1 runtimeValidationRisk=0
[14:46:15.137][tid=32932] phase1 lifetime summary: registerCallbacks=647 registered=641 registerTid=296 registerChanges=616 registerOnMain=25 registerOffMain=622 mainTickCalls=30720 mainTickTid=32932 mainTickChanges=0 unregisterCalls=226 unregisterTid=23524 unregisterChanges=215 unregisterOnMain=6 unregisterOffMain=220 unregisterTracked=9 unregisterUntracked=217 unregisterTrackingUnknown=0 unregisterNoId=0 lastRegister=(000001DBBD358560,0x896575) lastUnregister=(000001DBA8776650,0x9B0394) unregisterHook=1 componentEntities=0 componentSkipped=0 componentSamples=0 layoutRejects=0 nullInstance=0 nullRefCount=0 truncated=0 attitudeAttempts=9092 attitudeSourceBlocked=0 attitudeAcquire=9092 attitudeExpiredInvalid=0 attitudeAgent=12406 attitudeUnknown=0 attitudeFailClosed=0
[14:46:16.628][tid=32932] attitude path: work=0 phase2Enabled=1
[14:46:16.628][tid=32932] visibility tick: threadId=32932 processed=0 queued=0 casts=188 visible=1 occluded=94 dropped=0
[14:46:16.628][tid=32932] profile present (5000ms): snapshot[n=712 avg=66.0us max=533.3us] snapLockWait[n=712 avg=0.1us max=0.5us] snapCount[n=712 avg=23.0 max=23] poseSlots[n=2455 avg=6.4us max=205.7us] esp[n=712 avg=2.7us max=39.6us] aimbot[n=712 avg=0.7us max=34.2us]
[14:46:16.628][tid=32932] profile tick (5000ms): tickTotal[n=356 avg=41.2us max=162.9us] health[n=356 avg=23.7us max=151.0us] attitude[n=356 avg=13.9us max=48.2us] highlight[n=356 avg=1.1us max=2.3us] playerMods[n=356 avg=1.8us max=8.3us] visibility[n=356 avg=0.3us max=2.4us]
[14:46:16.628][tid=32932] profile tickdetail (5000ms): healthCollect[n=356 avg=0.2us max=0.5us] healthInvoke[n=356 avg=22.9us max=150.0us] attitudeCollect[n=356 avg=0.4us max=0.8us] attitudeInvoke[n=356 avg=3.3us max=26.8us] highlightCollect[n=356 avg=0.3us max=0.7us]
[14:46:16.638][tid=3100] ESP diagnostics: snapshots=23 categories[civilian=0 enemy=0 police=0 other=23] attitude[hostile=0 unknown=9 valid=9164 invalid=0] dead=11 categorized=0 categoryEnabled=0 projected=12 front=2 poseBounds=2 skeletonLines=0 depthRange=[0.72,1.40] maxDistance=300.0 distanceRejected=0 withinDistance=2 drawn=0 enabled=1 camera=1 health[valid=103376 invalid=37757 bars=1] nativeHighlight[queued=5 cleared=0 failures=0] visibility[on=1 available=1 occluded=0 unknown=0 casts=188 clear=1 blocked=94 dropped=0]
[14:46:17.695][tid=32932] no-recoil target: path=waiting-for-equipped-weapon playerId=0x1 weaponId=0x0 targetId=0x1 runtimeValidationRisk=0
[14:46:18.757][tid=32932] phase1 lifetime summary: registerCallbacks=647 registered=641 registerTid=296 registerChanges=616 registerOnMain=25 registerOffMain=622 mainTickCalls=30976 mainTickTid=32932 mainTickChanges=0 unregisterCalls=226 unregisterTid=23524 unregisterChanges=215 unregisterOnMain=6 unregisterOffMain=220 unregisterTracked=9 unregisterUntracked=217 unregisterTrackingUnknown=0 unregisterNoId=0 lastRegister=(000001DBBD358560,0x896575) lastUnregister=(000001DBA8776650,0x9B0394) unregisterHook=1 componentEntities=0 componentSkipped=0 componentSamples=0 layoutRejects=0 nullInstance=0 nullRefCount=0 truncated=0 attitudeAttempts=9264 attitudeSourceBlocked=0 attitudeAcquire=9264 attitudeExpiredInvalid=0 attitudeAgent=12649 attitudeUnknown=0 attitudeFailClosed=0
[14:46:19.628][tid=32932] attitude path: work=0 phase2Enabled=1
[14:46:19.628][tid=32932] visibility tick: threadId=32932 processed=0 queued=0 casts=188 visible=1 occluded=94 dropped=0
[14:46:19.639][tid=3100] ESP diagnostics: snapshots=23 categories[civilian=0 enemy=0 police=0 other=23] attitude[hostile=0 unknown=9 valid=9308 invalid=0] dead=11 categorized=0 categoryEnabled=0 projected=12 front=2 poseBounds=2 skeletonLines=0 depthRange=[0.72,1.40] maxDistance=300.0 distanceRejected=0 withinDistance=2 drawn=0 enabled=1 camera=1 health[valid=104630 invalid=38199 bars=1] nativeHighlight[queued=5 cleared=0 failures=0] visibility[on=1 available=1 occluded=0 unknown=0 casts=188 clear=1 blocked=94 dropped=0]
[14:46:20.696][tid=32932] no-recoil target: path=waiting-for-equipped-weapon playerId=0x1 weaponId=0x0 targetId=0x1 runtimeValidationRisk=0
[14:46:21.624][tid=32932] profile present (5000ms): snapshot[n=704 avg=62.7us max=391.6us] snapLockWait[n=704 avg=0.1us max=0.7us] snapCount[n=704 avg=23.0 max=23] poseSlots[n=2438 avg=6.0us max=153.5us] esp[n=704 avg=2.5us max=15.3us] aimbot[n=704 avg=0.7us max=2.1us]
[14:46:21.624][tid=32932] profile tick (5000ms): tickTotal[n=352 avg=42.8us max=244.7us] health[n=352 avg=24.4us max=226.4us] attitude[n=352 avg=14.4us max=96.7us] highlight[n=352 avg=1.1us max=2.8us] playerMods[n=352 avg=1.9us max=8.2us] visibility[n=352 avg=0.5us max=84.8us]
[14:46:21.624][tid=32932] profile tickdetail (5000ms): healthCollect[n=352 avg=0.8us max=213.8us] healthInvoke[n=352 avg=22.9us max=159.6us] attitudeCollect[n=352 avg=0.4us max=4.4us] attitudeInvoke[n=352 avg=3.3us max=52.6us] highlightCollect[n=352 avg=0.3us max=0.8us]
[14:46:22.380][tid=32932] phase1 lifetime summary: registerCallbacks=647 registered=641 registerTid=296 registerChanges=616 registerOnMain=25 registerOffMain=622 mainTickCalls=31232 mainTickTid=32932 mainTickChanges=0 unregisterCalls=226 unregisterTid=23524 unregisterChanges=215 unregisterOnMain=6 unregisterOffMain=220 unregisterTracked=9 unregisterUntracked=217 unregisterTrackingUnknown=0 unregisterNoId=0 lastRegister=(000001DBBD358560,0x896575) lastUnregister=(000001DBA8776650,0x9B0394) unregisterHook=1 componentEntities=0 componentSkipped=0 componentSamples=0 layoutRejects=0 nullInstance=0 nullRefCount=0 truncated=0 attitudeAttempts=9440 attitudeSourceBlocked=0 attitudeAcquire=9440 attitudeExpiredInvalid=0 attitudeAgent=12890 attitudeUnknown=0 attitudeFailClosed=0
[14:46:22.634][tid=32932] attitude path: work=0 phase2Enabled=1
[14:46:22.634][tid=32932] visibility tick: threadId=32932 processed=0 queued=0 casts=188 visible=1 occluded=94 dropped=0
[14:46:22.644][tid=3100] ESP diagnostics: snapshots=23 categories[civilian=0 enemy=0 police=0 other=23] attitude[hostile=0 unknown=9 valid=9452 invalid=0] dead=11 categorized=0 categoryEnabled=0 projected=12 front=2 poseBounds=2 skeletonLines=0 depthRange=[0.72,1.40] maxDistance=300.0 distanceRejected=0 withinDistance=2 drawn=0 enabled=1 camera=1 health[valid=105884 invalid=38641 bars=1] nativeHighlight[queued=5 cleared=0 failures=0] visibility[on=1 available=1 occluded=0 unknown=0 casts=188 clear=1 blocked=94 dropped=0]
[14:46:23.686][tid=32932] no-recoil target: path=waiting-for-equipped-weapon playerId=0x1 weaponId=0x0 targetId=0x1 runtimeValidationRisk=0
[14:46:25.632][tid=32932] attitude path: work=0 phase2Enabled=1
[14:46:25.632][tid=32932] visibility tick: threadId=32932 processed=0 queued=0 casts=188 visible=1 occluded=94 dropped=0
[14:46:25.643][tid=3100] ESP diagnostics: snapshots=23 categories[civilian=0 enemy=0 police=0 other=23] attitude[hostile=0 unknown=9 valid=9596 invalid=0] dead=11 categorized=0 categoryEnabled=0 projected=12 front=2 poseBounds=2 skeletonLines=0 depthRange=[0.72,1.40] maxDistance=300.0 distanceRejected=0 withinDistance=2 drawn=0 enabled=1 camera=1 health[valid=107161 invalid=39092 bars=1] nativeHighlight[queued=5 cleared=0 failures=0] visibility[on=1 available=1 occluded=0 unknown=0 casts=188 clear=1 blocked=94 dropped=0]
[14:46:25.943][tid=32932] phase1 lifetime summary: registerCallbacks=647 registered=641 registerTid=296 registerChanges=616 registerOnMain=25 registerOffMain=622 mainTickCalls=31488 mainTickTid=32932 mainTickChanges=0 unregisterCalls=226 unregisterTid=23524 unregisterChanges=215 unregisterOnMain=6 unregisterOffMain=220 unregisterTracked=9 unregisterUntracked=217 unregisterTrackingUnknown=0 unregisterNoId=0 lastRegister=(000001DBBD358560,0x896575) lastUnregister=(000001DBA8776650,0x9B0394) unregisterHook=1 componentEntities=0 componentSkipped=0 componentSamples=0 layoutRejects=0 nullInstance=0 nullRefCount=0 truncated=0 attitudeAttempts=9608 attitudeSourceBlocked=0 attitudeAcquire=9608 attitudeExpiredInvalid=0 attitudeAgent=13114 attitudeUnknown=0 attitudeFailClosed=0
[14:46:26.629][tid=32932] profile present (5000ms): snapshot[n=716 avg=59.3us max=281.0us] snapLockWait[n=716 avg=0.1us max=0.4us] snapCount[n=716 avg=23.0 max=23] poseSlots[n=2461 avg=5.6us max=23.6us] esp[n=716 avg=2.5us max=13.3us] aimbot[n=716 avg=0.7us max=1.8us]
[14:46:26.629][tid=32932] profile tick (5000ms): tickTotal[n=358 avg=41.5us max=193.2us] health[n=358 avg=24.2us max=179.3us] attitude[n=358 avg=13.5us max=37.1us] highlight[n=358 avg=1.2us max=3.1us] playerMods[n=358 avg=1.8us max=7.5us] visibility[n=358 avg=0.3us max=2.6us]
[14:46:26.629][tid=32932] profile tickdetail (5000ms): healthCollect[n=358 avg=1.0us max=166.7us] healthInvoke[n=358 avg=22.6us max=57.3us] attitudeCollect[n=358 avg=0.4us max=0.8us] attitudeInvoke[n=358 avg=2.9us max=19.6us] highlightCollect[n=358 avg=0.3us max=0.6us]
[14:46:26.685][tid=32932] no-recoil target: path=waiting-for-equipped-weapon playerId=0x1 weaponId=0x0 targetId=0x1 runtimeValidationRisk=0
[14:46:28.634][tid=32932] attitude path: work=0 phase2Enabled=1
[14:46:28.634][tid=32932] visibility tick: threadId=32932 processed=0 queued=0 casts=188 visible=1 occluded=94 dropped=0
[14:46:28.644][tid=3100] ESP diagnostics: snapshots=22 categories[civilian=0 enemy=0 police=0 other=22] attitude[hostile=0 unknown=9 valid=9736 invalid=0] dead=11 categorized=0 categoryEnabled=0 projected=11 front=2 poseBounds=2 skeletonLines=0 depthRange=[10.25,18.53] maxDistance=300.0 distanceRejected=0 withinDistance=2 drawn=0 enabled=1 camera=1 health[valid=108474 invalid=39571 bars=1] nativeHighlight[queued=5 cleared=0 failures=0] visibility[on=1 available=1 occluded=0 unknown=0 casts=188 clear=1 blocked=94 dropped=0]
[14:46:29.307][tid=32932] phase1 lifetime summary: registerCallbacks=683 registered=677 registerTid=32624 registerChanges=651 registerOnMain=26 registerOffMain=657 mainTickCalls=31744 mainTickTid=32932 mainTickChanges=0 unregisterCalls=234 unregisterTid=28432 unregisterChanges=223 unregisterOnMain=6 unregisterOffMain=228 unregisterTracked=12 unregisterUntracked=222 unregisterTrackingUnknown=0 unregisterNoId=0 lastRegister=(000001DBC49E6350,0x9B04DC) lastUnregister=(000001DBAC814180,0x897175) unregisterHook=1 componentEntities=0 componentSkipped=0 componentSamples=0 layoutRejects=0 nullInstance=0 nullRefCount=0 truncated=0 attitudeAttempts=9773 attitudeSourceBlocked=0 attitudeAcquire=9773 attitudeExpiredInvalid=0 attitudeAgent=13342 attitudeUnknown=0 attitudeFailClosed=0
[14:46:29.689][tid=32932] no-recoil target: path=waiting-for-equipped-weapon playerId=0x1 weaponId=0x0 targetId=0x1 runtimeValidationRisk=0
[14:46:31.629][tid=32932] attitude path: work=0 phase2Enabled=1
[14:46:31.629][tid=32932] visibility tick: threadId=32932 processed=0 queued=0 casts=188 visible=1 occluded=94 dropped=0
[14:46:31.629][tid=32932] profile present (5000ms): snapshot[n=796 avg=63.4us max=347.7us] snapLockWait[n=796 avg=0.1us max=1.0us] snapCount[n=796 avg=23.3 max=24] poseSlots[n=2469 avg=6.1us max=19.4us] esp[n=796 avg=2.6us max=15.5us] aimbot[n=796 avg=0.8us max=2.2us]
[14:46:31.629][tid=32932] profile tick (5000ms): tickTotal[n=398 avg=45.2us max=187.3us] health[n=398 avg=26.1us max=168.5us] attitude[n=398 avg=15.0us max=66.0us] highlight[n=398 avg=1.2us max=30.6us] playerMods[n=398 avg=2.1us max=9.1us] visibility[n=398 avg=0.3us max=2.3us]
[14:46:31.629][tid=32932] profile tickdetail (5000ms): healthCollect[n=398 avg=1.3us max=154.5us] healthInvoke[n=398 avg=23.6us max=134.6us] attitudeCollect[n=398 avg=0.4us max=1.2us] attitudeInvoke[n=398 avg=3.3us max=31.0us] highlightCollect[n=398 avg=0.4us max=29.9us]
[14:46:31.640][tid=3100] ESP diagnostics: snapshots=24 categories[civilian=0 enemy=0 police=0 other=24] attitude[hostile=0 unknown=9 valid=9892 invalid=0] dead=11 categorized=0 categoryEnabled=0 projected=13 front=4 poseBounds=4 skeletonLines=0 depthRange=[10.25,21.13] maxDistance=300.0 distanceRejected=0 withinDistance=4 drawn=0 enabled=1 camera=1 health[valid=109937 invalid=40060 bars=1] nativeHighlight[queued=5 cleared=0 failures=0] visibility[on=1 available=1 occluded=0 unknown=0 casts=188 clear=1 blocked=94 dropped=0]
[14:46:32.432][tid=32932] phase1 lifetime summary: registerCallbacks=683 registered=677 registerTid=32624 registerChanges=651 registerOnMain=26 registerOffMain=657 mainTickCalls=32000 mainTickTid=32932 mainTickChanges=0 unregisterCalls=234 unregisterTid=28432 unregisterChanges=223 unregisterOnMain=6 unregisterOffMain=228 unregisterTracked=12 unregisterUntracked=222 unregisterTrackingUnknown=0 unregisterNoId=0 lastRegister=(000001DBC49E6350,0x9B04DC) lastUnregister=(000001DBAC814180,0x897175) unregisterHook=1 componentEntities=0 componentSkipped=0 componentSamples=0 layoutRejects=0 nullInstance=0 nullRefCount=0 truncated=0 attitudeAttempts=9931 attitudeSourceBlocked=0 attitudeAcquire=9931 attitudeExpiredInvalid=0 attitudeAgent=13561 attitudeUnknown=0 attitudeFailClosed=0
[14:46:32.689][tid=32932] no-recoil target: path=waiting-for-equipped-weapon playerId=0x1 weaponId=0x0 targetId=0x1 runtimeValidationRisk=0
[14:46:34.632][tid=32932] attitude path: work=0 phase2Enabled=1
[14:46:34.632][tid=32932] visibility tick: threadId=32932 processed=0 queued=0 casts=188 visible=1 occluded=94 dropped=0
[14:46:34.642][tid=3100] ESP diagnostics: snapshots=24 categories[civilian=0 enemy=0 police=0 other=24] attitude[hostile=0 unknown=9 valid=10048 invalid=0] dead=11 categorized=0 categoryEnabled=0 projected=13 front=4 poseBounds=4 skeletonLines=0 depthRange=[10.25,21.13] maxDistance=300.0 distanceRejected=0 withinDistance=4 drawn=0 enabled=1 camera=1 health[valid=111419 invalid=40554 bars=1] nativeHighlight[queued=5 cleared=0 failures=0] visibility[on=1 available=1 occluded=0 unknown=0 casts=188 clear=1 blocked=94 dropped=0]
[14:46:35.533][tid=32932] phase1 lifetime summary: registerCallbacks=683 registered=677 registerTid=32624 registerChanges=651 registerOnMain=26 registerOffMain=657 mainTickCalls=32256 mainTickTid=32932 mainTickChanges=0 unregisterCalls=234 unregisterTid=28432 unregisterChanges=223 unregisterOnMain=6 unregisterOffMain=228 unregisterTracked=12 unregisterUntracked=222 unregisterTrackingUnknown=0 unregisterNoId=0 lastRegister=(000001DBC49E6350,0x9B04DC) lastUnregister=(000001DBAC814180,0x897175) unregisterHook=1 componentEntities=0 componentSkipped=0 componentSamples=0 layoutRejects=0 nullInstance=0 nullRefCount=0 truncated=0 attitudeAttempts=10095 attitudeSourceBlocked=0 attitudeAcquire=10095 attitudeExpiredInvalid=0 attitudeAgent=13788 attitudeUnknown=0 attitudeFailClosed=0
[14:46:35.693][tid=32932] no-recoil target: path=waiting-for-equipped-weapon playerId=0x1 weaponId=0x0 targetId=0x1 runtimeValidationRisk=0
[14:46:36.630][tid=32932] profile present (5000ms): snapshot[n=824 avg=57.7us max=289.5us] snapLockWait[n=824 avg=0.1us max=0.8us] snapCount[n=824 avg=24.0 max=24] poseSlots[n=2567 avg=5.9us max=20.7us] esp[n=824 avg=2.6us max=13.9us] aimbot[n=824 avg=0.7us max=2.1us]
[14:46:36.630][tid=32932] profile tick (5000ms): tickTotal[n=412 avg=40.0us max=153.0us] health[n=412 avg=22.5us max=113.5us] attitude[n=412 avg=13.8us max=60.3us] highlight[n=412 avg=1.1us max=33.9us] playerMods[n=412 avg=1.8us max=7.9us] visibility[n=412 avg=0.3us max=2.4us]
[14:46:36.630][tid=32932] profile tickdetail (5000ms): healthCollect[n=412 avg=0.2us max=27.5us] healthInvoke[n=412 avg=21.7us max=112.6us] attitudeCollect[n=412 avg=0.5us max=28.1us] attitudeInvoke[n=412 avg=3.2us max=48.0us] highlightCollect[n=412 avg=0.3us max=0.7us]
[14:46:37.631][tid=32932] attitude path: work=0 phase2Enabled=1
[14:46:37.631][tid=32932] visibility tick: threadId=32932 processed=0 queued=0 casts=188 visible=1 occluded=94 dropped=0
[14:46:37.642][tid=3100] ESP diagnostics: snapshots=24 categories[civilian=0 enemy=0 police=0 other=24] attitude[hostile=0 unknown=9 valid=10204 invalid=0] dead=11 categorized=0 categoryEnabled=0 projected=13 front=4 poseBounds=4 skeletonLines=0 depthRange=[10.25,21.13] maxDistance=300.0 distanceRejected=0 withinDistance=4 drawn=0 enabled=1 camera=1 health[valid=112901 invalid=41048 bars=1] nativeHighlight[queued=5 cleared=0 failures=0] visibility[on=1 available=1 occluded=0 unknown=0 casts=188 clear=1 blocked=94 dropped=0]
[14:46:38.656][tid=32932] phase1 lifetime summary: registerCallbacks=683 registered=677 registerTid=32624 registerChanges=651 registerOnMain=26 registerOffMain=657 mainTickCalls=32512 mainTickTid=32932 mainTickChanges=0 unregisterCalls=234 unregisterTid=28432 unregisterChanges=223 unregisterOnMain=6 unregisterOffMain=228 unregisterTracked=12 unregisterUntracked=222 unregisterTrackingUnknown=0 unregisterNoId=0 lastRegister=(000001DBC49E6350,0x9B04DC) lastUnregister=(000001DBAC814180,0x897175) unregisterHook=1 componentEntities=0 componentSkipped=0 componentSamples=0 layoutRejects=0 nullInstance=0 nullRefCount=0 truncated=0 attitudeAttempts=10256 attitudeSourceBlocked=0 attitudeAcquire=10256 attitudeExpiredInvalid=0 attitudeAgent=14011 attitudeUnknown=0 attitudeFailClosed=0
[14:46:38.691][tid=32932] no-recoil target: path=waiting-for-equipped-weapon playerId=0x1 weaponId=0x0 targetId=0x1 runtimeValidationRisk=0
[14:46:40.627][tid=32932] attitude path: work=0 phase2Enabled=1
[14:46:40.627][tid=32932] visibility tick: threadId=32932 processed=0 queued=0 casts=188 visible=1 occluded=94 dropped=0
[14:46:40.649][tid=3100] ESP diagnostics: snapshots=24 categories[civilian=0 enemy=0 police=0 other=24] attitude[hostile=0 unknown=9 valid=10360 invalid=0] dead=11 categorized=0 categoryEnabled=0 projected=13 front=4 poseBounds=4 skeletonLines=0 depthRange=[10.25,21.13] maxDistance=300.0 distanceRejected=0 withinDistance=4 drawn=0 enabled=1 camera=1 health[valid=114389 invalid=41544 bars=1] nativeHighlight[queued=5 cleared=0 failures=0] visibility[on=1 available=1 occluded=0 unknown=0 casts=188 clear=1 blocked=94 dropped=0]
[14:46:41.630][tid=32932] profile present (5000ms): snapshot[n=820 avg=59.9us max=339.3us] snapLockWait[n=820 avg=0.1us max=0.5us] snapCount[n=820 avg=24.0 max=24] poseSlots[n=2545 avg=6.1us max=25.9us] esp[n=820 avg=2.6us max=15.2us] aimbot[n=820 avg=0.7us max=1.8us]
[14:46:41.630][tid=32932] profile tick (5000ms): tickTotal[n=410 avg=40.4us max=175.4us] health[n=410 avg=23.0us max=144.5us] attitude[n=410 avg=13.9us max=45.8us] highlight[n=410 avg=1.0us max=3.0us] playerMods[n=410 avg=1.9us max=7.6us] visibility[n=410 avg=0.3us max=2.5us]
[14:46:41.630][tid=32932] profile tickdetail (5000ms): healthCollect[n=410 avg=0.4us max=67.4us] healthInvoke[n=410 avg=21.8us max=143.6us] attitudeCollect[n=410 avg=0.5us max=29.8us] attitudeInvoke[n=410 avg=3.1us max=23.3us] highlightCollect[n=410 avg=0.3us max=0.7us]
[14:46:41.689][tid=32932] no-recoil target: path=waiting-for-equipped-weapon playerId=0x1 weaponId=0x0 targetId=0x1 runtimeValidationRisk=0
[14:46:41.772][tid=32932] phase1 lifetime summary: registerCallbacks=683 registered=677 registerTid=32624 registerChanges=651 registerOnMain=26 registerOffMain=657 mainTickCalls=32768 mainTickTid=32932 mainTickChanges=0 unregisterCalls=234 unregisterTid=28432 unregisterChanges=223 unregisterOnMain=6 unregisterOffMain=228 unregisterTracked=12 unregisterUntracked=222 unregisterTrackingUnknown=0 unregisterNoId=0 lastRegister=(000001DBC49E6350,0x9B04DC) lastUnregister=(000001DBAC814180,0x897175) unregisterHook=1 componentEntities=0 componentSkipped=0 componentSamples=0 layoutRejects=0 nullInstance=0 nullRefCount=0 truncated=0 attitudeAttempts=10417 attitudeSourceBlocked=0 attitudeAcquire=10417 attitudeExpiredInvalid=0 attitudeAgent=14234 attitudeUnknown=0 attitudeFailClosed=0
[14:46:43.629][tid=32932] attitude path: work=0 phase2Enabled=1
[14:46:43.629][tid=32932] visibility tick: threadId=32932 processed=0 queued=0 casts=188 visible=1 occluded=94 dropped=0
[14:46:43.640][tid=3100] ESP diagnostics: snapshots=24 categories[civilian=0 enemy=0 police=0 other=24] attitude[hostile=0 unknown=9 valid=10516 invalid=0] dead=11 categorized=0 categoryEnabled=0 projected=13 front=4 poseBounds=4 skeletonLines=0 depthRange=[10.25,21.13] maxDistance=300.0 distanceRejected=0 withinDistance=4 drawn=0 enabled=1 camera=1 health[valid=115859 invalid=42034 bars=1] nativeHighlight[queued=5 cleared=0 failures=0] visibility[on=1 available=1 occluded=0 unknown=0 casts=188 clear=1 blocked=94 dropped=0]
[14:46:44.692][tid=32932] no-recoil target: path=waiting-for-equipped-weapon playerId=0x1 weaponId=0x0 targetId=0x1 runtimeValidationRisk=0
[14:46:44.872][tid=32932] phase1 lifetime summary: registerCallbacks=683 registered=677 registerTid=32624 registerChanges=651 registerOnMain=26 registerOffMain=657 mainTickCalls=33024 mainTickTid=32932 mainTickChanges=0 unregisterCalls=234 unregisterTid=28432 unregisterChanges=223 unregisterOnMain=6 unregisterOffMain=228 unregisterTracked=12 unregisterUntracked=222 unregisterTrackingUnknown=0 unregisterNoId=0 lastRegister=(000001DBC49E6350,0x9B04DC) lastUnregister=(000001DBAC814180,0x897175) unregisterHook=1 componentEntities=0 componentSkipped=0 componentSamples=0 layoutRejects=0 nullInstance=0 nullRefCount=0 truncated=0 attitudeAttempts=10581 attitudeSourceBlocked=0 attitudeAcquire=10581 attitudeExpiredInvalid=0 attitudeAgent=14461 attitudeUnknown=0 attitudeFailClosed=0
[14:46:46.634][tid=32932] attitude path: work=0 phase2Enabled=1
[14:46:46.634][tid=32932] visibility tick: threadId=32932 processed=0 queued=0 casts=188 visible=1 occluded=94 dropped=0
[14:46:46.634][tid=32932] profile present (5000ms): snapshot[n=826 avg=57.5us max=354.7us] snapLockWait[n=826 avg=0.1us max=0.7us] snapCount[n=826 avg=24.0 max=24] poseSlots[n=2568 avg=5.7us max=17.4us] esp[n=826 avg=2.6us max=13.5us] aimbot[n=826 avg=0.7us max=2.4us]
[14:46:46.634][tid=32932] profile tick (5000ms): tickTotal[n=413 avg=41.1us max=171.4us] health[n=413 avg=23.4us max=158.0us] attitude[n=413 avg=14.1us max=156.5us] highlight[n=413 avg=1.0us max=2.1us] playerMods[n=413 avg=1.8us max=8.1us] visibility[n=413 avg=0.3us max=32.4us]
[14:46:46.634][tid=32932] profile tickdetail (5000ms): healthCollect[n=413 avg=0.5us max=117.5us] healthInvoke[n=413 avg=22.3us max=157.1us] attitudeCollect[n=413 avg=0.4us max=1.0us] attitudeInvoke[n=413 avg=3.0us max=21.7us] highlightCollect[n=413 avg=0.3us max=0.5us]
[14:46:46.666][tid=3100] ESP diagnostics: snapshots=24 categories[civilian=0 enemy=0 police=0 other=24] attitude[hostile=0 unknown=9 valid=10672 invalid=0] dead=11 categorized=0 categoryEnabled=0 projected=13 front=4 poseBounds=4 skeletonLines=0 depthRange=[10.25,21.13] maxDistance=300.0 distanceRejected=0 withinDistance=4 drawn=0 enabled=1 camera=1 health[valid=117353 invalid=42532 bars=1] nativeHighlight[queued=5 cleared=0 failures=0] visibility[on=1 available=1 occluded=0 unknown=0 casts=188 clear=1 blocked=94 dropped=0]
[14:46:47.685][tid=32932] no-recoil target: path=waiting-for-equipped-weapon playerId=0x1 weaponId=0x0 targetId=0x1 runtimeValidationRisk=0
[14:46:47.994][tid=32932] phase1 lifetime summary: registerCallbacks=683 registered=677 registerTid=32624 registerChanges=651 registerOnMain=26 registerOffMain=657 mainTickCalls=33280 mainTickTid=32932 mainTickChanges=0 unregisterCalls=234 unregisterTid=28432 unregisterChanges=223 unregisterOnMain=6 unregisterOffMain=228 unregisterTracked=12 unregisterUntracked=222 unregisterTrackingUnknown=0 unregisterNoId=0 lastRegister=(000001DBC49E6350,0x9B04DC) lastUnregister=(000001DBAC814180,0x897175) unregisterHook=1 componentEntities=0 componentSkipped=0 componentSamples=0 layoutRejects=0 nullInstance=0 nullRefCount=0 truncated=0 attitudeAttempts=10738 attitudeSourceBlocked=0 attitudeAcquire=10738 attitudeExpiredInvalid=0 attitudeAgent=14679 attitudeUnknown=0 attitudeFailClosed=0
[14:46:49.623][tid=32932] attitude path: work=0 phase2Enabled=1
[14:46:49.623][tid=32932] visibility tick: threadId=32932 processed=0 queued=0 casts=188 visible=1 occluded=94 dropped=0
[14:46:49.656][tid=3100] ESP diagnostics: snapshots=24 categories[civilian=0 enemy=0 police=0 other=24] attitude[hostile=0 unknown=9 valid=10828 invalid=0] dead=11 categorized=0 categoryEnabled=0 projected=13 front=4 poseBounds=4 skeletonLines=0 depthRange=[10.15,21.13] maxDistance=300.0 distanceRejected=0 withinDistance=4 drawn=0 enabled=1 camera=1 health[valid=118835 invalid=43026 bars=1] nativeHighlight[queued=5 cleared=0 failures=0] visibility[on=1 available=1 occluded=0 unknown=0 casts=188 clear=1 blocked=94 dropped=0]
[14:46:50.694][tid=32932] no-recoil target: path=waiting-for-equipped-weapon playerId=0x1 weaponId=0x0 targetId=0x1 runtimeValidationRisk=0
[14:46:51.089][tid=32932] phase1 lifetime summary: registerCallbacks=683 registered=677 registerTid=32624 registerChanges=651 registerOnMain=26 registerOffMain=657 mainTickCalls=33536 mainTickTid=32932 mainTickChanges=0 unregisterCalls=234 unregisterTid=28432 unregisterChanges=223 unregisterOnMain=6 unregisterOffMain=228 unregisterTracked=12 unregisterUntracked=222 unregisterTrackingUnknown=0 unregisterNoId=0 lastRegister=(000001DBC49E6350,0x9B04DC) lastUnregister=(000001DBAC814180,0x897175) unregisterHook=1 componentEntities=0 componentSkipped=0 componentSamples=0 layoutRejects=0 nullInstance=0 nullRefCount=0 truncated=0 attitudeAttempts=10904 attitudeSourceBlocked=0 attitudeAcquire=10904 attitudeExpiredInvalid=0 attitudeAgent=14908 attitudeUnknown=0 attitudeFailClosed=0
[14:46:51.627][tid=32932] profile present (5000ms): snapshot[n=824 avg=56.7us max=328.6us] snapLockWait[n=824 avg=0.1us max=0.6us] snapCount[n=824 avg=24.0 max=24] poseSlots[n=2567 avg=5.7us max=21.5us] esp[n=824 avg=2.6us max=18.2us] aimbot[n=824 avg=0.7us max=1.6us]
[14:46:51.627][tid=32932] profile tick (5000ms): tickTotal[n=412 avg=41.8us max=441.6us] health[n=412 avg=24.2us max=402.6us] attitude[n=412 avg=14.1us max=107.2us] highlight[n=412 avg=1.1us max=2.7us] playerMods[n=412 avg=1.8us max=7.3us] visibility[n=412 avg=0.3us max=2.4us]
[14:46:51.627][tid=32932] profile tickdetail (5000ms): healthCollect[n=412 avg=0.2us max=24.3us] healthInvoke[n=412 avg=23.2us max=401.8us] attitudeCollect[n=412 avg=0.4us max=1.3us] attitudeInvoke[n=412 avg=3.2us max=90.9us] highlightCollect[n=412 avg=0.3us max=0.9us]
[14:46:52.627][tid=32932] attitude path: work=0 phase2Enabled=1
[14:46:52.627][tid=32932] visibility tick: threadId=32932 processed=0 queued=0 casts=188 visible=1 occluded=94 dropped=0
[14:46:52.659][tid=3100] ESP diagnostics: snapshots=24 categories[civilian=0 enemy=0 police=0 other=24] attitude[hostile=0 unknown=9 valid=10984 invalid=0] dead=11 categorized=0 categoryEnabled=0 projected=13 front=4 poseBounds=4 skeletonLines=0 depthRange=[10.15,21.13] maxDistance=300.0 distanceRejected=0 withinDistance=4 drawn=0 enabled=1 camera=1 health[valid=120329 invalid=43524 bars=1] nativeHighlight[queued=5 cleared=0 failures=0] visibility[on=1 available=1 occluded=0 unknown=0 casts=188 clear=1 blocked=94 dropped=0]
[14:46:53.693][tid=32932] no-recoil target: path=waiting-for-equipped-weapon playerId=0x1 weaponId=0x0 targetId=0x1 runtimeValidationRisk=0
[14:46:54.175][tid=32932] phase1 lifetime summary: registerCallbacks=683 registered=677 registerTid=32624 registerChanges=651 registerOnMain=26 registerOffMain=657 mainTickCalls=33792 mainTickTid=32932 mainTickChanges=0 unregisterCalls=234 unregisterTid=28432 unregisterChanges=223 unregisterOnMain=6 unregisterOffMain=228 unregisterTracked=12 unregisterUntracked=222 unregisterTrackingUnknown=0 unregisterNoId=0 lastRegister=(000001DBC49E6350,0x9B04DC) lastUnregister=(000001DBAC814180,0x897175) unregisterHook=1 componentEntities=0 componentSkipped=0 componentSamples=0 layoutRejects=0 nullInstance=0 nullRefCount=0 truncated=0 attitudeAttempts=11062 attitudeSourceBlocked=0 attitudeAcquire=11062 attitudeExpiredInvalid=0 attitudeAgent=15127 attitudeUnknown=0 attitudeFailClosed=0
[14:46:55.635][tid=32932] attitude path: work=0 phase2Enabled=1
[14:46:55.635][tid=32932] visibility tick: threadId=32932 processed=0 queued=0 casts=188 visible=1 occluded=94 dropped=0
[14:46:55.658][tid=3100] ESP diagnostics: snapshots=24 categories[civilian=0 enemy=0 police=0 other=24] attitude[hostile=0 unknown=9 valid=11140 invalid=0] dead=11 categorized=0 categoryEnabled=0 projected=13 front=4 poseBounds=4 skeletonLines=0 depthRange=[10.15,21.13] maxDistance=300.0 distanceRejected=0 withinDistance=4 drawn=0 enabled=1 camera=1 health[valid=121817 invalid=44020 bars=1] nativeHighlight[queued=5 cleared=0 failures=0] visibility[on=1 available=1 occluded=0 unknown=0 casts=188 clear=1 blocked=94 dropped=0]
[14:46:56.633][tid=32932] profile present (5000ms): snapshot[n=830 avg=56.7us max=309.7us] snapLockWait[n=830 avg=0.1us max=0.5us] snapCount[n=830 avg=24.0 max=24] poseSlots[n=2545 avg=5.7us max=18.0us] esp[n=830 avg=2.6us max=14.9us] aimbot[n=830 avg=0.7us max=1.8us]
[14:46:56.633][tid=32932] profile tick (5000ms): tickTotal[n=415 avg=39.9us max=87.5us] health[n=415 avg=22.8us max=70.0us] attitude[n=415 avg=13.7us max=45.9us] highlight[n=415 avg=1.0us max=2.0us] playerMods[n=415 avg=1.8us max=7.5us] visibility[n=415 avg=0.3us max=2.3us]
[14:46:56.633][tid=32932] profile tickdetail (5000ms): healthCollect[n=415 avg=0.2us max=0.5us] healthInvoke[n=415 avg=22.0us max=69.0us] attitudeCollect[n=415 avg=0.4us max=0.8us] attitudeInvoke[n=415 avg=3.1us max=21.7us] highlightCollect[n=415 avg=0.3us max=0.6us]
[14:46:56.695][tid=32932] no-recoil target: path=waiting-for-equipped-weapon playerId=0x1 weaponId=0x0 targetId=0x1 runtimeValidationRisk=0
[14:46:57.266][tid=32932] phase1 lifetime summary: registerCallbacks=683 registered=677 registerTid=32624 registerChanges=651 registerOnMain=26 registerOffMain=657 mainTickCalls=34048 mainTickTid=32932 mainTickChanges=0 unregisterCalls=234 unregisterTid=28432 unregisterChanges=223 unregisterOnMain=6 unregisterOffMain=228 unregisterTracked=12 unregisterUntracked=222 unregisterTrackingUnknown=0 unregisterNoId=0 lastRegister=(000001DBC49E6350,0x9B04DC) lastUnregister=(000001DBAC814180,0x897175) unregisterHook=1 componentEntities=0 componentSkipped=0 componentSamples=0 layoutRejects=0 nullInstance=0 nullRefCount=0 truncated=0 attitudeAttempts=11223 attitudeSourceBlocked=0 attitudeAcquire=11223 attitudeExpiredInvalid=0 attitudeAgent=15350 attitudeUnknown=0 attitudeFailClosed=0
[14:46:58.635][tid=32932] attitude path: work=0 phase2Enabled=1
[14:46:58.635][tid=32932] visibility tick: threadId=32932 processed=0 queued=0 casts=188 visible=1 occluded=94 dropped=0
[14:46:58.656][tid=3100] ESP diagnostics: snapshots=24 categories[civilian=0 enemy=0 police=0 other=24] attitude[hostile=0 unknown=9 valid=11296 invalid=0] dead=11 categorized=0 categoryEnabled=0 projected=13 front=4 poseBounds=4 skeletonLines=0 depthRange=[10.15,21.13] maxDistance=300.0 distanceRejected=0 withinDistance=4 drawn=0 enabled=1 camera=1 health[valid=123305 invalid=44516 bars=1] nativeHighlight[queued=5 cleared=0 failures=0] visibility[on=1 available=1 occluded=0 unknown=0 casts=188 clear=1 blocked=94 dropped=0]
[14:46:59.686][tid=32932] no-recoil target: path=waiting-for-equipped-weapon playerId=0x1 weaponId=0x0 targetId=0x1 runtimeValidationRisk=0
[14:47:00.352][tid=32932] phase1 lifetime summary: registerCallbacks=683 registered=677 registerTid=32624 registerChanges=651 registerOnMain=26 registerOffMain=657 mainTickCalls=34304 mainTickTid=32932 mainTickChanges=0 unregisterCalls=234 unregisterTid=28432 unregisterChanges=223 unregisterOnMain=6 unregisterOffMain=228 unregisterTracked=12 unregisterUntracked=222 unregisterTrackingUnknown=0 unregisterNoId=0 lastRegister=(000001DBC49E6350,0x9B04DC) lastUnregister=(000001DBAC814180,0x897175) unregisterHook=1 componentEntities=0 componentSkipped=0 componentSamples=0 layoutRejects=0 nullInstance=0 nullRefCount=0 truncated=0 attitudeAttempts=11385 attitudeSourceBlocked=0 attitudeAcquire=11385 attitudeExpiredInvalid=0 attitudeAgent=15574 attitudeUnknown=0 attitudeFailClosed=0
[14:47:01.629][tid=32932] attitude path: work=0 phase2Enabled=1
[14:47:01.629][tid=32932] visibility tick: threadId=32932 processed=0 queued=0 casts=188 visible=1 occluded=94 dropped=0
[14:47:01.629][tid=32932] profile present (5000ms): snapshot[n=824 avg=58.2us max=356.1us] snapLockWait[n=824 avg=0.1us max=0.5us] snapCount[n=824 avg=24.0 max=24] poseSlots[n=2567 avg=5.8us max=88.3us] esp[n=824 avg=3.0us max=204.7us] aimbot[n=824 avg=0.7us max=1.8us]
[14:47:01.629][tid=32932] profile tick (5000ms): tickTotal[n=412 avg=41.0us max=189.4us] health[n=412 avg=23.3us max=158.5us] attitude[n=412 avg=14.1us max=94.9us] highlight[n=412 avg=1.1us max=36.0us] playerMods[n=412 avg=1.8us max=8.0us] visibility[n=412 avg=0.3us max=2.5us]
[14:47:01.629][tid=32932] profile tickdetail (5000ms): healthCollect[n=412 avg=0.2us max=0.8us] healthInvoke[n=412 avg=22.5us max=157.5us] attitudeCollect[n=412 avg=0.5us max=14.3us] attitudeInvoke[n=412 avg=3.2us max=63.5us] highlightCollect[n=412 avg=0.4us max=35.2us]
[14:47:01.654][tid=3100] ESP diagnostics: snapshots=24 categories[civilian=0 enemy=0 police=0 other=24] attitude[hostile=0 unknown=9 valid=11452 invalid=0] dead=11 categorized=0 categoryEnabled=0 projected=13 front=4 poseBounds=4 skeletonLines=0 depthRange=[10.24,21.24] maxDistance=300.0 distanceRejected=0 withinDistance=4 drawn=0 enabled=1 camera=1 health[valid=124787 invalid=45010 bars=1] nativeHighlight[queued=5 cleared=0 failures=0] visibility[on=1 available=1 occluded=0 unknown=0 casts=188 clear=1 blocked=94 dropped=0]
[14:47:02.690][tid=32932] no-recoil target: path=waiting-for-equipped-weapon playerId=0x1 weaponId=0x0 targetId=0x1 runtimeValidationRisk=0
[14:47:04.535][tid=32932] phase1 lifetime summary: registerCallbacks=683 registered=677 registerTid=32624 registerChanges=651 registerOnMain=26 registerOffMain=657 mainTickCalls=34688 mainTickTid=32932 mainTickChanges=0 unregisterCalls=234 unregisterTid=28432 unregisterChanges=223 unregisterOnMain=6 unregisterOffMain=228 unregisterTracked=12 unregisterUntracked=222 unregisterTrackingUnknown=0 unregisterNoId=0 lastRegister=(000001DBC49E6350,0x9B04DC) lastUnregister=(000001DBAC814180,0x897175) unregisterHook=1 componentEntities=0 componentSkipped=0 componentSamples=0 layoutRejects=0 nullInstance=0 nullRefCount=0 truncated=0 attitudeAttempts=11603 attitudeSourceBlocked=0 attitudeAcquire=11603 attitudeExpiredInvalid=0 attitudeAgent=15876 attitudeUnknown=0 attitudeFailClosed=0
[14:47:04.625][tid=32932] attitude path: work=0 phase2Enabled=1
[14:47:04.625][tid=32932] visibility tick: threadId=32932 processed=0 queued=0 casts=188 visible=1 occluded=94 dropped=0
[14:47:04.664][tid=17972] ESP diagnostics: snapshots=24 categories[civilian=0 enemy=0 police=0 other=24] attitude[hostile=0 unknown=9 valid=11608 invalid=0] dead=11 categorized=0 categoryEnabled=0 projected=13 front=4 poseBounds=4 skeletonLines=0 depthRange=[8.31,17.82] maxDistance=300.0 distanceRejected=0 withinDistance=4 drawn=0 enabled=1 camera=1 health[valid=126545 invalid=45596 bars=1] nativeHighlight[queued=5 cleared=0 failures=0] visibility[on=1 available=1 occluded=0 unknown=0 casts=188 clear=1 blocked=94 dropped=0]
[14:47:05.685][tid=32932] no-recoil target: path=waiting-for-equipped-weapon playerId=0x1 weaponId=0x0 targetId=0x1 runtimeValidationRisk=0
[14:47:06.629][tid=32932] profile present (5000ms): snapshot[n=579 avg=81.8us max=489.0us] snapLockWait[n=579 avg=0.1us max=0.4us] snapCount[n=579 avg=24.0 max=24] poseSlots[n=2544 avg=5.9us max=209.5us] esp[n=579 avg=2.9us max=15.9us] aimbot[n=579 avg=1.3us max=71.3us]
[14:47:06.629][tid=32932] profile tick (5000ms): tickTotal[n=504 avg=45.0us max=274.2us] health[n=504 avg=27.5us max=246.0us] attitude[n=504 avg=13.6us max=92.1us] highlight[n=504 avg=1.4us max=28.7us] playerMods[n=504 avg=1.8us max=15.3us] visibility[n=504 avg=0.2us max=2.4us]
[14:47:06.629][tid=32932] profile tickdetail (5000ms): healthCollect[n=504 avg=2.5us max=173.4us] healthInvoke[n=504 avg=23.0us max=243.2us] attitudeCollect[n=504 avg=0.6us max=60.1us] attitudeInvoke[n=504 avg=2.6us max=28.6us] highlightCollect[n=504 avg=0.4us max=27.9us]
[14:47:07.628][tid=32932] attitude path: work=0 phase2Enabled=1
[14:47:07.628][tid=32932] visibility tick: threadId=32932 processed=0 queued=0 casts=188 visible=1 occluded=94 dropped=0
[14:47:07.653][tid=32624] ESP diagnostics: snapshots=24 categories[civilian=0 enemy=0 police=0 other=24] attitude[hostile=0 unknown=9 valid=11764 invalid=0] dead=11 categorized=0 categoryEnabled=0 projected=13 front=4 poseBounds=4 skeletonLines=0 depthRange=[6.79,14.79] maxDistance=300.0 distanceRejected=0 withinDistance=4 drawn=0 enabled=1 camera=1 health[valid=128495 invalid=46246 bars=1] nativeHighlight[queued=5 cleared=0 failures=0] visibility[on=1 available=1 occluded=0 unknown=0 casts=188 clear=1 blocked=94 dropped=0]
[14:47:08.049][tid=32932] phase1 lifetime summary: registerCallbacks=683 registered=677 registerTid=32624 registerChanges=651 registerOnMain=26 registerOffMain=657 mainTickCalls=35072 mainTickTid=32932 mainTickChanges=0 unregisterCalls=235 unregisterTid=29076 unregisterChanges=224 unregisterOnMain=6 unregisterOffMain=229 unregisterTracked=12 unregisterUntracked=223 unregisterTrackingUnknown=0 unregisterNoId=0 lastRegister=(000001DBC49E6350,0x9B04DC) lastUnregister=(000001DBBD6A90C0,0x51B744352CF2BBAD) unregisterHook=1 componentEntities=0 componentSkipped=0 componentSamples=0 layoutRejects=0 nullInstance=0 nullRefCount=0 truncated=0 attitudeAttempts=11788 attitudeSourceBlocked=0 attitudeAcquire=11788 attitudeExpiredInvalid=0 attitudeAgent=16132 attitudeUnknown=0 attitudeFailClosed=0
[14:47:08.688][tid=32932] no-recoil target: path=waiting-for-equipped-weapon playerId=0x1 weaponId=0x0 targetId=0x1 runtimeValidationRisk=0
[14:47:10.630][tid=32932] attitude path: work=0 phase2Enabled=1
[14:47:10.630][tid=32932] visibility tick: threadId=32932 processed=0 queued=0 casts=188 visible=1 occluded=94 dropped=0
[14:47:10.659][tid=17972] ESP diagnostics: snapshots=24 categories[civilian=0 enemy=0 police=0 other=24] attitude[hostile=0 unknown=9 valid=11920 invalid=0] dead=11 categorized=0 categoryEnabled=0 projected=13 front=4 poseBounds=4 skeletonLines=0 depthRange=[9.15,19.52] maxDistance=300.0 distanceRejected=0 withinDistance=4 drawn=0 enabled=1 camera=1 health[valid=130463 invalid=46902 bars=1] nativeHighlight[queued=5 cleared=0 failures=0] visibility[on=1 available=1 occluded=0 unknown=0 casts=188 clear=1 blocked=94 dropped=0]
[14:47:11.583][tid=32932] phase1 lifetime summary: registerCallbacks=683 registered=677 registerTid=32624 registerChanges=651 registerOnMain=26 registerOffMain=657 mainTickCalls=35456 mainTickTid=32932 mainTickChanges=0 unregisterCalls=235 unregisterTid=29076 unregisterChanges=224 unregisterOnMain=6 unregisterOffMain=229 unregisterTracked=12 unregisterUntracked=223 unregisterTrackingUnknown=0 unregisterNoId=0 lastRegister=(000001DBC49E6350,0x9B04DC) lastUnregister=(000001DBBD6A90C0,0x51B744352CF2BBAD) unregisterHook=1 componentEntities=0 componentSkipped=0 componentSamples=0 layoutRejects=0 nullInstance=0 nullRefCount=0 truncated=0 attitudeAttempts=11970 attitudeSourceBlocked=0 attitudeAcquire=11970 attitudeExpiredInvalid=0 attitudeAgent=16384 attitudeUnknown=0 attitudeFailClosed=0
[14:47:11.628][tid=32932] profile present (5000ms): snapshot[n=549 avg=89.9us max=418.2us] snapLockWait[n=549 avg=0.1us max=1.0us] snapCount[n=549 avg=24.0 max=24] poseSlots[n=2568 avg=6.0us max=119.6us] esp[n=549 avg=3.4us max=97.3us] aimbot[n=549 avg=2.0us max=25.3us]
[14:47:11.628][tid=32932] profile tick (5000ms): tickTotal[n=549 avg=46.6us max=358.8us] health[n=549 avg=27.5us max=293.0us] attitude[n=549 avg=14.3us max=335.5us] highlight[n=549 avg=2.3us max=213.7us] playerMods[n=549 avg=1.8us max=10.4us] visibility[n=549 avg=0.3us max=28.0us]
[14:47:11.628][tid=32932] profile tickdetail (5000ms): healthCollect[n=549 avg=3.3us max=281.6us] healthInvoke[n=549 avg=21.9us max=97.5us] attitudeCollect[n=549 avg=1.6us max=320.3us] attitudeInvoke[n=549 avg=2.4us max=39.5us] highlightCollect[n=549 avg=1.1us max=212.7us]
[14:47:11.691][tid=32932] no-recoil target: path=waiting-for-equipped-weapon playerId=0x1 weaponId=0x0 targetId=0x1 runtimeValidationRisk=0
[14:47:13.625][tid=32932] attitude path: work=0 phase2Enabled=1
[14:47:13.625][tid=32932] visibility tick: threadId=32932 processed=0 queued=0 casts=188 visible=1 occluded=94 dropped=0
[14:47:13.663][tid=31528] ESP diagnostics: snapshots=24 categories[civilian=0 enemy=0 police=0 other=24] attitude[hostile=0 unknown=9 valid=12076 invalid=0] dead=11 categorized=0 categoryEnabled=0 projected=13 front=4 poseBounds=4 skeletonLines=0 depthRange=[9.15,19.52] maxDistance=300.0 distanceRejected=0 withinDistance=4 drawn=0 enabled=1 camera=1 health[valid=132437 invalid=47560 bars=1] nativeHighlight[queued=5 cleared=0 failures=0] visibility[on=1 available=1 occluded=0 unknown=0 casts=188 clear=1 blocked=94 dropped=0]
[14:47:14.685][tid=32932] no-recoil target: path=waiting-for-equipped-weapon playerId=0x1 weaponId=0x0 targetId=0x1 runtimeValidationRisk=0
[14:47:15.088][tid=32932] phase1 lifetime summary: registerCallbacks=683 registered=677 registerTid=32624 registerChanges=651 registerOnMain=26 registerOffMain=657 mainTickCalls=35840 mainTickTid=32932 mainTickChanges=0 unregisterCalls=235 unregisterTid=29076 unregisterChanges=224 unregisterOnMain=6 unregisterOffMain=229 unregisterTracked=12 unregisterUntracked=223 unregisterTrackingUnknown=0 unregisterNoId=0 lastRegister=(000001DBC49E6350,0x9B04DC) lastUnregister=(000001DBBD6A90C0,0x51B744352CF2BBAD) unregisterHook=1 componentEntities=0 componentSkipped=0 componentSamples=0 layoutRejects=0 nullInstance=0 nullRefCount=0 truncated=0 attitudeAttempts=12152 attitudeSourceBlocked=0 attitudeAcquire=12152 attitudeExpiredInvalid=0 attitudeAgent=16636 attitudeUnknown=0 attitudeFailClosed=0
[14:47:16.629][tid=32932] attitude path: work=0 phase2Enabled=1
[14:47:16.629][tid=32932] visibility tick: threadId=32932 processed=0 queued=0 casts=188 visible=1 occluded=94 dropped=0
[14:47:16.629][tid=32932] profile present (5000ms): snapshot[n=543 avg=94.1us max=548.2us] snapLockWait[n=543 avg=0.1us max=0.5us] snapCount[n=543 avg=24.0 max=24] poseSlots[n=2544 avg=6.3us max=160.7us] esp[n=543 avg=3.0us max=17.5us] aimbot[n=543 avg=1.7us max=180.9us]
[14:47:16.629][tid=32932] profile tick (5000ms): tickTotal[n=544 avg=50.4us max=1095.3us] health[n=544 avg=32.2us max=1083.0us] attitude[n=544 avg=13.9us max=231.0us] highlight[n=544 avg=1.7us max=4.5us] playerMods[n=544 avg=2.0us max=96.4us] visibility[n=544 avg=0.3us max=2.6us]
[14:47:16.629][tid=32932] profile tickdetail (5000ms): healthCollect[n=544 avg=4.0us max=499.1us] healthInvoke[n=544 avg=27.1us max=1082.0us] attitudeCollect[n=544 avg=0.5us max=1.8us] attitudeInvoke[n=544 avg=2.4us max=22.8us] highlightCollect[n=544 avg=0.3us max=1.1us]
[14:47:16.657][tid=30248] ESP diagnostics: snapshots=24 categories[civilian=0 enemy=0 police=0 other=24] attitude[hostile=0 unknown=9 valid=12232 invalid=0] dead=11 categorized=0 categoryEnabled=0 projected=13 front=4 poseBounds=4 skeletonLines=0 depthRange=[9.15,19.52] maxDistance=300.0 distanceRejected=0 withinDistance=4 drawn=0 enabled=1 camera=1 health[valid=134375 invalid=48206 bars=1] nativeHighlight[queued=5 cleared=0 failures=0] visibility[on=1 available=1 occluded=0 unknown=0 casts=188 clear=1 blocked=94 dropped=0]
[14:47:17.688][tid=32932] no-recoil target: path=waiting-for-equipped-weapon playerId=0x1 weaponId=0x0 targetId=0x1 runtimeValidationRisk=0
[14:47:18.640][tid=32932] phase1 lifetime summary: registerCallbacks=683 registered=677 registerTid=32624 registerChanges=651 registerOnMain=26 registerOffMain=657 mainTickCalls=36224 mainTickTid=32932 mainTickChanges=0 unregisterCalls=235 unregisterTid=29076 unregisterChanges=224 unregisterOnMain=6 unregisterOffMain=229 unregisterTracked=12 unregisterUntracked=223 unregisterTrackingUnknown=0 unregisterNoId=0 lastRegister=(000001DBC49E6350,0x9B04DC) lastUnregister=(000001DBBD6A90C0,0x51B744352CF2BBAD) unregisterHook=1 componentEntities=0 componentSkipped=0 componentSamples=0 layoutRejects=0 nullInstance=0 nullRefCount=0 truncated=0 attitudeAttempts=12336 attitudeSourceBlocked=0 attitudeAcquire=12336 attitudeExpiredInvalid=0 attitudeAgent=16891 attitudeUnknown=0 attitudeFailClosed=0
[14:47:19.625][tid=32932] attitude path: work=0 phase2Enabled=1
[14:47:19.625][tid=32932] visibility tick: threadId=32932 processed=0 queued=0 casts=188 visible=1 occluded=94 dropped=0
[14:47:19.662][tid=33564] ESP diagnostics: snapshots=24 categories[civilian=0 enemy=0 police=0 other=24] attitude[hostile=0 unknown=9 valid=12388 invalid=0] dead=11 categorized=0 categoryEnabled=0 projected=13 front=4 poseBounds=4 skeletonLines=0 depthRange=[9.15,19.52] maxDistance=300.0 distanceRejected=0 withinDistance=4 drawn=0 enabled=1 camera=1 health[valid=136343 invalid=48862 bars=1] nativeHighlight[queued=5 cleared=0 failures=0] visibility[on=1 available=1 occluded=0 unknown=0 casts=188 clear=1 blocked=94 dropped=0]
[14:47:20.686][tid=32932] no-recoil target: path=waiting-for-equipped-weapon playerId=0x1 weaponId=0x0 targetId=0x1 runtimeValidationRisk=0
[14:47:21.634][tid=32932] profile present (5000ms): snapshot[n=580 avg=88.4us max=379.3us] snapLockWait[n=580 avg=0.1us max=0.4us] snapCount[n=580 avg=24.0 max=24] poseSlots[n=2568 avg=6.3us max=127.6us] esp[n=580 avg=3.0us max=15.9us] aimbot[n=580 avg=1.8us max=48.6us]
[14:47:21.634][tid=32932] profile tick (5000ms): tickTotal[n=521 avg=45.9us max=536.8us] health[n=521 avg=26.5us max=474.1us] attitude[n=521 avg=15.1us max=515.6us] highlight[n=521 avg=1.8us max=4.6us] playerMods[n=521 avg=1.8us max=9.9us] visibility[n=521 avg=0.3us max=2.4us]
[14:47:21.634][tid=32932] profile tickdetail (5000ms): healthCollect[n=521 avg=1.7us max=167.0us] healthInvoke[n=521 avg=23.7us max=471.9us] attitudeCollect[n=521 avg=0.6us max=25.9us] attitudeInvoke[n=521 avg=2.6us max=26.1us] highlightCollect[n=521 avg=0.4us max=3.3us]
[14:47:22.622][tid=32932] attitude path: work=0 phase2Enabled=1
[14:47:22.622][tid=32932] visibility tick: threadId=32932 processed=0 queued=0 casts=188 visible=1 occluded=94 dropped=0
[14:47:22.632][tid=32932] phase1 lifetime summary: registerCallbacks=685 registered=679 registerTid=32624 registerChanges=653 registerOnMain=26 registerOffMain=659 mainTickCalls=36608 mainTickTid=32932 mainTickChanges=0 unregisterCalls=236 unregisterTid=28432 unregisterChanges=225 unregisterOnMain=6 unregisterOffMain=230 unregisterTracked=12 unregisterUntracked=224 unregisterTrackingUnknown=0 unregisterNoId=0 lastRegister=(000001DB9DE75080,0x703904DDBA0D1114) lastUnregister=(000001DBB9E77AA0,0x897212) unregisterHook=1 componentEntities=0 componentSkipped=0 componentSamples=0 layoutRejects=0 nullInstance=0 nullRefCount=0 truncated=0 attitudeAttempts=12544 attitudeSourceBlocked=0 attitudeAcquire=12544 attitudeExpiredInvalid=0 attitudeAgent=17179 attitudeUnknown=0 attitudeFailClosed=0
[14:47:22.656][tid=3100] ESP diagnostics: snapshots=24 categories[civilian=0 enemy=0 police=0 other=24] attitude[hostile=0 unknown=9 valid=12544 invalid=0] dead=11 categorized=0 categoryEnabled=0 projected=13 front=4 poseBounds=4 skeletonLines=0 depthRange=[5.69,14.96] maxDistance=300.0 distanceRejected=0 withinDistance=4 drawn=0 enabled=1 camera=1 health[valid=137987 invalid=49410 bars=1] nativeHighlight[queued=5 cleared=0 failures=0] visibility[on=1 available=1 occluded=0 unknown=0 casts=188 clear=1 blocked=94 dropped=0]
[14:47:23.687][tid=32932] no-recoil target: path=waiting-for-equipped-weapon playerId=0x1 weaponId=0x0 targetId=0x1 runtimeValidationRisk=0
[14:47:25.630][tid=32932] phase1 lifetime summary: registerCallbacks=685 registered=679 registerTid=32624 registerChanges=653 registerOnMain=26 registerOffMain=659 mainTickCalls=36864 mainTickTid=32932 mainTickChanges=0 unregisterCalls=236 unregisterTid=28432 unregisterChanges=225 unregisterOnMain=6 unregisterOffMain=230 unregisterTracked=12 unregisterUntracked=224 unregisterTrackingUnknown=0 unregisterNoId=0 lastRegister=(000001DB9DE75080,0x703904DDBA0D1114) lastUnregister=(000001DBB9E77AA0,0x897212) unregisterHook=1 componentEntities=0 componentSkipped=0 componentSamples=0 layoutRejects=0 nullInstance=0 nullRefCount=0 truncated=0 attitudeAttempts=12700 attitudeSourceBlocked=0 attitudeAcquire=12700 attitudeExpiredInvalid=0 attitudeAgent=17395 attitudeUnknown=0 attitudeFailClosed=0
[14:47:25.630][tid=32932] attitude path: work=0 phase2Enabled=1
[14:47:25.630][tid=32932] visibility tick: threadId=32932 processed=0 queued=0 casts=188 visible=1 occluded=94 dropped=0
[14:47:25.655][tid=3100] ESP diagnostics: snapshots=24 categories[civilian=0 enemy=0 police=0 other=24] attitude[hostile=0 unknown=9 valid=12700 invalid=0] dead=11 categorized=0 categoryEnabled=0 projected=13 front=4 poseBounds=4 skeletonLines=0 depthRange=[4.38,15.05] maxDistance=300.0 distanceRejected=0 withinDistance=4 drawn=0 enabled=1 camera=1 health[valid=139523 invalid=49922 bars=1] nativeHighlight[queued=5 cleared=0 failures=0] visibility[on=1 available=1 occluded=0 unknown=0 casts=188 clear=1 blocked=94 dropped=0]
[14:47:26.627][tid=32932] profile present (5000ms): snapshot[n=846 avg=64.0us max=559.2us] snapLockWait[n=846 avg=0.1us max=0.9us] snapCount[n=846 avg=24.0 max=24] poseSlots[n=2568 avg=6.4us max=236.0us] esp[n=846 avg=2.9us max=42.9us] aimbot[n=846 avg=0.7us max=42.4us]
[14:47:26.627][tid=32932] profile tick (5000ms): tickTotal[n=423 avg=49.6us max=305.8us] health[n=423 avg=29.3us max=289.4us] attitude[n=423 avg=16.0us max=188.5us] highlight[n=423 avg=1.6us max=23.6us] playerMods[n=423 avg=1.9us max=8.5us] visibility[n=423 avg=0.3us max=2.2us]
[14:47:26.627][tid=32932] profile tickdetail (5000ms): healthCollect[n=423 avg=3.9us max=276.1us] healthInvoke[n=423 avg=23.5us max=212.5us] attitudeCollect[n=423 avg=1.6us max=180.5us] attitudeInvoke[n=423 avg=3.0us max=24.9us] highlightCollect[n=423 avg=0.4us max=22.7us]
[14:47:26.698][tid=32932] no-recoil target: path=waiting-for-equipped-weapon playerId=0x1 weaponId=0x0 targetId=0x1 runtimeValidationRisk=0
[14:47:28.627][tid=32932] attitude path: work=0 phase2Enabled=1
[14:47:28.627][tid=32932] visibility tick: threadId=32932 processed=0 queued=0 casts=188 visible=1 occluded=94 dropped=0
[14:47:28.670][tid=3100] ESP diagnostics: snapshots=24 categories[civilian=0 enemy=0 police=0 other=24] attitude[hostile=0 unknown=9 valid=12848 invalid=0] dead=11 categorized=0 categoryEnabled=0 projected=12 front=3 poseBounds=3 skeletonLines=0 depthRange=[8.84,11.66] maxDistance=300.0 distanceRejected=0 withinDistance=3 drawn=0 enabled=1 camera=1 health[valid=140937 invalid=50412 bars=1] nativeHighlight[queued=5 cleared=0 failures=0] visibility[on=1 available=1 occluded=0 unknown=0 casts=188 clear=1 blocked=94 dropped=0]
[14:47:28.896][tid=32932] phase1 lifetime summary: registerCallbacks=687 registered=681 registerTid=28260 registerChanges=655 registerOnMain=26 registerOffMain=661 mainTickCalls=37120 mainTickTid=32932 mainTickChanges=0 unregisterCalls=242 unregisterTid=33292 unregisterChanges=231 unregisterOnMain=6 unregisterOffMain=236 unregisterTracked=14 unregisterUntracked=228 unregisterTrackingUnknown=0 unregisterNoId=0 lastRegister=(000001DBB7A6BFD0,0x897174) lastUnregister=(000001DBC49E6350,0x9B04DC) unregisterHook=1 componentEntities=0 componentSkipped=0 componentSamples=0 layoutRejects=0 nullInstance=0 nullRefCount=0 truncated=0 attitudeAttempts=12861 attitudeSourceBlocked=0 attitudeAcquire=12861 attitudeExpiredInvalid=0 attitudeAgent=17624 attitudeUnknown=0 attitudeFailClosed=0
[14:47:29.685][tid=32932] no-recoil target: path=waiting-for-equipped-weapon playerId=0x1 weaponId=0x0 targetId=0x1 runtimeValidationRisk=0
[14:47:31.634][tid=32932] attitude path: work=0 phase2Enabled=1
[14:47:31.634][tid=32932] visibility tick: threadId=32932 processed=0 queued=0 casts=188 visible=1 occluded=94 dropped=0
[14:47:31.634][tid=32932] profile present (5000ms): snapshot[n=760 avg=66.5us max=335.3us] snapLockWait[n=760 avg=0.1us max=19.1us] snapCount[n=760 avg=23.6 max=24] poseSlots[n=2504 avg=6.1us max=103.5us] esp[n=760 avg=2.9us max=36.5us] aimbot[n=760 avg=0.7us max=3.1us]
[14:47:31.634][tid=32932] profile tick (5000ms): tickTotal[n=380 avg=47.5us max=178.9us] health[n=380 avg=26.8us max=165.8us] attitude[n=380 avg=16.2us max=109.5us] highlight[n=380 avg=1.9us max=84.3us] playerMods[n=380 avg=1.9us max=8.2us] visibility[n=380 avg=0.3us max=2.4us]
[14:47:31.634][tid=32932] profile tickdetail (5000ms): healthCollect[n=380 avg=1.6us max=121.6us] healthInvoke[n=380 avg=24.1us max=146.8us] attitudeCollect[n=380 avg=0.8us max=45.4us] attitudeInvoke[n=380 avg=3.7us max=58.3us] highlightCollect[n=380 avg=0.5us max=62.8us]
[14:47:31.680][tid=3100] ESP diagnostics: snapshots=24 categories[civilian=0 enemy=0 police=0 other=24] attitude[hostile=0 unknown=9 valid=13005 invalid=0] dead=11 categorized=0 categoryEnabled=0 projected=4 front=1 poseBounds=1 skeletonLines=0 depthRange=[1.55,1.55] maxDistance=300.0 distanceRejected=0 withinDistance=1 drawn=0 enabled=1 camera=1 health[valid=142312 invalid=50869 bars=1] nativeHighlight[queued=5 cleared=0 failures=0] visibility[on=1 available=1 occluded=0 unknown=0 casts=188 clear=1 blocked=94 dropped=0]
[14:47:32.268][tid=32932] phase1 lifetime summary: registerCallbacks=688 registered=682 registerTid=296 registerChanges=656 registerOnMain=26 registerOffMain=662 mainTickCalls=37376 mainTickTid=32932 mainTickChanges=0 unregisterCalls=244 unregisterTid=29008 unregisterChanges=233 unregisterOnMain=6 unregisterOffMain=238 unregisterTracked=14 unregisterUntracked=230 unregisterTrackingUnknown=0 unregisterNoId=0 lastRegister=(000001DB990A5CA0,0x3E7B63DB8D072C51) lastUnregister=(000001DB990A5CA0,0x3E7B63DB8D072C51) unregisterHook=1 componentEntities=0 componentSkipped=0 componentSamples=0 layoutRejects=0 nullInstance=0 nullRefCount=0 truncated=0 attitudeAttempts=13033 attitudeSourceBlocked=0 attitudeAcquire=13033 attitudeExpiredInvalid=0 attitudeAgent=17877 attitudeUnknown=0 attitudeFailClosed=0
[14:47:32.688][tid=32932] no-recoil target: path=waiting-for-equipped-weapon playerId=0x1 weaponId=0x0 targetId=0x1 runtimeValidationRisk=0
[14:47:34.630][tid=32932] attitude path: work=0 phase2Enabled=1
[14:47:34.630][tid=32932] visibility tick: threadId=32932 processed=0 queued=0 casts=188 visible=1 occluded=94 dropped=0
[14:47:34.678][tid=3100] ESP diagnostics: snapshots=24 categories[civilian=0 enemy=0 police=0 other=24] attitude[hostile=0 unknown=9 valid=13160 invalid=0] dead=11 categorized=0 categoryEnabled=0 projected=7 front=4 poseBounds=4 skeletonLines=0 depthRange=[1.58,2752.63] maxDistance=300.0 distanceRejected=3 withinDistance=1 drawn=0 enabled=1 camera=1 health[valid=143698 invalid=51331 bars=1] nativeHighlight[queued=5 cleared=0 failures=0] visibility[on=1 available=1 occluded=0 unknown=0 casts=188 clear=1 blocked=94 dropped=0]
[14:47:35.547][tid=32932] phase1 lifetime summary: registerCallbacks=688 registered=682 registerTid=296 registerChanges=656 registerOnMain=26 registerOffMain=662 mainTickCalls=37632 mainTickTid=32932 mainTickChanges=0 unregisterCalls=244 unregisterTid=29008 unregisterChanges=233 unregisterOnMain=6 unregisterOffMain=238 unregisterTracked=14 unregisterUntracked=230 unregisterTrackingUnknown=0 unregisterNoId=0 lastRegister=(000001DB990A5CA0,0x3E7B63DB8D072C51) lastUnregister=(000001DB990A5CA0,0x3E7B63DB8D072C51) unregisterHook=1 componentEntities=0 componentSkipped=0 componentSamples=0 layoutRejects=0 nullInstance=0 nullRefCount=0 truncated=0 attitudeAttempts=13206 attitudeSourceBlocked=0 attitudeAcquire=13206 attitudeExpiredInvalid=0 attitudeAgent=18129 attitudeUnknown=0 attitudeFailClosed=0
[14:47:35.688][tid=32932] no-recoil target: path=waiting-for-equipped-weapon playerId=0x1 weaponId=0x0 targetId=0x1 runtimeValidationRisk=0
[14:47:36.628][tid=32932] profile present (5000ms): snapshot[n=772 avg=66.7us max=564.1us] snapLockWait[n=772 avg=0.1us max=0.4us] snapCount[n=772 avg=24.0 max=24] poseSlots[n=2568 avg=6.1us max=177.0us] esp[n=772 avg=3.4us max=219.3us] aimbot[n=772 avg=0.7us max=7.1us]
[14:47:36.628][tid=32932] profile tick (5000ms): tickTotal[n=385 avg=44.7us max=154.3us] health[n=385 avg=24.7us max=135.8us] attitude[n=385 avg=15.5us max=139.0us] highlight[n=385 avg=1.7us max=73.0us] playerMods[n=385 avg=2.0us max=8.2us] visibility[n=385 avg=0.3us max=4.2us]
[14:47:36.628][tid=32932] profile tickdetail (5000ms): healthCollect[n=385 avg=0.9us max=48.4us] healthInvoke[n=385 avg=22.4us max=63.1us] attitudeCollect[n=385 avg=0.6us max=26.9us] attitudeInvoke[n=385 avg=3.7us max=28.5us] highlightCollect[n=385 avg=0.6us max=72.1us]
[14:47:37.625][tid=32932] attitude path: work=0 phase2Enabled=1
[14:47:37.625][tid=32932] visibility tick: threadId=32932 processed=0 queued=0 casts=188 visible=1 occluded=94 dropped=0
[14:47:37.676][tid=3100] ESP diagnostics: snapshots=24 categories[civilian=0 enemy=0 police=0 other=24] attitude[hostile=0 unknown=9 valid=13316 invalid=0] dead=11 categorized=0 categoryEnabled=0 projected=6 front=3 poseBounds=3 skeletonLines=0 depthRange=[0.75,659.53] maxDistance=300.0 distanceRejected=2 withinDistance=1 drawn=0 enabled=1 camera=1 health[valid=145090 invalid=51795 bars=1] nativeHighlight[queued=5 cleared=0 failures=0] visibility[on=1 available=1 occluded=0 unknown=0 casts=188 clear=1 blocked=94 dropped=0]
[14:47:38.690][tid=32932] no-recoil target: path=waiting-for-equipped-weapon playerId=0x1 weaponId=0x0 targetId=0x1 runtimeValidationRisk=0
[14:47:38.851][tid=32932] phase1 lifetime summary: registerCallbacks=688 registered=682 registerTid=296 registerChanges=656 registerOnMain=26 registerOffMain=662 mainTickCalls=37888 mainTickTid=32932 mainTickChanges=0 unregisterCalls=244 unregisterTid=29008 unregisterChanges=233 unregisterOnMain=6 unregisterOffMain=238 unregisterTracked=14 unregisterUntracked=230 unregisterTrackingUnknown=0 unregisterNoId=0 lastRegister=(000001DB990A5CA0,0x3E7B63DB8D072C51) lastUnregister=(000001DB990A5CA0,0x3E7B63DB8D072C51) unregisterHook=1 componentEntities=0 componentSkipped=0 componentSamples=0 layoutRejects=0 nullInstance=0 nullRefCount=0 truncated=0 attitudeAttempts=13379 attitudeSourceBlocked=0 attitudeAcquire=13379 attitudeExpiredInvalid=0 attitudeAgent=18381 attitudeUnknown=0 attitudeFailClosed=0
[14:47:40.630][tid=32932] attitude path: work=0 phase2Enabled=1
[14:47:40.630][tid=32932] visibility tick: threadId=32932 processed=0 queued=0 casts=188 visible=1 occluded=94 dropped=0
[14:47:40.679][tid=3100] ESP diagnostics: snapshots=24 categories[civilian=0 enemy=0 police=0 other=24] attitude[hostile=0 unknown=9 valid=13472 invalid=0] dead=11 categorized=0 categoryEnabled=0 projected=4 front=1 poseBounds=1 skeletonLines=0 depthRange=[1.36,1.36] maxDistance=300.0 distanceRejected=0 withinDistance=1 drawn=0 enabled=1 camera=1 health[valid=146481 invalid=52260 bars=1] nativeHighlight[queued=5 cleared=0 failures=0] visibility[on=1 available=1 occluded=0 unknown=0 casts=188 clear=1 blocked=94 dropped=0]
[14:47:41.634][tid=32932] profile present (5000ms): snapshot[n=776 avg=63.0us max=442.3us] snapLockWait[n=776 avg=0.1us max=2.7us] snapCount[n=776 avg=24.0 max=24] poseSlots[n=2544 avg=6.1us max=139.7us] esp[n=776 avg=3.2us max=189.2us] aimbot[n=776 avg=0.7us max=2.0us]
[14:47:41.634][tid=32932] profile tick (5000ms): tickTotal[n=388 avg=45.4us max=233.0us] health[n=388 avg=26.4us max=209.9us] attitude[n=388 avg=15.1us max=100.3us] highlight[n=388 avg=1.4us max=34.4us] playerMods[n=388 avg=1.8us max=7.0us] visibility[n=388 avg=0.3us max=2.9us]
[14:47:41.634][tid=32932] profile tickdetail (5000ms): healthCollect[n=388 avg=2.0us max=183.5us] healthInvoke[n=388 avg=23.4us max=95.1us] attitudeCollect[n=388 avg=0.6us max=42.6us] attitudeInvoke[n=388 avg=3.6us max=23.1us] highlightCollect[n=388 avg=0.4us max=28.9us]
[14:47:41.686][tid=32932] no-recoil target: path=waiting-for-equipped-weapon playerId=0x1 weaponId=0x0 targetId=0x1 runtimeValidationRisk=0
[14:47:42.176][tid=32932] phase1 lifetime summary: registerCallbacks=688 registered=682 registerTid=296 registerChanges=656 registerOnMain=26 registerOffMain=662 mainTickCalls=38144 mainTickTid=32932 mainTickChanges=0 unregisterCalls=244 unregisterTid=29008 unregisterChanges=233 unregisterOnMain=6 unregisterOffMain=238 unregisterTracked=14 unregisterUntracked=230 unregisterTrackingUnknown=0 unregisterNoId=0 lastRegister=(000001DB990A5CA0,0x3E7B63DB8D072C51) lastUnregister=(000001DB990A5CA0,0x3E7B63DB8D072C51) unregisterHook=1 componentEntities=0 componentSkipped=0 componentSamples=0 layoutRejects=0 nullInstance=0 nullRefCount=0 truncated=0 attitudeAttempts=13550 attitudeSourceBlocked=0 attitudeAcquire=13550 attitudeExpiredInvalid=0 attitudeAgent=18631 attitudeUnknown=0 attitudeFailClosed=0
[14:47:43.628][tid=32932] attitude path: work=0 phase2Enabled=1
[14:47:43.628][tid=32932] visibility tick: threadId=32932 processed=0 queued=0 casts=188 visible=1 occluded=94 dropped=0
[14:47:43.669][tid=3100] ESP diagnostics: snapshots=24 categories[civilian=0 enemy=0 police=0 other=24] attitude[hostile=0 unknown=9 valid=13628 invalid=0] dead=11 categorized=0 categoryEnabled=0 projected=13 front=3 poseBounds=3 skeletonLines=0 depthRange=[8.69,10.73] maxDistance=300.0 distanceRejected=0 withinDistance=3 drawn=0 enabled=1 camera=1 health[valid=147862 invalid=52719 bars=1] nativeHighlight[queued=5 cleared=0 failures=0] visibility[on=1 available=1 occluded=0 unknown=0 casts=188 clear=1 blocked=94 dropped=0]
[14:47:44.693][tid=32932] no-recoil target: path=waiting-for-equipped-weapon playerId=0x1 weaponId=0x0 targetId=0x1 runtimeValidationRisk=0
[14:47:45.587][tid=32932] phase1 lifetime summary: registerCallbacks=688 registered=682 registerTid=296 registerChanges=656 registerOnMain=26 registerOffMain=662 mainTickCalls=38400 mainTickTid=32932 mainTickChanges=0 unregisterCalls=245 unregisterTid=29076 unregisterChanges=234 unregisterOnMain=6 unregisterOffMain=239 unregisterTracked=14 unregisterUntracked=231 unregisterTrackingUnknown=0 unregisterNoId=0 lastRegister=(000001DB990A5CA0,0x3E7B63DB8D072C51) lastUnregister=(000001DB990A5CA0,0x3E7B63DB8D072C51) unregisterHook=1 componentEntities=0 componentSkipped=0 componentSamples=0 layoutRejects=0 nullInstance=0 nullRefCount=0 truncated=0 attitudeAttempts=13730 attitudeSourceBlocked=0 attitudeAcquire=13730 attitudeExpiredInvalid=0 attitudeAgent=18894 attitudeUnknown=0 attitudeFailClosed=0
[14:47:46.631][tid=32932] attitude path: work=0 phase2Enabled=1
[14:47:46.631][tid=32932] visibility tick: threadId=32932 processed=0 queued=0 casts=188 visible=1 occluded=94 dropped=0
[14:47:46.631][tid=32932] profile present (5000ms): snapshot[n=748 avg=68.2us max=512.9us] snapLockWait[n=748 avg=0.1us max=0.9us] snapCount[n=748 avg=24.0 max=24] poseSlots[n=2544 avg=6.2us max=106.3us] esp[n=748 avg=3.0us max=39.8us] aimbot[n=748 avg=0.7us max=21.5us]
[14:47:46.631][tid=32932] profile tick (5000ms): tickTotal[n=374 avg=50.1us max=307.8us] health[n=374 avg=28.1us max=274.1us] attitude[n=374 avg=17.7us max=245.9us] highlight[n=374 avg=1.5us max=28.8us] playerMods[n=374 avg=2.0us max=10.7us] visibility[n=374 avg=0.3us max=2.4us]
[14:47:46.631][tid=32932] profile tickdetail (5000ms): healthCollect[n=374 avg=2.4us max=174.1us] healthInvoke[n=374 avg=23.9us max=259.2us] attitudeCollect[n=374 avg=1.1us max=130.1us] attitudeInvoke[n=374 avg=4.0us max=59.9us] highlightCollect[n=374 avg=0.3us max=1.0us]
[14:47:46.673][tid=3100] ESP diagnostics: snapshots=24 categories[civilian=0 enemy=0 police=0 other=24] attitude[hostile=0 unknown=9 valid=13784 invalid=0] dead=11 categorized=0 categoryEnabled=0 projected=13 front=4 poseBounds=4 skeletonLines=0 depthRange=[1.98,5.13] maxDistance=300.0 distanceRejected=0 withinDistance=4 drawn=0 enabled=1 camera=1 health[valid=149188 invalid=53161 bars=1] nativeHighlight[queued=5 cleared=0 failures=0] visibility[on=1 available=1 occluded=0 unknown=0 casts=188 clear=1 blocked=94 dropped=0]
[14:47:47.695][tid=32932] no-recoil target: path=waiting-for-equipped-weapon playerId=0x1 weaponId=0x0 targetId=0x1 runtimeValidationRisk=0
[14:47:49.073][tid=32932] phase1 lifetime summary: registerCallbacks=688 registered=682 registerTid=296 registerChanges=656 registerOnMain=26 registerOffMain=662 mainTickCalls=38656 mainTickTid=32932 mainTickChanges=0 unregisterCalls=245 unregisterTid=29076 unregisterChanges=234 unregisterOnMain=6 unregisterOffMain=239 unregisterTracked=14 unregisterUntracked=231 unregisterTrackingUnknown=0 unregisterNoId=0 lastRegister=(000001DB990A5CA0,0x3E7B63DB8D072C51) lastUnregister=(000001DB990A5CA0,0x3E7B63DB8D072C51) unregisterHook=1 componentEntities=0 componentSkipped=0 componentSamples=0 layoutRejects=0 nullInstance=0 nullRefCount=0 truncated=0 attitudeAttempts=13912 attitudeSourceBlocked=0 attitudeAcquire=13912 attitudeExpiredInvalid=0 attitudeAgent=19160 attitudeUnknown=0 attitudeFailClosed=0
[14:47:49.626][tid=32932] attitude path: work=0 phase2Enabled=1
[14:47:49.626][tid=32932] visibility tick: threadId=32932 processed=0 queued=0 casts=188 visible=1 occluded=94 dropped=0
[14:47:49.679][tid=3100] ESP diagnostics: snapshots=24 categories[civilian=0 enemy=0 police=0 other=24] attitude[hostile=0 unknown=9 valid=13941 invalid=0] dead=11 categorized=0 categoryEnabled=0 projected=13 front=2 poseBounds=2 skeletonLines=0 depthRange=[2.26,2.80] maxDistance=300.0 distanceRejected=0 withinDistance=2 drawn=0 enabled=1 camera=1 health[valid=150531 invalid=53610 bars=1] nativeHighlight[queued=5 cleared=0 failures=0] visibility[on=1 available=1 occluded=0 unknown=0 casts=188 clear=1 blocked=94 dropped=0]
[14:47:50.697][tid=32932] no-recoil target: path=waiting-for-equipped-weapon playerId=0x1 weaponId=0x0 targetId=0x1 runtimeValidationRisk=0
[14:47:51.627][tid=32932] profile present (5000ms): snapshot[n=744 avg=68.7us max=396.1us] snapLockWait[n=744 avg=0.1us max=0.8us] snapCount[n=744 avg=24.0 max=24] poseSlots[n=2544 avg=6.3us max=111.5us] esp[n=744 avg=2.7us max=25.0us] aimbot[n=744 avg=0.7us max=15.0us]
[14:47:51.627][tid=32932] profile tick (5000ms): tickTotal[n=373 avg=50.7us max=383.8us] health[n=373 avg=29.1us max=362.5us] attitude[n=373 avg=17.1us max=349.9us] highlight[n=373 avg=1.6us max=32.3us] playerMods[n=373 avg=2.1us max=9.5us] visibility[n=373 avg=0.3us max=2.7us]
[14:47:51.627][tid=32932] profile tickdetail (5000ms): healthCollect[n=373 avg=2.7us max=197.1us] healthInvoke[n=373 avg=23.3us max=75.2us] attitudeCollect[n=373 avg=1.7us max=326.3us] attitudeInvoke[n=373 avg=3.9us max=24.6us] highlightCollect[n=373 avg=0.4us max=31.5us]
[14:47:52.443][tid=32932] phase1 lifetime summary: registerCallbacks=690 registered=684 registerTid=33564 registerChanges=658 registerOnMain=26 registerOffMain=664 mainTickCalls=38912 mainTickTid=32932 mainTickChanges=0 unregisterCalls=245 unregisterTid=29076 unregisterChanges=234 unregisterOnMain=6 unregisterOffMain=239 unregisterTracked=14 unregisterUntracked=231 unregisterTrackingUnknown=0 unregisterNoId=0 lastRegister=(000001DBAA22EC20,0xE5392303FE0646D8) lastUnregister=(000001DB990A5CA0,0x3E7B63DB8D072C51) unregisterHook=1 componentEntities=0 componentSkipped=0 componentSamples=0 layoutRejects=0 nullInstance=0 nullRefCount=0 truncated=0 attitudeAttempts=14084 attitudeSourceBlocked=0 attitudeAcquire=14084 attitudeExpiredInvalid=0 attitudeAgent=19412 attitudeUnknown=0 attitudeFailClosed=0
[14:47:52.633][tid=32932] attitude path: work=0 phase2Enabled=1
[14:47:52.633][tid=32932] visibility tick: threadId=32932 processed=0 queued=0 casts=188 visible=1 occluded=94 dropped=0
[14:47:52.672][tid=3100] ESP diagnostics: snapshots=24 categories[civilian=0 enemy=0 police=0 other=24] attitude[hostile=0 unknown=9 valid=14096 invalid=0] dead=11 categorized=0 categoryEnabled=0 projected=13 front=1 poseBounds=1 skeletonLines=0 depthRange=[2.86,2.86] maxDistance=300.0 distanceRejected=0 withinDistance=1 drawn=0 enabled=1 camera=1 health[valid=151894 invalid=54063 bars=1] nativeHighlight[queued=5 cleared=0 failures=0] visibility[on=1 available=1 occluded=0 unknown=0 casts=188 clear=1 blocked=94 dropped=0]
[14:47:53.697][tid=32932] no-recoil target: path=waiting-for-equipped-weapon playerId=0x1 weaponId=0x0 targetId=0x1 runtimeValidationRisk=0
[14:47:55.636][tid=32932] attitude path: work=0 phase2Enabled=1
[14:47:55.636][tid=32932] visibility tick: threadId=32932 processed=0 queued=0 casts=188 visible=1 occluded=94 dropped=0
[14:47:55.679][tid=3100] ESP diagnostics: snapshots=24 categories[civilian=0 enemy=0 police=0 other=24] attitude[hostile=0 unknown=9 valid=14253 invalid=0] dead=11 categorized=0 categoryEnabled=0 projected=13 front=1 poseBounds=1 skeletonLines=0 depthRange=[2.02,2.02] maxDistance=300.0 distanceRejected=0 withinDistance=1 drawn=0 enabled=1 camera=1 health[valid=153316 invalid=54537 bars=1] nativeHighlight[queued=5 cleared=0 failures=0] visibility[on=1 available=1 occluded=0 unknown=0 casts=188 clear=1 blocked=94 dropped=0]
[14:47:55.706][tid=32932] phase1 lifetime summary: registerCallbacks=691 registered=685 registerTid=33292 registerChanges=659 registerOnMain=26 registerOffMain=665 mainTickCalls=39168 mainTickTid=32932 mainTickChanges=0 unregisterCalls=245 unregisterTid=29076 unregisterChanges=234 unregisterOnMain=6 unregisterOffMain=239 unregisterTracked=14 unregisterUntracked=231 unregisterTrackingUnknown=0 unregisterNoId=0 lastRegister=(000001DBC1476480,0x5A675DE46F14694C) lastUnregister=(000001DB990A5CA0,0x3E7B63DB8D072C51) unregisterHook=1 componentEntities=0 componentSkipped=0 componentSamples=0 layoutRejects=0 nullInstance=0 nullRefCount=0 truncated=0 attitudeAttempts=14253 attitudeSourceBlocked=0 attitudeAcquire=14253 attitudeExpiredInvalid=0 attitudeAgent=19659 attitudeUnknown=0 attitudeFailClosed=0
[14:47:56.635][tid=32932] profile present (5000ms): snapshot[n=785 avg=65.7us max=519.2us] snapLockWait[n=785 avg=0.1us max=0.4us] snapCount[n=785 avg=24.0 max=24] poseSlots[n=2568 avg=6.3us max=178.9us] esp[n=785 avg=2.5us max=56.2us] aimbot[n=785 avg=0.7us max=1.5us]
[14:47:56.635][tid=32932] profile tick (5000ms): tickTotal[n=392 avg=49.8us max=271.2us] health[n=392 avg=29.0us max=242.0us] attitude[n=392 avg=16.4us max=224.8us] highlight[n=392 avg=1.5us max=7.2us] playerMods[n=392 avg=2.1us max=50.3us] visibility[n=392 avg=0.3us max=2.8us]
[14:47:56.635][tid=32932] profile tickdetail (5000ms): healthCollect[n=392 avg=3.6us max=199.0us] healthInvoke[n=392 avg=23.8us max=162.8us] attitudeCollect[n=392 avg=0.5us max=1.2us] attitudeInvoke[n=392 avg=3.8us max=49.9us] highlightCollect[n=392 avg=0.3us max=1.0us]
[14:47:56.687][tid=32932] no-recoil target: path=waiting-for-equipped-weapon playerId=0x1 weaponId=0x0 targetId=0x1 runtimeValidationRisk=0
[14:47:58.630][tid=32932] attitude path: work=0 phase2Enabled=1
[14:47:58.630][tid=32932] visibility tick: threadId=32932 processed=0 queued=0 casts=188 visible=1 occluded=94 dropped=0
[14:47:58.680][tid=3100] ESP diagnostics: snapshots=24 categories[civilian=0 enemy=0 police=0 other=24] attitude[hostile=0 unknown=9 valid=14408 invalid=0] dead=11 categorized=0 categoryEnabled=0 projected=13 front=1 poseBounds=1 skeletonLines=0 depthRange=[2.52,2.52] maxDistance=300.0 distanceRejected=0 withinDistance=1 drawn=0 enabled=1 camera=1 health[valid=154732 invalid=55009 bars=1] nativeHighlight[queued=5 cleared=0 failures=0] visibility[on=1 available=1 occluded=0 unknown=0 casts=188 clear=1 blocked=94 dropped=0]
[14:47:58.941][tid=32932] phase1 lifetime summary: registerCallbacks=691 registered=685 registerTid=33292 registerChanges=659 registerOnMain=26 registerOffMain=665 mainTickCalls=39424 mainTickTid=32932 mainTickChanges=0 unregisterCalls=245 unregisterTid=29076 unregisterChanges=234 unregisterOnMain=6 unregisterOffMain=239 unregisterTracked=14 unregisterUntracked=231 unregisterTrackingUnknown=0 unregisterNoId=0 lastRegister=(000001DBC1476480,0x5A675DE46F14694C) lastUnregister=(000001DB990A5CA0,0x3E7B63DB8D072C51) unregisterHook=1 componentEntities=0 componentSkipped=0 componentSamples=0 layoutRejects=0 nullInstance=0 nullRefCount=0 truncated=0 attitudeAttempts=14422 attitudeSourceBlocked=0 attitudeAcquire=14422 attitudeExpiredInvalid=0 attitudeAgent=19906 attitudeUnknown=0 attitudeFailClosed=0
[14:47:59.687][tid=32932] no-recoil target: path=waiting-for-equipped-weapon playerId=0x1 weaponId=0x0 targetId=0x1 runtimeValidationRisk=0
[14:48:01.633][tid=32932] attitude path: work=0 phase2Enabled=1
[14:48:01.633][tid=32932] visibility tick: threadId=32932 processed=0 queued=0 casts=188 visible=1 occluded=94 dropped=0
[14:48:01.633][tid=32932] profile present (5000ms): snapshot[n=795 avg=63.4us max=338.9us] snapLockWait[n=795 avg=0.1us max=0.4us] snapCount[n=795 avg=24.0 max=24] poseSlots[n=2544 avg=6.0us max=52.3us] esp[n=795 avg=2.4us max=13.9us] aimbot[n=795 avg=0.7us max=1.7us]
[14:48:01.633][tid=32932] profile tick (5000ms): tickTotal[n=398 avg=48.6us max=304.5us] health[n=398 avg=28.0us max=220.7us] attitude[n=398 avg=16.4us max=285.6us] highlight[n=398 avg=1.5us max=4.3us] playerMods[n=398 avg=2.0us max=8.0us] visibility[n=398 avg=0.3us max=2.6us]
[14:48:01.633][tid=32932] profile tickdetail (5000ms): healthCollect[n=398 avg=3.2us max=190.3us] healthInvoke[n=398 avg=23.6us max=117.5us] attitudeCollect[n=398 avg=1.3us max=275.5us] attitudeInvoke[n=398 avg=3.6us max=49.0us] highlightCollect[n=398 avg=0.3us max=0.9us]
[14:48:01.670][tid=3100] ESP diagnostics: snapshots=24 categories[civilian=0 enemy=0 police=0 other=24] attitude[hostile=0 unknown=9 valid=14564 invalid=0] dead=11 categorized=0 categoryEnabled=0 projected=13 front=0 poseBounds=0 skeletonLines=0 depthRange=[0.00,0.00] maxDistance=300.0 distanceRejected=0 withinDistance=0 drawn=0 enabled=1 camera=1 health[valid=156165 invalid=55488 bars=1] nativeHighlight[queued=5 cleared=0 failures=0] visibility[on=1 available=1 occluded=0 unknown=0 casts=188 clear=1 blocked=94 dropped=0]
[14:48:02.116][tid=32932] phase1 lifetime summary: registerCallbacks=691 registered=685 registerTid=33292 registerChanges=659 registerOnMain=26 registerOffMain=665 mainTickCalls=39680 mainTickTid=32932 mainTickChanges=0 unregisterCalls=245 unregisterTid=29076 unregisterChanges=234 unregisterOnMain=6 unregisterOffMain=239 unregisterTracked=14 unregisterUntracked=231 unregisterTrackingUnknown=0 unregisterNoId=0 lastRegister=(000001DBC1476480,0x5A675DE46F14694C) lastUnregister=(000001DB990A5CA0,0x3E7B63DB8D072C51) unregisterHook=1 componentEntities=0 componentSkipped=0 componentSamples=0 layoutRejects=0 nullInstance=0 nullRefCount=0 truncated=0 attitudeAttempts=14588 attitudeSourceBlocked=0 attitudeAcquire=14588 attitudeExpiredInvalid=0 attitudeAgent=20148 attitudeUnknown=0 attitudeFailClosed=0
[14:48:02.440][tid=32932] no-recoil modifiers applied: targetId=0x9B04DA count=11
[14:48:02.693][tid=32932] no-recoil target: path=equipped-weapon playerId=0x1 weaponId=0x9B04DA targetId=0x9B04DA runtimeValidationRisk=0
[14:48:04.633][tid=32932] attitude path: work=0 phase2Enabled=1
[14:48:04.634][tid=32932] visibility tick: threadId=32932 processed=0 queued=0 casts=188 visible=1 occluded=94 dropped=0
[14:48:04.676][tid=3100] ESP diagnostics: snapshots=24 categories[civilian=0 enemy=0 police=0 other=24] attitude[hostile=0 unknown=9 valid=14721 invalid=0] dead=11 categorized=0 categoryEnabled=0 projected=11 front=9 poseBounds=9 skeletonLines=0 depthRange=[2.35,540.70] maxDistance=300.0 distanceRejected=3 withinDistance=6 drawn=0 enabled=1 camera=1 health[valid=157569 invalid=55956 bars=1] nativeHighlight[queued=5 cleared=0 failures=0] visibility[on=1 available=1 occluded=0 unknown=0 casts=188 clear=1 blocked=94 dropped=0]
[14:48:05.478][tid=32932] phase1 lifetime summary: registerCallbacks=693 registered=687 registerTid=33564 registerChanges=661 registerOnMain=26 registerOffMain=667 mainTickCalls=39936 mainTickTid=32932 mainTickChanges=0 unregisterCalls=247 unregisterTid=29008 unregisterChanges=236 unregisterOnMain=6 unregisterOffMain=241 unregisterTracked=14 unregisterUntracked=233 unregisterTrackingUnknown=0 unregisterNoId=0 lastRegister=(000001DBC10E3DE0,0x9B04DA) lastUnregister=(000001DBC10E3DE0,0x9B04DA) unregisterHook=1 componentEntities=0 componentSkipped=0 componentSamples=0 layoutRejects=0 nullInstance=0 nullRefCount=0 truncated=0 attitudeAttempts=14761 attitudeSourceBlocked=0 attitudeAcquire=14761 attitudeExpiredInvalid=0 attitudeAgent=20402 attitudeUnknown=0 attitudeFailClosed=0
[14:48:05.686][tid=32932] no-recoil target: path=equipped-weapon playerId=0x1 weaponId=0x9B04DA targetId=0x9B04DA runtimeValidationRisk=0
[14:48:06.626][tid=32932] profile present (5000ms): snapshot[n=770 avg=63.9us max=489.6us] snapLockWait[n=770 avg=0.1us max=0.5us] snapCount[n=770 avg=24.0 max=24] poseSlots[n=2544 avg=6.2us max=27.1us] esp[n=770 avg=2.9us max=17.0us] aimbot[n=770 avg=0.7us max=1.7us]
[14:48:06.626][tid=32932] profile tick (5000ms): tickTotal[n=385 avg=47.5us max=233.0us] health[n=385 avg=27.8us max=219.2us] attitude[n=385 avg=15.3us max=81.7us] highlight[n=385 avg=1.4us max=28.7us] playerMods[n=385 avg=2.2us max=58.7us] visibility[n=385 avg=0.3us max=2.8us]
[14:48:06.626][tid=32932] profile tickdetail (5000ms): healthCollect[n=385 avg=3.6us max=205.0us] healthInvoke[n=385 avg=22.5us max=64.8us] attitudeCollect[n=385 avg=0.8us max=53.0us] attitudeInvoke[n=385 avg=3.6us max=21.8us] highlightCollect[n=385 avg=0.4us max=27.8us]
[14:48:07.624][tid=32932] attitude path: work=0 phase2Enabled=1
[14:48:07.624][tid=32932] visibility tick: threadId=32932 processed=0 queued=0 casts=188 visible=1 occluded=94 dropped=0
[14:48:07.679][tid=3100] ESP diagnostics: snapshots=24 categories[civilian=0 enemy=0 police=0 other=24] attitude[hostile=0 unknown=9 valid=14877 invalid=0] dead=11 categorized=0 categoryEnabled=0 projected=13 front=3 poseBounds=3 skeletonLines=0 depthRange=[0.84,1.57] maxDistance=300.0 distanceRejected=0 withinDistance=3 drawn=0 enabled=1 camera=1 health[valid=158926 invalid=56407 bars=1] nativeHighlight[queued=5 cleared=0 failures=0] visibility[on=1 available=1 occluded=0 unknown=0 casts=188 clear=1 blocked=94 dropped=0]
[14:48:07.901][tid=32932] no-recoil modifiers removed: targetId=0x9B04DA count=11
[14:48:08.687][tid=32932] no-recoil target: path=waiting-for-equipped-weapon playerId=0x1 weaponId=0x0 targetId=0x1 runtimeValidationRisk=0
[14:48:08.860][tid=32932] phase1 lifetime summary: registerCallbacks=693 registered=687 registerTid=33564 registerChanges=661 registerOnMain=26 registerOffMain=667 mainTickCalls=40192 mainTickTid=32932 mainTickChanges=0 unregisterCalls=249 unregisterTid=30248 unregisterChanges=238 unregisterOnMain=6 unregisterOffMain=243 unregisterTracked=14 unregisterUntracked=235 unregisterTrackingUnknown=0 unregisterNoId=0 lastRegister=(000001DBC10E3DE0,0x9B04DA) lastUnregister=(000001DBAF8EFBE0,0x9B04DD) unregisterHook=1 componentEntities=0 componentSkipped=0 componentSamples=0 layoutRejects=0 nullInstance=0 nullRefCount=0 truncated=0 attitudeAttempts=14939 attitudeSourceBlocked=0 attitudeAcquire=14939 attitudeExpiredInvalid=0 attitudeAgent=20661 attitudeUnknown=0 attitudeFailClosed=0
[14:48:10.627][tid=32932] attitude path: work=0 phase2Enabled=1
[14:48:10.627][tid=32932] visibility tick: threadId=32932 processed=0 queued=0 casts=188 visible=1 occluded=94 dropped=0
[14:48:10.676][tid=3100] ESP diagnostics: snapshots=24 categories[civilian=0 enemy=0 police=0 other=24] attitude[hostile=0 unknown=9 valid=15032 invalid=0] dead=11 categorized=0 categoryEnabled=0 projected=13 front=1 poseBounds=1 skeletonLines=0 depthRange=[1.57,1.57] maxDistance=300.0 distanceRejected=0 withinDistance=1 drawn=0 enabled=1 camera=1 health[valid=160318 invalid=56871 bars=1] nativeHighlight[queued=5 cleared=0 failures=0] visibility[on=1 available=1 occluded=0 unknown=0 casts=188 clear=1 blocked=94 dropped=0]
[14:48:11.626][tid=32932] profile present (5000ms): snapshot[n=760 avg=64.2us max=337.9us] snapLockWait[n=760 avg=0.1us max=1.1us] snapCount[n=760 avg=24.0 max=24] poseSlots[n=2568 avg=5.9us max=20.4us] esp[n=760 avg=2.5us max=15.4us] aimbot[n=760 avg=0.7us max=2.1us]
[14:48:11.626][tid=32932] profile tick (5000ms): tickTotal[n=379 avg=54.6us max=410.9us] health[n=379 avg=31.7us max=321.9us] attitude[n=379 avg=17.8us max=217.3us] highlight[n=379 avg=2.2us max=227.7us] playerMods[n=379 avg=2.2us max=34.3us] visibility[n=379 avg=0.3us max=2.6us]
[14:48:11.626][tid=32932] profile tickdetail (5000ms): healthCollect[n=379 avg=6.0us max=300.8us] healthInvoke[n=379 avg=24.0us max=111.5us] attitudeCollect[n=379 avg=1.7us max=196.4us] attitudeInvoke[n=379 avg=3.9us max=59.1us] highlightCollect[n=379 avg=1.1us max=226.6us]
[14:48:11.690][tid=32932] no-recoil target: path=waiting-for-equipped-weapon playerId=0x1 weaponId=0x0 targetId=0x1 runtimeValidationRisk=0
[14:48:12.213][tid=32932] phase1 lifetime summary: registerCallbacks=694 registered=688 registerTid=29076 registerChanges=662 registerOnMain=26 registerOffMain=668 mainTickCalls=40448 mainTickTid=32932 mainTickChanges=0 unregisterCalls=249 unregisterTid=30248 unregisterChanges=238 unregisterOnMain=6 unregisterOffMain=243 unregisterTracked=14 unregisterUntracked=235 unregisterTrackingUnknown=0 unregisterNoId=0 lastRegister=(000001DBAAF63120,0x896575) lastUnregister=(000001DBAF8EFBE0,0x9B04DD) unregisterHook=1 componentEntities=0 componentSkipped=0 componentSamples=0 layoutRejects=0 nullInstance=0 nullRefCount=0 truncated=0 attitudeAttempts=15112 attitudeSourceBlocked=0 attitudeAcquire=15112 attitudeExpiredInvalid=0 attitudeAgent=20915 attitudeUnknown=0 attitudeFailClosed=0
[14:48:13.625][tid=32932] attitude path: work=0 phase2Enabled=1
[14:48:13.625][tid=32932] visibility tick: threadId=32932 processed=0 queued=0 casts=188 visible=1 occluded=94 dropped=0
[14:48:13.670][tid=3100] ESP diagnostics: snapshots=25 categories[civilian=0 enemy=0 police=0 other=25] attitude[hostile=0 unknown=9 valid=15195 invalid=0] dead=11 categorized=0 categoryEnabled=0 projected=14 front=1 poseBounds=1 skeletonLines=0 depthRange=[1.99,1.99] maxDistance=300.0 distanceRejected=0 withinDistance=1 drawn=0 enabled=1 camera=1 health[valid=161636 invalid=57297 bars=1] nativeHighlight[queued=5 cleared=0 failures=0] visibility[on=1 available=1 occluded=0 unknown=0 casts=188 clear=1 blocked=94 dropped=0]
[14:48:14.695][tid=32932] no-recoil target: path=waiting-for-equipped-weapon playerId=0x1 weaponId=0x0 targetId=0x1 runtimeValidationRisk=0
[14:48:15.738][tid=32932] phase1 lifetime summary: registerCallbacks=694 registered=688 registerTid=29076 registerChanges=662 registerOnMain=26 registerOffMain=668 mainTickCalls=40704 mainTickTid=32932 mainTickChanges=0 unregisterCalls=249 unregisterTid=30248 unregisterChanges=238 unregisterOnMain=6 unregisterOffMain=243 unregisterTracked=14 unregisterUntracked=235 unregisterTrackingUnknown=0 unregisterNoId=0 lastRegister=(000001DBAAF63120,0x896575) lastUnregister=(000001DBAF8EFBE0,0x9B04DD) unregisterHook=1 componentEntities=0 componentSkipped=0 componentSamples=0 layoutRejects=0 nullInstance=0 nullRefCount=0 truncated=0 attitudeAttempts=15309 attitudeSourceBlocked=0 attitudeAcquire=15309 attitudeExpiredInvalid=0 attitudeAgent=21211 attitudeUnknown=0 attitudeFailClosed=0
[14:48:16.632][tid=32932] attitude path: work=0 phase2Enabled=1
[14:48:16.632][tid=32932] visibility tick: threadId=32932 processed=0 queued=0 casts=188 visible=1 occluded=94 dropped=0
[14:48:16.632][tid=32932] profile present (5000ms): snapshot[n=600 avg=79.3us max=408.6us] snapLockWait[n=600 avg=0.1us max=0.5us] snapCount[n=600 avg=24.9 max=25] poseSlots[n=2619 avg=6.1us max=100.8us] esp[n=600 avg=2.6us max=12.7us] aimbot[n=600 avg=1.3us max=61.6us]
[14:48:16.632][tid=32932] profile tick (5000ms): tickTotal[n=375 avg=46.8us max=252.7us] health[n=375 avg=25.8us max=228.3us] attitude[n=375 avg=16.7us max=96.5us] highlight[n=375 avg=1.4us max=8.0us] playerMods[n=375 avg=2.0us max=7.8us] visibility[n=375 avg=0.3us max=4.3us]
[14:48:16.632][tid=32932] profile tickdetail (5000ms): healthCollect[n=375 avg=2.0us max=185.4us] healthInvoke[n=375 avg=22.9us max=81.0us] attitudeCollect[n=375 avg=0.8us max=60.0us] attitudeInvoke[n=375 avg=4.2us max=24.4us] highlightCollect[n=375 avg=0.3us max=0.8us]
[14:48:16.670][tid=32624] ESP diagnostics: snapshots=25 categories[civilian=0 enemy=0 police=0 other=25] attitude[hostile=0 unknown=9 valid=15363 invalid=0] dead=11 categorized=0 categoryEnabled=0 projected=14 front=1 poseBounds=1 skeletonLines=0 depthRange=[1.42,1.42] maxDistance=300.0 distanceRejected=0 withinDistance=1 drawn=0 enabled=1 camera=1 health[valid=163034 invalid=57739 bars=1] nativeHighlight[queued=5 cleared=0 failures=0] visibility[on=1 available=1 occluded=0 unknown=0 casts=188 clear=1 blocked=94 dropped=0]
[14:48:17.699][tid=32932] no-recoil target: path=waiting-for-equipped-weapon playerId=0x1 weaponId=0x0 targetId=0x1 runtimeValidationRisk=0
[14:48:18.992][tid=32932] phase1 lifetime summary: registerCallbacks=694 registered=688 registerTid=29076 registerChanges=662 registerOnMain=26 registerOffMain=668 mainTickCalls=40960 mainTickTid=32932 mainTickChanges=0 unregisterCalls=250 unregisterTid=33564 unregisterChanges=239 unregisterOnMain=6 unregisterOffMain=244 unregisterTracked=15 unregisterUntracked=235 unregisterTrackingUnknown=0 unregisterNoId=0 lastRegister=(000001DBAAF63120,0x896575) lastUnregister=(000001DBB162AE30,0x8960C6) unregisterHook=1 componentEntities=0 componentSkipped=0 componentSamples=0 layoutRejects=0 nullInstance=0 nullRefCount=0 truncated=0 attitudeAttempts=15487 attitudeSourceBlocked=0 attitudeAcquire=15487 attitudeExpiredInvalid=0 attitudeAgent=21480 attitudeUnknown=0 attitudeFailClosed=0
[14:48:19.628][tid=32932] attitude path: work=0 phase2Enabled=1
[14:48:19.628][tid=32932] visibility tick: threadId=32932 processed=0 queued=0 casts=188 visible=1 occluded=94 dropped=0
[14:48:19.674][tid=29008] ESP diagnostics: snapshots=24 categories[civilian=0 enemy=0 police=0 other=24] attitude[hostile=0 unknown=9 valid=15524 invalid=0] dead=11 categorized=0 categoryEnabled=0 projected=13 front=1 poseBounds=1 skeletonLines=0 depthRange=[1.42,1.42] maxDistance=300.0 distanceRejected=0 withinDistance=1 drawn=0 enabled=1 camera=1 health[valid=164427 invalid=58194 bars=1] nativeHighlight[queued=5 cleared=0 failures=0] visibility[on=1 available=1 occluded=0 unknown=0 casts=188 clear=1 blocked=94 dropped=0]
[14:48:20.691][tid=32932] no-recoil target: path=waiting-for-equipped-weapon playerId=0x1 weaponId=0x0 targetId=0x1 runtimeValidationRisk=0
[14:48:21.627][tid=32932] profile present (5000ms): snapshot[n=398 avg=121.9us max=402.0us] snapLockWait[n=398 avg=0.1us max=0.9us] snapCount[n=398 avg=24.3 max=25] poseSlots[n=2597 avg=6.4us max=78.2us] esp[n=398 avg=3.1us max=16.6us] aimbot[n=398 avg=2.4us max=139.4us]
[14:48:21.627][tid=32932] profile tick (5000ms): tickTotal[n=397 avg=61.8us max=1002.0us] health[n=397 avg=38.1us max=978.0us] attitude[n=397 avg=18.5us max=203.5us] highlight[n=397 avg=1.9us max=67.5us] playerMods[n=397 avg=2.3us max=9.6us] visibility[n=397 avg=0.3us max=2.5us]
[14:48:21.627][tid=32932] profile tickdetail (5000ms): healthCollect[n=397 avg=4.2us max=258.7us] healthInvoke[n=397 avg=32.0us max=976.5us] attitudeCollect[n=397 avg=1.3us max=195.3us] attitudeInvoke[n=397 avg=4.2us max=23.7us] highlightCollect[n=397 avg=0.5us max=66.5us]
[14:48:22.120][tid=32932] phase1 lifetime summary: registerCallbacks=694 registered=688 registerTid=29076 registerChanges=662 registerOnMain=26 registerOffMain=668 mainTickCalls=41216 mainTickTid=32932 mainTickChanges=0 unregisterCalls=250 unregisterTid=33564 unregisterChanges=239 unregisterOnMain=6 unregisterOffMain=244 unregisterTracked=15 unregisterUntracked=235 unregisterTrackingUnknown=0 unregisterNoId=0 lastRegister=(000001DBAAF63120,0x896575) lastUnregister=(000001DBB162AE30,0x8960C6) unregisterHook=1 componentEntities=0 componentSkipped=0 componentSamples=0 layoutRejects=0 nullInstance=0 nullRefCount=0 truncated=0 attitudeAttempts=15654 attitudeSourceBlocked=0 attitudeAcquire=15654 attitudeExpiredInvalid=0 attitudeAgent=21736 attitudeUnknown=0 attitudeFailClosed=0
[14:48:22.629][tid=32932] attitude path: work=0 phase2Enabled=1
[14:48:22.629][tid=32932] visibility tick: threadId=32932 processed=0 queued=0 casts=188 visible=1 occluded=94 dropped=0
[14:48:22.676][tid=27332] ESP diagnostics: snapshots=24 categories[civilian=0 enemy=0 police=0 other=24] attitude[hostile=0 unknown=9 valid=15680 invalid=0] dead=11 categorized=0 categoryEnabled=0 projected=13 front=1 poseBounds=1 skeletonLines=0 depthRange=[1.42,1.42] maxDistance=300.0 distanceRejected=0 withinDistance=1 drawn=0 enabled=1 camera=1 health[valid=165928 invalid=58693 bars=1] nativeHighlight[queued=5 cleared=0 failures=0] visibility[on=1 available=1 occluded=0 unknown=0 casts=188 clear=1 blocked=94 dropped=0]
[14:48:23.687][tid=32932] no-recoil target: path=waiting-for-equipped-weapon playerId=0x1 weaponId=0x0 targetId=0x1 runtimeValidationRisk=0
[14:48:25.147][tid=32932] phase1 lifetime summary: registerCallbacks=694 registered=688 registerTid=29076 registerChanges=662 registerOnMain=26 registerOffMain=668 mainTickCalls=41472 mainTickTid=32932 mainTickChanges=0 unregisterCalls=251 unregisterTid=29008 unregisterChanges=240 unregisterOnMain=6 unregisterOffMain=245 unregisterTracked=15 unregisterUntracked=236 unregisterTrackingUnknown=0 unregisterNoId=0 lastRegister=(000001DBAAF63120,0x896575) lastUnregister=(000001DBB723A0A0,0x897214) unregisterHook=1 componentEntities=0 componentSkipped=0 componentSamples=0 layoutRejects=0 nullInstance=0 nullRefCount=0 truncated=0 attitudeAttempts=15810 attitudeSourceBlocked=0 attitudeAcquire=15810 attitudeExpiredInvalid=0 attitudeAgent=21969 attitudeUnknown=0 attitudeFailClosed=0
[14:48:25.624][tid=32932] attitude path: work=0 phase2Enabled=1
[14:48:25.624][tid=32932] visibility tick: threadId=32932 processed=0 queued=0 casts=188 visible=1 occluded=94 dropped=0
[14:48:25.670][tid=27332] ESP diagnostics: snapshots=24 categories[civilian=0 enemy=0 police=0 other=24] attitude[hostile=0 unknown=9 valid=15836 invalid=0] dead=11 categorized=0 categoryEnabled=0 projected=13 front=1 poseBounds=1 skeletonLines=0 depthRange=[1.42,1.42] maxDistance=300.0 distanceRejected=0 withinDistance=1 drawn=0 enabled=1 camera=1 health[valid=167446 invalid=59199 bars=1] nativeHighlight[queued=5 cleared=0 failures=0] visibility[on=1 available=1 occluded=0 unknown=0 casts=188 clear=1 blocked=94 dropped=0]
[14:48:26.629][tid=32932] profile present (5000ms): snapshot[n=422 avg=107.6us max=470.1us] snapLockWait[n=422 avg=0.1us max=0.5us] snapCount[n=422 avg=24.0 max=24] poseSlots[n=2544 avg=6.0us max=200.7us] esp[n=422 avg=2.9us max=37.0us] aimbot[n=422 avg=0.9us max=2.5us]
[14:48:26.629][tid=32932] profile tick (5000ms): tickTotal[n=422 avg=47.3us max=267.2us] health[n=422 avg=28.0us max=234.5us] attitude[n=422 avg=15.2us max=214.6us] highlight[n=422 avg=1.5us max=4.5us] playerMods[n=422 avg=1.9us max=14.8us] visibility[n=422 avg=0.3us max=3.4us]
[14:48:26.629][tid=32932] profile tickdetail (5000ms): healthCollect[n=422 avg=3.2us max=195.0us] healthInvoke[n=422 avg=24.1us max=111.5us] attitudeCollect[n=422 avg=1.0us max=205.4us] attitudeInvoke[n=422 avg=3.3us max=23.5us] highlightCollect[n=422 avg=0.3us max=0.8us]
[14:48:26.689][tid=32932] no-recoil target: path=waiting-for-equipped-weapon playerId=0x1 weaponId=0x0 targetId=0x1 runtimeValidationRisk=0
[14:48:28.172][tid=32932] phase1 lifetime summary: registerCallbacks=694 registered=688 registerTid=29076 registerChanges=662 registerOnMain=26 registerOffMain=668 mainTickCalls=41728 mainTickTid=32932 mainTickChanges=0 unregisterCalls=251 unregisterTid=29008 unregisterChanges=240 unregisterOnMain=6 unregisterOffMain=245 unregisterTracked=15 unregisterUntracked=236 unregisterTrackingUnknown=0 unregisterNoId=0 lastRegister=(000001DBAAF63120,0x896575) lastUnregister=(000001DBB723A0A0,0x897214) unregisterHook=1 componentEntities=0 componentSkipped=0 componentSamples=0 layoutRejects=0 nullInstance=0 nullRefCount=0 truncated=0 attitudeAttempts=15966 attitudeSourceBlocked=0 attitudeAcquire=15966 attitudeExpiredInvalid=0 attitudeAgent=22197 attitudeUnknown=0 attitudeFailClosed=0
[14:48:28.625][tid=32932] attitude path: work=0 phase2Enabled=1
[14:48:28.625][tid=32932] visibility tick: threadId=32932 processed=0 queued=0 casts=188 visible=1 occluded=94 dropped=0
[14:48:28.670][tid=33784] ESP diagnostics: snapshots=24 categories[civilian=0 enemy=0 police=0 other=24] attitude[hostile=0 unknown=9 valid=15992 invalid=0] dead=11 categorized=0 categoryEnabled=0 projected=13 front=1 poseBounds=1 skeletonLines=0 depthRange=[1.42,1.42] maxDistance=300.0 distanceRejected=0 withinDistance=1 drawn=0 enabled=1 camera=1 health[valid=168976 invalid=59709 bars=1] nativeHighlight[queued=5 cleared=0 failures=0] visibility[on=1 available=1 occluded=0 unknown=0 casts=188 clear=1 blocked=94 dropped=0]
[14:48:29.694][tid=32932] no-recoil target: path=waiting-for-equipped-weapon playerId=0x1 weaponId=0x0 targetId=0x1 runtimeValidationRisk=0
[14:48:31.170][tid=32932] phase1 lifetime summary: registerCallbacks=694 registered=688 registerTid=29076 registerChanges=662 registerOnMain=26 registerOffMain=668 mainTickCalls=41984 mainTickTid=32932 mainTickChanges=0 unregisterCalls=251 unregisterTid=29008 unregisterChanges=240 unregisterOnMain=6 unregisterOffMain=245 unregisterTracked=15 unregisterUntracked=236 unregisterTrackingUnknown=0 unregisterNoId=0 lastRegister=(000001DBAAF63120,0x896575) lastUnregister=(000001DBB723A0A0,0x897214) unregisterHook=1 componentEntities=0 componentSkipped=0 componentSamples=0 layoutRejects=0 nullInstance=0 nullRefCount=0 truncated=0 attitudeAttempts=16122 attitudeSourceBlocked=0 attitudeAcquire=16122 attitudeExpiredInvalid=0 attitudeAgent=22425 attitudeUnknown=0 attitudeFailClosed=0
[14:48:31.628][tid=32932] attitude path: work=0 phase2Enabled=1
[14:48:31.628][tid=32932] visibility tick: threadId=32932 processed=0 queued=0 casts=188 visible=1 occluded=94 dropped=0
[14:48:31.628][tid=32932] profile present (5000ms): snapshot[n=426 avg=107.3us max=536.0us] snapLockWait[n=426 avg=0.1us max=0.4us] snapCount[n=426 avg=24.0 max=24] poseSlots[n=2568 avg=6.0us max=129.4us] esp[n=426 avg=2.9us max=35.6us] aimbot[n=426 avg=1.1us max=43.6us]
[14:48:31.628][tid=32932] profile tick (5000ms): tickTotal[n=426 avg=50.1us max=1827.7us] health[n=426 avg=31.8us max=1786.5us] attitude[n=426 avg=14.2us max=84.3us] highlight[n=426 avg=1.6us max=79.4us] playerMods[n=426 avg=1.9us max=10.8us] visibility[n=426 avg=0.2us max=2.4us]
[14:48:31.628][tid=32932] profile tickdetail (5000ms): healthCollect[n=426 avg=2.6us max=198.6us] healthInvoke[n=426 avg=27.7us max=1785.1us] attitudeCollect[n=426 avg=0.4us max=1.2us] attitudeInvoke[n=426 avg=3.2us max=22.7us] highlightCollect[n=426 avg=0.3us max=1.0us]
[14:48:31.675][tid=27332] ESP diagnostics: snapshots=24 categories[civilian=0 enemy=0 police=0 other=24] attitude[hostile=0 unknown=9 valid=16148 invalid=0] dead=11 categorized=0 categoryEnabled=0 projected=13 front=1 poseBounds=1 skeletonLines=0 depthRange=[1.42,1.42] maxDistance=300.0 distanceRejected=0 withinDistance=1 drawn=0 enabled=1 camera=1 health[valid=170518 invalid=60223 bars=1] nativeHighlight[queued=5 cleared=0 failures=0] visibility[on=1 available=1 occluded=0 unknown=0 casts=188 clear=1 blocked=94 dropped=0]
[14:48:32.697][tid=32932] no-recoil target: path=waiting-for-equipped-weapon playerId=0x1 weaponId=0x0 targetId=0x1 runtimeValidationRisk=0
[14:48:34.494][tid=32932] phase1 lifetime summary: registerCallbacks=694 registered=688 registerTid=29076 registerChanges=662 registerOnMain=26 registerOffMain=668 mainTickCalls=42240 mainTickTid=32932 mainTickChanges=0 unregisterCalls=251 unregisterTid=29008 unregisterChanges=240 unregisterOnMain=6 unregisterOffMain=245 unregisterTracked=15 unregisterUntracked=236 unregisterTrackingUnknown=0 unregisterNoId=0 lastRegister=(000001DBAAF63120,0x896575) lastUnregister=(000001DBB723A0A0,0x897214) unregisterHook=1 componentEntities=0 componentSkipped=0 componentSamples=0 layoutRejects=0 nullInstance=0 nullRefCount=0 truncated=0 attitudeAttempts=16293 attitudeSourceBlocked=0 attitudeAcquire=16293 attitudeExpiredInvalid=0 attitudeAgent=22676 attitudeUnknown=0 attitudeFailClosed=0
[14:48:34.627][tid=32932] attitude path: work=0 phase2Enabled=1
[14:48:34.627][tid=32932] visibility tick: threadId=32932 processed=0 queued=0 casts=188 visible=1 occluded=94 dropped=0
[14:48:34.679][tid=3100] ESP diagnostics: snapshots=24 categories[civilian=0 enemy=0 police=0 other=24] attitude[hostile=0 unknown=9 valid=16304 invalid=0] dead=11 categorized=0 categoryEnabled=0 projected=13 front=1 poseBounds=1 skeletonLines=0 depthRange=[1.43,1.43] maxDistance=300.0 distanceRejected=0 withinDistance=1 drawn=0 enabled=1 camera=1 health[valid=171874 invalid=60675 bars=1] nativeHighlight[queued=5 cleared=0 failures=0] visibility[on=1 available=1 occluded=0 unknown=0 casts=188 clear=1 blocked=94 dropped=0]
[14:48:35.697][tid=32932] no-recoil target: path=waiting-for-equipped-weapon playerId=0x1 weaponId=0x0 targetId=0x1 runtimeValidationRisk=0
[14:48:36.634][tid=32932] profile present (5000ms): snapshot[n=669 avg=69.2us max=381.0us] snapLockWait[n=669 avg=0.1us max=3.1us] snapCount[n=669 avg=24.0 max=24] poseSlots[n=2544 avg=6.1us max=149.4us] esp[n=669 avg=2.5us max=27.9us] aimbot[n=669 avg=1.1us max=138.5us]
[14:48:36.634][tid=32932] profile tick (5000ms): tickTotal[n=374 avg=49.0us max=1479.8us] health[n=374 avg=29.4us max=1438.7us] attitude[n=374 avg=15.5us max=230.1us] highlight[n=374 avg=1.4us max=28.0us] playerMods[n=374 avg=2.0us max=20.3us] visibility[n=374 avg=0.3us max=2.3us]
[14:48:36.634][tid=32932] profile tickdetail (5000ms): healthCollect[n=374 avg=0.9us max=136.1us] healthInvoke[n=374 avg=27.5us max=1437.3us] attitudeCollect[n=374 avg=0.5us max=1.2us] attitudeInvoke[n=374 avg=3.9us max=47.4us] highlightCollect[n=374 avg=0.4us max=27.2us]
[14:48:37.627][tid=32932] attitude path: work=0 phase2Enabled=1
[14:48:37.627][tid=32932] visibility tick: threadId=32932 processed=0 queued=0 casts=188 visible=1 occluded=94 dropped=0
[14:48:37.677][tid=3100] ESP diagnostics: snapshots=24 categories[civilian=0 enemy=0 police=0 other=24] attitude[hostile=0 unknown=9 valid=16460 invalid=0] dead=11 categorized=0 categoryEnabled=0 projected=13 front=1 poseBounds=1 skeletonLines=0 depthRange=[1.43,1.43] maxDistance=300.0 distanceRejected=0 withinDistance=1 drawn=0 enabled=1 camera=1 health[valid=173193 invalid=61116 bars=1] nativeHighlight[queued=5 cleared=0 failures=0] visibility[on=1 available=1 occluded=0 unknown=0 casts=188 clear=1 blocked=94 dropped=0]
[14:48:37.975][tid=32932] phase1 lifetime summary: registerCallbacks=694 registered=688 registerTid=29076 registerChanges=662 registerOnMain=26 registerOffMain=668 mainTickCalls=42496 mainTickTid=32932 mainTickChanges=0 unregisterCalls=251 unregisterTid=29008 unregisterChanges=240 unregisterOnMain=6 unregisterOffMain=245 unregisterTracked=15 unregisterUntracked=236 unregisterTrackingUnknown=0 unregisterNoId=0 lastRegister=(000001DBAAF63120,0x896575) lastUnregister=(000001DBB723A0A0,0x897214) unregisterHook=1 componentEntities=0 componentSkipped=0 componentSamples=0 layoutRejects=0 nullInstance=0 nullRefCount=0 truncated=0 attitudeAttempts=16474 attitudeSourceBlocked=0 attitudeAcquire=16474 attitudeExpiredInvalid=0 attitudeAgent=22940 attitudeUnknown=0 attitudeFailClosed=0
[14:48:38.688][tid=32932] no-recoil target: path=waiting-for-equipped-weapon playerId=0x1 weaponId=0x0 targetId=0x1 runtimeValidationRisk=0
[14:48:40.632][tid=32932] attitude path: work=0 phase2Enabled=1
[14:48:40.632][tid=32932] visibility tick: threadId=32932 processed=0 queued=0 casts=188 visible=1 occluded=94 dropped=0
[14:48:40.669][tid=3100] ESP diagnostics: snapshots=24 categories[civilian=0 enemy=0 police=0 other=24] attitude[hostile=0 unknown=9 valid=16616 invalid=0] dead=11 categorized=0 categoryEnabled=0 projected=13 front=1 poseBounds=1 skeletonLines=0 depthRange=[1.39,1.39] maxDistance=300.0 distanceRejected=0 withinDistance=1 drawn=0 enabled=1 camera=1 health[valid=174525 invalid=61560 bars=1] nativeHighlight[queued=5 cleared=0 failures=0] visibility[on=1 available=1 occluded=0 unknown=0 casts=188 clear=1 blocked=94 dropped=0]
[14:48:41.479][tid=32932] phase1 lifetime summary: registerCallbacks=694 registered=688 registerTid=29076 registerChanges=662 registerOnMain=26 registerOffMain=668 mainTickCalls=42752 mainTickTid=32932 mainTickChanges=0 unregisterCalls=251 unregisterTid=29008 unregisterChanges=240 unregisterOnMain=6 unregisterOffMain=245 unregisterTracked=15 unregisterUntracked=236 unregisterTrackingUnknown=0 unregisterNoId=0 lastRegister=(000001DBAAF63120,0x896575) lastUnregister=(000001DBB723A0A0,0x897214) unregisterHook=1 componentEntities=0 componentSkipped=0 componentSamples=0 layoutRejects=0 nullInstance=0 nullRefCount=0 truncated=0 attitudeAttempts=16656 attitudeSourceBlocked=0 attitudeAcquire=16656 attitudeExpiredInvalid=0 attitudeAgent=23206 attitudeUnknown=0 attitudeFailClosed=0
[14:48:41.626][tid=32932] profile present (5000ms): snapshot[n=730 avg=60.1us max=223.9us] snapLockWait[n=730 avg=0.1us max=0.4us] snapCount[n=730 avg=24.0 max=24] poseSlots[n=2558 avg=5.7us max=21.0us] esp[n=730 avg=2.3us max=13.7us] aimbot[n=730 avg=0.7us max=4.9us]
[14:48:41.626][tid=32932] profile tick (5000ms): tickTotal[n=365 avg=44.3us max=198.0us] health[n=365 avg=25.5us max=184.8us] attitude[n=365 avg=15.2us max=93.8us] highlight[n=365 avg=1.1us max=4.1us] playerMods[n=365 avg=1.7us max=7.4us] visibility[n=365 avg=0.2us max=2.6us]
[14:48:41.626][tid=32932] profile tickdetail (5000ms): healthCollect[n=365 avg=0.5us max=57.4us] healthInvoke[n=365 avg=23.5us max=96.6us] attitudeCollect[n=365 avg=0.6us max=63.9us] attitudeInvoke[n=365 avg=4.1us max=56.3us] highlightCollect[n=365 avg=0.3us max=0.7us]
[14:48:41.696][tid=32932] no-recoil target: path=waiting-for-equipped-weapon playerId=0x1 weaponId=0x0 targetId=0x1 runtimeValidationRisk=0
[14:48:43.629][tid=32932] attitude path: work=0 phase2Enabled=1
[14:48:43.629][tid=32932] visibility tick: threadId=32932 processed=0 queued=0 casts=188 visible=1 occluded=94 dropped=0
[14:48:43.671][tid=3100] ESP diagnostics: snapshots=23 categories[civilian=0 enemy=0 police=0 other=23] attitude[hostile=0 unknown=9 valid=16767 invalid=0] dead=11 categorized=0 categoryEnabled=0 projected=12 front=0 poseBounds=0 skeletonLines=0 depthRange=[0.00,0.00] maxDistance=300.0 distanceRejected=0 withinDistance=0 drawn=0 enabled=1 camera=1 health[valid=175879 invalid=62022 bars=1] nativeHighlight[queued=5 cleared=0 failures=0] visibility[on=1 available=1 occluded=0 unknown=0 casts=188 clear=1 blocked=94 dropped=0]
[14:48:44.687][tid=32932] no-recoil target: path=waiting-for-equipped-weapon playerId=0x1 weaponId=0x0 targetId=0x1 runtimeValidationRisk=0
[14:48:44.699][tid=32932] phase1 lifetime summary: registerCallbacks=694 registered=688 registerTid=29076 registerChanges=662 registerOnMain=26 registerOffMain=668 mainTickCalls=43008 mainTickTid=32932 mainTickChanges=0 unregisterCalls=252 unregisterTid=27332 unregisterChanges=241 unregisterOnMain=6 unregisterOffMain=246 unregisterTracked=16 unregisterUntracked=236 unregisterTrackingUnknown=0 unregisterNoId=0 lastRegister=(000001DBAAF63120,0x896575) lastUnregister=(000001DBAAF63120,0x896575) unregisterHook=1 componentEntities=0 componentSkipped=0 componentSamples=0 layoutRejects=0 nullInstance=0 nullRefCount=0 truncated=0 attitudeAttempts=16816 attitudeSourceBlocked=0 attitudeAcquire=16816 attitudeExpiredInvalid=0 attitudeAgent=23435 attitudeUnknown=0 attitudeFailClosed=0
[14:48:46.630][tid=32932] attitude path: work=0 phase2Enabled=1
[14:48:46.630][tid=32932] visibility tick: threadId=32932 processed=0 queued=0 casts=188 visible=1 occluded=94 dropped=0
[14:48:46.630][tid=32932] profile present (5000ms): snapshot[n=812 avg=57.0us max=280.7us] snapLockWait[n=812 avg=0.1us max=0.6us] snapCount[n=812 avg=23.2 max=24] poseSlots[n=2455 avg=5.8us max=15.2us] esp[n=812 avg=2.4us max=17.7us] aimbot[n=812 avg=0.6us max=1.8us]
[14:48:46.630][tid=32932] profile tick (5000ms): tickTotal[n=407 avg=44.3us max=210.2us] health[n=407 avg=26.7us max=198.7us] attitude[n=407 avg=13.8us max=45.5us] highlight[n=407 avg=1.4us max=4.4us] playerMods[n=407 avg=1.8us max=10.1us] visibility[n=407 avg=0.3us max=3.0us]
[14:48:46.630][tid=32932] profile tickdetail (5000ms): healthCollect[n=407 avg=2.5us max=186.9us] healthInvoke[n=407 avg=23.3us max=76.0us] attitudeCollect[n=407 avg=0.7us max=29.0us] attitudeInvoke[n=407 avg=3.0us max=20.0us] highlightCollect[n=407 avg=0.3us max=0.8us]
[14:48:46.680][tid=3100] ESP diagnostics: snapshots=23 categories[civilian=0 enemy=0 police=0 other=23] attitude[hostile=0 unknown=9 valid=16911 invalid=0] dead=11 categorized=0 categoryEnabled=0 projected=11 front=6 poseBounds=6 skeletonLines=0 depthRange=[425.97,696.32] maxDistance=300.0 distanceRejected=6 withinDistance=0 drawn=0 enabled=1 camera=1 health[valid=177364 invalid=62545 bars=1] nativeHighlight[queued=5 cleared=0 failures=0] visibility[on=1 available=1 occluded=0 unknown=0 casts=188 clear=1 blocked=94 dropped=0]
[14:48:47.687][tid=32932] no-recoil target: path=waiting-for-equipped-weapon playerId=0x1 weaponId=0x0 targetId=0x1 runtimeValidationRisk=0
[14:48:47.774][tid=32932] phase1 lifetime summary: registerCallbacks=694 registered=688 registerTid=29076 registerChanges=662 registerOnMain=26 registerOffMain=668 mainTickCalls=43264 mainTickTid=32932 mainTickChanges=0 unregisterCalls=252 unregisterTid=27332 unregisterChanges=241 unregisterOnMain=6 unregisterOffMain=246 unregisterTracked=16 unregisterUntracked=236 unregisterTrackingUnknown=0 unregisterNoId=0 lastRegister=(000001DBAAF63120,0x896575) lastUnregister=(000001DBAAF63120,0x896575) unregisterHook=1 componentEntities=0 componentSkipped=0 componentSamples=0 layoutRejects=0 nullInstance=0 nullRefCount=0 truncated=0 attitudeAttempts=16961 attitudeSourceBlocked=0 attitudeAcquire=16961 attitudeExpiredInvalid=0 attitudeAgent=23641 attitudeUnknown=0 attitudeFailClosed=0
[14:48:49.628][tid=32932] attitude path: work=0 phase2Enabled=1
[14:48:49.628][tid=32932] visibility tick: threadId=32932 processed=0 queued=0 casts=188 visible=1 occluded=94 dropped=0
[14:48:49.670][tid=3100] ESP diagnostics: snapshots=23 categories[civilian=0 enemy=0 police=0 other=23] attitude[hostile=0 unknown=9 valid=17055 invalid=0] dead=11 categorized=0 categoryEnabled=0 projected=2 front=1 poseBounds=1 skeletonLines=0 depthRange=[1.11,1.11] maxDistance=300.0 distanceRejected=0 withinDistance=1 drawn=0 enabled=1 camera=1 health[valid=178782 invalid=63047 bars=1] nativeHighlight[queued=5 cleared=0 failures=0] visibility[on=1 available=1 occluded=0 unknown=0 casts=188 clear=1 blocked=94 dropped=0]
[14:48:50.695][tid=32932] no-recoil target: path=waiting-for-equipped-weapon playerId=0x1 weaponId=0x0 targetId=0x1 runtimeValidationRisk=0
[14:48:50.978][tid=32932] phase1 lifetime summary: registerCallbacks=694 registered=688 registerTid=29076 registerChanges=662 registerOnMain=26 registerOffMain=668 mainTickCalls=43520 mainTickTid=32932 mainTickChanges=0 unregisterCalls=252 unregisterTid=27332 unregisterChanges=241 unregisterOnMain=6 unregisterOffMain=246 unregisterTracked=16 unregisterUntracked=236 unregisterTrackingUnknown=0 unregisterNoId=0 lastRegister=(000001DBAAF63120,0x896575) lastUnregister=(000001DBAAF63120,0x896575) unregisterHook=1 componentEntities=0 componentSkipped=0 componentSamples=0 layoutRejects=0 nullInstance=0 nullRefCount=0 truncated=0 attitudeAttempts=17116 attitudeSourceBlocked=0 attitudeAcquire=17116 attitudeExpiredInvalid=0 attitudeAgent=23860 attitudeUnknown=0 attitudeFailClosed=0
[14:48:51.623][tid=32932] profile present (5000ms): snapshot[n=808 avg=61.2us max=340.1us] snapLockWait[n=808 avg=0.1us max=0.3us] snapCount[n=808 avg=23.0 max=23] poseSlots[n=2438 avg=6.3us max=21.4us] esp[n=808 avg=3.2us max=17.4us] aimbot[n=808 avg=0.6us max=2.4us]
[14:48:51.623][tid=32932] profile tick (5000ms): tickTotal[n=404 avg=44.5us max=213.9us] health[n=404 avg=25.4us max=192.3us] attitude[n=404 avg=14.7us max=56.6us] highlight[n=404 avg=1.8us max=45.3us] playerMods[n=404 avg=1.9us max=7.2us] visibility[n=404 avg=0.3us max=2.3us]
[14:48:51.623][tid=32932] profile tickdetail (5000ms): healthCollect[n=404 avg=1.3us max=132.2us] healthInvoke[n=404 avg=23.2us max=78.5us] attitudeCollect[n=404 avg=0.6us max=46.9us] attitudeInvoke[n=404 avg=3.2us max=24.5us] highlightCollect[n=404 avg=0.5us max=44.3us]
[14:48:52.623][tid=32932] attitude path: work=0 phase2Enabled=1
[14:48:52.623][tid=32932] visibility tick: threadId=32932 processed=0 queued=0 casts=188 visible=1 occluded=94 dropped=0
[14:48:52.671][tid=3100] ESP diagnostics: snapshots=23 categories[civilian=0 enemy=0 police=0 other=23] attitude[hostile=0 unknown=9 valid=17199 invalid=0] dead=11 categorized=0 categoryEnabled=0 projected=4 front=4 poseBounds=4 skeletonLines=0 depthRange=[16.56,688.40] maxDistance=300.0 distanceRejected=1 withinDistance=3 drawn=0 enabled=1 camera=1 health[valid=180244 invalid=63561 bars=1] nativeHighlight[queued=5 cleared=0 failures=0] visibility[on=1 available=1 occluded=0 unknown=0 casts=188 clear=1 blocked=94 dropped=0]
[14:48:53.691][tid=32932] no-recoil target: path=waiting-for-equipped-weapon playerId=0x1 weaponId=0x0 targetId=0x1 runtimeValidationRisk=0
[14:48:54.106][tid=32932] phase1 lifetime summary: registerCallbacks=694 registered=688 registerTid=29076 registerChanges=662 registerOnMain=26 registerOffMain=668 mainTickCalls=43776 mainTickTid=32932 mainTickChanges=0 unregisterCalls=252 unregisterTid=27332 unregisterChanges=241 unregisterOnMain=6 unregisterOffMain=246 unregisterTracked=16 unregisterUntracked=236 unregisterTrackingUnknown=0 unregisterNoId=0 lastRegister=(000001DBAAF63120,0x896575) lastUnregister=(000001DBAAF63120,0x896575) unregisterHook=1 componentEntities=0 componentSkipped=0 componentSamples=0 layoutRejects=0 nullInstance=0 nullRefCount=0 truncated=0 attitudeAttempts=17269 attitudeSourceBlocked=0 attitudeAcquire=17269 attitudeExpiredInvalid=0 attitudeAgent=24076 attitudeUnknown=0 attitudeFailClosed=0
[14:48:55.628][tid=32932] attitude path: work=0 phase2Enabled=1
[14:48:55.628][tid=32932] visibility tick: threadId=32932 processed=0 queued=0 casts=188 visible=1 occluded=94 dropped=0
[14:48:55.677][tid=3100] ESP diagnostics: snapshots=23 categories[civilian=0 enemy=0 police=0 other=23] attitude[hostile=0 unknown=9 valid=17343 invalid=0] dead=11 categorized=0 categoryEnabled=0 projected=12 front=3 poseBounds=3 skeletonLines=0 depthRange=[1.78,2.71] maxDistance=300.0 distanceRejected=0 withinDistance=3 drawn=0 enabled=1 camera=1 health[valid=181704 invalid=64077 bars=1] nativeHighlight[queued=5 cleared=0 failures=0] visibility[on=1 available=1 occluded=0 unknown=0 casts=188 clear=1 blocked=94 dropped=0]
[14:48:56.632][tid=32932] profile present (5000ms): snapshot[n=820 avg=59.9us max=564.7us] snapLockWait[n=820 avg=0.1us max=0.5us] snapCount[n=820 avg=23.0 max=23] poseSlots[n=2438 avg=6.2us max=201.0us] esp[n=820 avg=3.1us max=16.6us] aimbot[n=820 avg=0.6us max=16.7us]
[14:48:56.632][tid=32932] profile tick (5000ms): tickTotal[n=411 avg=45.4us max=212.5us] health[n=411 avg=26.4us max=193.7us] attitude[n=411 avg=14.5us max=88.3us] highlight[n=411 avg=1.6us max=27.0us] playerMods[n=411 avg=2.1us max=105.7us] visibility[n=411 avg=0.3us max=2.7us]
[14:48:56.632][tid=32932] profile tickdetail (5000ms): healthCollect[n=411 avg=1.1us max=151.2us] healthInvoke[n=411 avg=24.0us max=106.6us] attitudeCollect[n=411 avg=0.8us max=75.5us] attitudeInvoke[n=411 avg=3.2us max=65.2us] highlightCollect[n=411 avg=0.4us max=26.1us]
[14:48:56.687][tid=32932] no-recoil target: path=waiting-for-equipped-weapon playerId=0x1 weaponId=0x0 targetId=0x1 runtimeValidationRisk=0
[14:48:57.598][tid=32932] phase1 lifetime summary: registerCallbacks=695 registered=689 registerTid=26900 registerChanges=663 registerOnMain=26 registerOffMain=669 mainTickCalls=44160 mainTickTid=32932 mainTickChanges=0 unregisterCalls=252 unregisterTid=27332 unregisterChanges=241 unregisterOnMain=6 unregisterOffMain=246 unregisterTracked=16 unregisterUntracked=236 unregisterTrackingUnknown=0 unregisterNoId=0 lastRegister=(000001DBB36F8110,0xD9B66A75BF689770) lastUnregister=(000001DBAAF63120,0x896575) unregisterHook=1 componentEntities=0 componentSkipped=0 componentSamples=0 layoutRejects=0 nullInstance=0 nullRefCount=0 truncated=0 attitudeAttempts=17437 attitudeSourceBlocked=0 attitudeAcquire=17437 attitudeExpiredInvalid=0 attitudeAgent=24314 attitudeUnknown=0 attitudeFailClosed=0
[14:48:58.627][tid=32932] attitude path: work=2 phase2Enabled=1
[14:48:58.627][tid=32932] visibility tick: threadId=32932 processed=0 queued=0 casts=188 visible=1 occluded=94 dropped=0
[14:48:58.677][tid=31528] ESP diagnostics: snapshots=23 categories[civilian=0 enemy=0 police=0 other=23] attitude[hostile=0 unknown=9 valid=17487 invalid=0] dead=11 categorized=0 categoryEnabled=0 projected=12 front=3 poseBounds=3 skeletonLines=0 depthRange=[10.00,11.28] maxDistance=300.0 distanceRejected=0 withinDistance=3 drawn=0 enabled=1 camera=1 health[valid=184424 invalid=65037 bars=1] nativeHighlight[queued=5 cleared=0 failures=0] visibility[on=1 available=1 occluded=0 unknown=0 casts=188 clear=1 blocked=94 dropped=0]
[14:48:59.687][tid=32932] no-recoil target: path=waiting-for-equipped-weapon playerId=0x1 weaponId=0x0 targetId=0x1 runtimeValidationRisk=0
[14:49:01.052][tid=32932] phase1 lifetime summary: registerCallbacks=695 registered=689 registerTid=26900 registerChanges=663 registerOnMain=26 registerOffMain=669 mainTickCalls=44800 mainTickTid=32932 mainTickChanges=0 unregisterCalls=252 unregisterTid=27332 unregisterChanges=241 unregisterOnMain=6 unregisterOffMain=246 unregisterTracked=16 unregisterUntracked=236 unregisterTrackingUnknown=0 unregisterNoId=0 lastRegister=(000001DBB36F8110,0xD9B66A75BF689770) lastUnregister=(000001DBAAF63120,0x896575) unregisterHook=1 componentEntities=0 componentSkipped=0 componentSamples=0 layoutRejects=0 nullInstance=0 nullRefCount=0 truncated=0 attitudeAttempts=17601 attitudeSourceBlocked=0 attitudeAcquire=17601 attitudeExpiredInvalid=0 attitudeAgent=24547 attitudeUnknown=0 attitudeFailClosed=0
[14:49:01.625][tid=32932] attitude path: work=2 phase2Enabled=1
[14:49:01.625][tid=32932] visibility tick: threadId=32932 processed=0 queued=0 casts=188 visible=1 occluded=94 dropped=0
[14:49:01.625][tid=32932] profile present (5000ms): snapshot[n=926 avg=51.2us max=302.6us] snapLockWait[n=926 avg=0.1us max=0.4us] snapCount[n=926 avg=23.0 max=23] poseSlots[n=2461 avg=5.6us max=53.5us] esp[n=926 avg=2.4us max=13.3us] aimbot[n=926 avg=0.7us max=21.2us]
[14:49:01.625][tid=32932] profile tick (5000ms): tickTotal[n=923 avg=30.8us max=164.6us] health[n=923 avg=18.9us max=66.4us] attitude[n=923 avg=8.8us max=151.3us] highlight[n=923 avg=1.2us max=4.1us] playerMods[n=923 avg=1.5us max=8.1us] visibility[n=923 avg=0.2us max=2.5us]
[14:49:01.625][tid=32932] profile tickdetail (5000ms): healthCollect[n=923 avg=0.2us max=0.7us] healthInvoke[n=923 avg=18.1us max=64.6us] attitudeCollect[n=923 avg=0.4us max=0.9us] attitudeInvoke[n=923 avg=1.3us max=26.2us] highlightCollect[n=923 avg=0.3us max=0.7us]
[14:49:01.669][tid=28432] ESP diagnostics: snapshots=23 categories[civilian=0 enemy=0 police=0 other=23] attitude[hostile=0 unknown=9 valid=17631 invalid=0] dead=11 categorized=0 categoryEnabled=0 projected=12 front=3 poseBounds=3 skeletonLines=0 depthRange=[10.01,11.28] maxDistance=300.0 distanceRejected=0 withinDistance=3 drawn=0 enabled=1 camera=1 health[valid=187664 invalid=66181 bars=1] nativeHighlight[queued=5 cleared=0 failures=0] visibility[on=1 available=1 occluded=0 unknown=0 casts=188 clear=1 blocked=94 dropped=0]
[14:49:02.693][tid=32932] no-recoil target: path=waiting-for-equipped-weapon playerId=0x1 weaponId=0x0 targetId=0x1 runtimeValidationRisk=0
[14:49:04.391][tid=32932] phase1 lifetime summary: registerCallbacks=695 registered=689 registerTid=26900 registerChanges=663 registerOnMain=26 registerOffMain=669 mainTickCalls=45440 mainTickTid=32932 mainTickChanges=0 unregisterCalls=252 unregisterTid=27332 unregisterChanges=241 unregisterOnMain=6 unregisterOffMain=246 unregisterTracked=16 unregisterUntracked=236 unregisterTrackingUnknown=0 unregisterNoId=0 lastRegister=(000001DBB36F8110,0xD9B66A75BF689770) lastUnregister=(000001DBAAF63120,0x896575) unregisterHook=1 componentEntities=0 componentSkipped=0 componentSamples=0 layoutRejects=0 nullInstance=0 nullRefCount=0 truncated=0 attitudeAttempts=17763 attitudeSourceBlocked=0 attitudeAcquire=17763 attitudeExpiredInvalid=0 attitudeAgent=24776 attitudeUnknown=0 attitudeFailClosed=0
[14:49:04.627][tid=32932] attitude path: work=2 phase2Enabled=1
[14:49:04.627][tid=32932] visibility tick: threadId=32932 processed=0 queued=0 casts=188 visible=1 occluded=94 dropped=0
[14:49:04.672][tid=29076] ESP diagnostics: snapshots=23 categories[civilian=0 enemy=0 police=0 other=23] attitude[hostile=0 unknown=9 valid=17775 invalid=0] dead=11 categorized=0 categoryEnabled=0 projected=12 front=3 poseBounds=3 skeletonLines=0 depthRange=[10.00,11.28] maxDistance=300.0 distanceRejected=0 withinDistance=3 drawn=0 enabled=1 camera=1 health[valid=191118 invalid=67399 bars=1] nativeHighlight[queued=5 cleared=0 failures=0] visibility[on=1 available=1 occluded=0 unknown=0 casts=188 clear=1 blocked=94 dropped=0]
[14:49:05.685][tid=32932] no-recoil target: path=waiting-for-equipped-weapon playerId=0x1 weaponId=0x0 targetId=0x1 runtimeValidationRisk=0
[14:49:06.622][tid=32932] profile present (5000ms): snapshot[n=948 avg=49.4us max=236.3us] snapLockWait[n=948 avg=0.1us max=0.1us] snapCount[n=948 avg=23.0 max=23] poseSlots[n=2438 avg=5.6us max=17.6us] esp[n=948 avg=2.4us max=12.8us] aimbot[n=948 avg=0.6us max=3.7us]
[14:49:06.622][tid=32932] profile tick (5000ms): tickTotal[n=948 avg=29.8us max=134.8us] health[n=948 avg=18.2us max=125.7us] attitude[n=948 avg=8.6us max=87.0us] highlight[n=948 avg=1.3us max=4.5us] playerMods[n=948 avg=1.4us max=8.3us] visibility[n=948 avg=0.2us max=4.2us]
[14:49:06.622][tid=32932] profile tickdetail (5000ms): healthCollect[n=948 avg=0.2us max=0.9us] healthInvoke[n=948 avg=17.5us max=124.6us] attitudeCollect[n=948 avg=0.4us max=1.0us] attitudeInvoke[n=948 avg=1.3us max=38.4us] highlightCollect[n=948 avg=0.3us max=0.9us]
[14:49:07.624][tid=32932] attitude path: work=2 phase2Enabled=1
[14:49:07.624][tid=32932] visibility tick: threadId=32932 processed=0 queued=0 casts=188 visible=1 occluded=94 dropped=0
[14:49:07.672][tid=26900] ESP diagnostics: snapshots=23 categories[civilian=0 enemy=0 police=0 other=23] attitude[hostile=0 unknown=9 valid=17919 invalid=0] dead=11 categorized=0 categoryEnabled=0 projected=12 front=3 poseBounds=3 skeletonLines=0 depthRange=[10.00,11.28] maxDistance=300.0 distanceRejected=0 withinDistance=3 drawn=0 enabled=1 camera=1 health[valid=194541 invalid=68608 bars=1] nativeHighlight[queued=5 cleared=0 failures=0] visibility[on=1 available=1 occluded=0 unknown=0 casts=188 clear=1 blocked=94 dropped=0]
[14:49:07.679][tid=32932] phase1 lifetime summary: registerCallbacks=695 registered=689 registerTid=26900 registerChanges=663 registerOnMain=26 registerOffMain=669 mainTickCalls=46080 mainTickTid=32932 mainTickChanges=0 unregisterCalls=252 unregisterTid=27332 unregisterChanges=241 unregisterOnMain=6 unregisterOffMain=246 unregisterTracked=16 unregisterUntracked=236 unregisterTrackingUnknown=0 unregisterNoId=0 lastRegister=(000001DBB36F8110,0xD9B66A75BF689770) lastUnregister=(000001DBAAF63120,0x896575) unregisterHook=1 componentEntities=0 componentSkipped=0 componentSamples=0 layoutRejects=0 nullInstance=0 nullRefCount=0 truncated=0 attitudeAttempts=17919 attitudeSourceBlocked=0 attitudeAcquire=17919 attitudeExpiredInvalid=0 attitudeAgent=24997 attitudeUnknown=0 attitudeFailClosed=0
[14:49:08.688][tid=32932] no-recoil target: path=waiting-for-equipped-weapon playerId=0x1 weaponId=0x0 targetId=0x1 runtimeValidationRisk=0
[14:49:10.624][tid=32932] attitude path: work=2 phase2Enabled=1
[14:49:10.624][tid=32932] visibility tick: threadId=32932 processed=0 queued=0 casts=188 visible=1 occluded=94 dropped=0
[14:49:10.669][tid=23524] ESP diagnostics: snapshots=23 categories[civilian=0 enemy=0 police=0 other=23] attitude[hostile=0 unknown=9 valid=18063 invalid=0] dead=11 categorized=0 categoryEnabled=0 projected=12 front=3 poseBounds=3 skeletonLines=0 depthRange=[10.00,11.28] maxDistance=300.0 distanceRejected=0 withinDistance=3 drawn=0 enabled=1 camera=1 health[valid=198054 invalid=69847 bars=1] nativeHighlight[queued=5 cleared=0 failures=0] visibility[on=1 available=1 occluded=0 unknown=0 casts=188 clear=1 blocked=94 dropped=0]
[14:49:10.921][tid=32932] phase1 lifetime summary: registerCallbacks=695 registered=689 registerTid=26900 registerChanges=663 registerOnMain=26 registerOffMain=669 mainTickCalls=46720 mainTickTid=32932 mainTickChanges=0 unregisterCalls=252 unregisterTid=27332 unregisterChanges=241 unregisterOnMain=6 unregisterOffMain=246 unregisterTracked=16 unregisterUntracked=236 unregisterTrackingUnknown=0 unregisterNoId=0 lastRegister=(000001DBB36F8110,0xD9B66A75BF689770) lastUnregister=(000001DBAAF63120,0x896575) unregisterHook=1 componentEntities=0 componentSkipped=0 componentSamples=0 layoutRejects=0 nullInstance=0 nullRefCount=0 truncated=0 attitudeAttempts=18075 attitudeSourceBlocked=0 attitudeAcquire=18075 attitudeExpiredInvalid=0 attitudeAgent=25218 attitudeUnknown=0 attitudeFailClosed=0
[14:49:11.626][tid=32932] profile present (5000ms): snapshot[n=989 avg=49.3us max=253.7us] snapLockWait[n=989 avg=0.1us max=6.3us] snapCount[n=989 avg=23.0 max=23] poseSlots[n=2461 avg=5.7us max=24.8us] esp[n=989 avg=2.4us max=15.1us] aimbot[n=989 avg=0.6us max=1.0us]
[14:49:11.626][tid=32932] profile tick (5000ms): tickTotal[n=989 avg=30.7us max=723.5us] health[n=989 avg=19.1us max=714.7us] attitude[n=989 avg=8.5us max=42.9us] highlight[n=989 avg=1.3us max=4.2us] playerMods[n=989 avg=1.4us max=8.2us] visibility[n=989 avg=0.2us max=4.4us]
[14:49:11.626][tid=32932] profile tickdetail (5000ms): healthCollect[n=989 avg=0.2us max=0.5us] healthInvoke[n=989 avg=18.4us max=714.0us] attitudeCollect[n=989 avg=0.4us max=5.7us] attitudeInvoke[n=989 avg=1.3us max=27.3us] highlightCollect[n=989 avg=0.3us max=0.7us]
[14:49:11.685][tid=32932] no-recoil target: path=waiting-for-equipped-weapon playerId=0x1 weaponId=0x0 targetId=0x1 runtimeValidationRisk=0
[14:49:13.624][tid=32932] attitude path: work=2 phase2Enabled=1
[14:49:13.624][tid=32932] visibility tick: threadId=32932 processed=0 queued=0 casts=188 visible=1 occluded=94 dropped=0
[14:49:13.670][tid=33784] ESP diagnostics: snapshots=23 categories[civilian=0 enemy=0 police=0 other=23] attitude[hostile=0 unknown=9 valid=18207 invalid=0] dead=11 categorized=0 categoryEnabled=0 projected=12 front=3 poseBounds=3 skeletonLines=0 depthRange=[10.01,11.28] maxDistance=300.0 distanceRejected=0 withinDistance=3 drawn=0 enabled=1 camera=1 health[valid=201252 invalid=70977 bars=1] nativeHighlight[queued=5 cleared=0 failures=0] visibility[on=1 available=1 occluded=0 unknown=0 casts=188 clear=1 blocked=94 dropped=0]
[14:49:14.470][tid=32932] phase1 lifetime summary: registerCallbacks=695 registered=689 registerTid=26900 registerChanges=663 registerOnMain=26 registerOffMain=669 mainTickCalls=47360 mainTickTid=32932 mainTickChanges=0 unregisterCalls=252 unregisterTid=27332 unregisterChanges=241 unregisterOnMain=6 unregisterOffMain=246 unregisterTracked=16 unregisterUntracked=236 unregisterTrackingUnknown=0 unregisterNoId=0 lastRegister=(000001DBB36F8110,0xD9B66A75BF689770) lastUnregister=(000001DBAAF63120,0x896575) unregisterHook=1 componentEntities=0 componentSkipped=0 componentSamples=0 layoutRejects=0 nullInstance=0 nullRefCount=0 truncated=0 attitudeAttempts=18243 attitudeSourceBlocked=0 attitudeAcquire=18243 attitudeExpiredInvalid=0 attitudeAgent=25456 attitudeUnknown=0 attitudeFailClosed=0
[14:49:14.686][tid=32932] no-recoil target: path=waiting-for-equipped-weapon playerId=0x1 weaponId=0x0 targetId=0x1 runtimeValidationRisk=0
[14:49:16.624][tid=32932] attitude path: work=2 phase2Enabled=1
[14:49:16.624][tid=32932] visibility tick: threadId=32932 processed=0 queued=0 casts=188 visible=1 occluded=94 dropped=0
[14:49:16.624][tid=32932] profile present (5000ms): snapshot[n=929 avg=51.5us max=303.8us] snapLockWait[n=929 avg=0.1us max=0.2us] snapCount[n=929 avg=23.0 max=23] poseSlots[n=2438 avg=5.9us max=99.2us] esp[n=929 avg=2.4us max=12.7us] aimbot[n=929 avg=0.6us max=1.4us]
[14:49:16.624][tid=32932] profile tick (5000ms): tickTotal[n=929 avg=31.2us max=442.7us] health[n=929 avg=19.5us max=433.3us] attitude[n=929 avg=8.5us max=39.7us] highlight[n=929 avg=1.3us max=7.7us] playerMods[n=929 avg=1.4us max=9.5us] visibility[n=929 avg=0.2us max=2.9us]
[14:49:16.624][tid=32932] profile tickdetail (5000ms): healthCollect[n=929 avg=0.2us max=0.7us] healthInvoke[n=929 avg=18.8us max=432.3us] attitudeCollect[n=929 avg=0.4us max=3.6us] attitudeInvoke[n=929 avg=1.3us max=27.1us] highlightCollect[n=929 avg=0.3us max=6.4us]
[14:49:16.671][tid=27332] ESP diagnostics: snapshots=23 categories[civilian=0 enemy=0 police=0 other=23] attitude[hostile=0 unknown=9 valid=18351 invalid=0] dead=11 categorized=0 categoryEnabled=0 projected=12 front=3 poseBounds=3 skeletonLines=0 depthRange=[10.00,11.28] maxDistance=300.0 distanceRejected=0 withinDistance=3 drawn=0 enabled=1 camera=1 health[valid=204611 invalid=72162 bars=1] nativeHighlight[queued=5 cleared=0 failures=0] visibility[on=1 available=1 occluded=0 unknown=0 casts=188 clear=1 blocked=94 dropped=0]
[14:49:17.699][tid=32932] no-recoil target: path=waiting-for-equipped-weapon playerId=0x1 weaponId=0x0 targetId=0x1 runtimeValidationRisk=0
[14:49:17.817][tid=32932] phase1 lifetime summary: registerCallbacks=695 registered=689 registerTid=26900 registerChanges=663 registerOnMain=26 registerOffMain=669 mainTickCalls=48000 mainTickTid=32932 mainTickChanges=0 unregisterCalls=252 unregisterTid=27332 unregisterChanges=241 unregisterOnMain=6 unregisterOffMain=246 unregisterTracked=16 unregisterUntracked=236 unregisterTrackingUnknown=0 unregisterNoId=0 lastRegister=(000001DBB36F8110,0xD9B66A75BF689770) lastUnregister=(000001DBAAF63120,0x896575) unregisterHook=1 componentEntities=0 componentSkipped=0 componentSamples=0 layoutRejects=0 nullInstance=0 nullRefCount=0 truncated=0 attitudeAttempts=18405 attitudeSourceBlocked=0 attitudeAcquire=18405 attitudeExpiredInvalid=0 attitudeAgent=25686 attitudeUnknown=0 attitudeFailClosed=0
[14:49:19.623][tid=32932] attitude path: work=2 phase2Enabled=1
[14:49:19.623][tid=32932] visibility tick: threadId=32932 processed=0 queued=0 casts=188 visible=1 occluded=94 dropped=0
[14:49:19.671][tid=23524] ESP diagnostics: snapshots=23 categories[civilian=0 enemy=0 police=0 other=23] attitude[hostile=0 unknown=9 valid=18495 invalid=0] dead=11 categorized=0 categoryEnabled=0 projected=12 front=3 poseBounds=3 skeletonLines=0 depthRange=[10.00,11.28] maxDistance=300.0 distanceRejected=0 withinDistance=3 drawn=0 enabled=1 camera=1 health[valid=208011 invalid=73362 bars=1] nativeHighlight[queued=5 cleared=0 failures=0] visibility[on=1 available=1 occluded=0 unknown=0 casts=188 clear=1 blocked=94 dropped=0]
[14:49:20.686][tid=32932] no-recoil target: path=waiting-for-equipped-weapon playerId=0x1 weaponId=0x0 targetId=0x1 runtimeValidationRisk=0
[14:49:21.084][tid=32932] phase1 lifetime summary: registerCallbacks=695 registered=689 registerTid=26900 registerChanges=663 registerOnMain=26 registerOffMain=669 mainTickCalls=48640 mainTickTid=32932 mainTickChanges=0 unregisterCalls=252 unregisterTid=27332 unregisterChanges=241 unregisterOnMain=6 unregisterOffMain=246 unregisterTracked=16 unregisterUntracked=236 unregisterTrackingUnknown=0 unregisterNoId=0 lastRegister=(000001DBB36F8110,0xD9B66A75BF689770) lastUnregister=(000001DBAAF63120,0x896575) unregisterHook=1 componentEntities=0 componentSkipped=0 componentSamples=0 layoutRejects=0 nullInstance=0 nullRefCount=0 truncated=0 attitudeAttempts=18565 attitudeSourceBlocked=0 attitudeAcquire=18565 attitudeExpiredInvalid=0 attitudeAgent=25912 attitudeUnknown=0 attitudeFailClosed=0
[14:49:21.624][tid=32932] profile present (5000ms): snapshot[n=962 avg=49.8us max=332.5us] snapLockWait[n=962 avg=0.1us max=0.2us] snapCount[n=962 avg=23.0 max=23] poseSlots[n=2461 avg=5.7us max=75.7us] esp[n=962 avg=2.4us max=14.4us] aimbot[n=962 avg=0.6us max=1.0us]
[14:49:21.624][tid=32932] profile tick (5000ms): tickTotal[n=962 avg=30.3us max=84.5us] health[n=962 avg=18.4us max=64.1us] attitude[n=962 avg=8.7us max=52.1us] highlight[n=962 avg=1.3us max=10.9us] playerMods[n=962 avg=1.4us max=12.0us] visibility[n=962 avg=0.2us max=3.1us]
[14:49:21.624][tid=32932] profile tickdetail (5000ms): healthCollect[n=962 avg=0.2us max=2.2us] healthInvoke[n=962 avg=17.7us max=63.2us] attitudeCollect[n=962 avg=0.5us max=12.1us] attitudeInvoke[n=962 avg=1.4us max=25.8us] highlightCollect[n=962 avg=0.3us max=6.0us]
[14:49:22.624][tid=32932] attitude path: work=2 phase2Enabled=1
[14:49:22.624][tid=32932] visibility tick: threadId=32932 processed=0 queued=0 casts=188 visible=1 occluded=94 dropped=0
[14:49:22.671][tid=33784] ESP diagnostics: snapshots=23 categories[civilian=0 enemy=0 police=0 other=23] attitude[hostile=0 unknown=9 valid=18639 invalid=0] dead=11 categorized=0 categoryEnabled=0 projected=12 front=3 poseBounds=3 skeletonLines=0 depthRange=[10.00,11.28] maxDistance=300.0 distanceRejected=0 withinDistance=3 drawn=0 enabled=1 camera=1 health[valid=211524 invalid=74601 bars=1] nativeHighlight[queued=5 cleared=0 failures=0] visibility[on=1 available=1 occluded=0 unknown=0 casts=188 clear=1 blocked=94 dropped=0]
[14:49:23.686][tid=32932] no-recoil target: path=waiting-for-equipped-weapon playerId=0x1 weaponId=0x0 targetId=0x1 runtimeValidationRisk=0
[14:49:24.281][tid=32932] phase1 lifetime summary: registerCallbacks=695 registered=689 registerTid=26900 registerChanges=663 registerOnMain=26 registerOffMain=669 mainTickCalls=49280 mainTickTid=32932 mainTickChanges=0 unregisterCalls=252 unregisterTid=27332 unregisterChanges=241 unregisterOnMain=6 unregisterOffMain=246 unregisterTracked=16 unregisterUntracked=236 unregisterTrackingUnknown=0 unregisterNoId=0 lastRegister=(000001DBB36F8110,0xD9B66A75BF689770) lastUnregister=(000001DBAAF63120,0x896575) unregisterHook=1 componentEntities=0 componentSkipped=0 componentSamples=0 layoutRejects=0 nullInstance=0 nullRefCount=0 truncated=0 attitudeAttempts=18713 attitudeSourceBlocked=0 attitudeAcquire=18713 attitudeExpiredInvalid=0 attitudeAgent=26123 attitudeUnknown=0 attitudeFailClosed=0
[14:49:25.625][tid=32932] attitude path: work=2 phase2Enabled=1
[14:49:25.625][tid=32932] visibility tick: threadId=32932 processed=0 queued=0 casts=188 visible=1 occluded=94 dropped=0
[14:49:25.672][tid=33292] ESP diagnostics: snapshots=23 categories[civilian=0 enemy=0 police=0 other=23] attitude[hostile=0 unknown=9 valid=18783 invalid=0] dead=11 categorized=0 categoryEnabled=0 projected=12 front=3 poseBounds=3 skeletonLines=0 depthRange=[10.00,11.28] maxDistance=300.0 distanceRejected=0 withinDistance=3 drawn=0 enabled=1 camera=1 health[valid=215178 invalid=75891 bars=1] nativeHighlight[queued=5 cleared=0 failures=0] visibility[on=1 available=1 occluded=0 unknown=0 casts=188 clear=1 blocked=94 dropped=0]
[14:49:26.629][tid=32932] profile present (5000ms): snapshot[n=1010 avg=47.7us max=246.1us] snapLockWait[n=1010 avg=0.1us max=0.1us] snapCount[n=1010 avg=23.0 max=23] poseSlots[n=2438 avg=5.4us max=18.7us] esp[n=1010 avg=2.4us max=14.8us] aimbot[n=1010 avg=0.6us max=1.1us]
[14:49:26.629][tid=32932] profile tick (5000ms): tickTotal[n=1010 avg=28.8us max=71.5us] health[n=1010 avg=17.5us max=62.3us] attitude[n=1010 avg=8.2us max=41.3us] highlight[n=1010 avg=1.3us max=9.2us] playerMods[n=1010 avg=1.4us max=7.6us] visibility[n=1010 avg=0.2us max=2.4us]
[14:49:26.629][tid=32932] profile tickdetail (5000ms): healthCollect[n=1010 avg=0.2us max=0.6us] healthInvoke[n=1010 avg=16.8us max=61.6us] attitudeCollect[n=1010 avg=0.4us max=0.9us] attitudeInvoke[n=1010 avg=1.2us max=19.2us] highlightCollect[n=1010 avg=0.3us max=0.7us]
[14:49:26.686][tid=32932] no-recoil target: path=waiting-for-equipped-weapon playerId=0x1 weaponId=0x0 targetId=0x1 runtimeValidationRisk=0
[14:49:27.513][tid=32932] phase1 lifetime summary: registerCallbacks=695 registered=689 registerTid=26900 registerChanges=663 registerOnMain=26 registerOffMain=669 mainTickCalls=49920 mainTickTid=32932 mainTickChanges=0 unregisterCalls=252 unregisterTid=27332 unregisterChanges=241 unregisterOnMain=6 unregisterOffMain=246 unregisterTracked=16 unregisterUntracked=236 unregisterTrackingUnknown=0 unregisterNoId=0 lastRegister=(000001DBB36F8110,0xD9B66A75BF689770) lastUnregister=(000001DBAAF63120,0x896575) unregisterHook=1 componentEntities=0 componentSkipped=0 componentSamples=0 layoutRejects=0 nullInstance=0 nullRefCount=0 truncated=0 attitudeAttempts=18869 attitudeSourceBlocked=0 attitudeAcquire=18869 attitudeExpiredInvalid=0 attitudeAgent=26344 attitudeUnknown=0 attitudeFailClosed=0
[14:49:28.625][tid=32932] attitude path: work=2 phase2Enabled=1
[14:49:28.625][tid=32932] visibility tick: threadId=32932 processed=0 queued=0 casts=188 visible=1 occluded=94 dropped=0
[14:49:28.673][tid=23524] ESP diagnostics: snapshots=23 categories[civilian=0 enemy=0 police=0 other=23] attitude[hostile=0 unknown=9 valid=18927 invalid=0] dead=11 categorized=0 categoryEnabled=0 projected=12 front=3 poseBounds=3 skeletonLines=0 depthRange=[10.00,11.28] maxDistance=300.0 distanceRejected=0 withinDistance=3 drawn=0 enabled=1 camera=1 health[valid=218726 invalid=77143 bars=1] nativeHighlight[queued=5 cleared=0 failures=0] visibility[on=1 available=1 occluded=0 unknown=0 casts=188 clear=1 blocked=94 dropped=0]
[14:49:29.688][tid=32932] no-recoil target: path=waiting-for-equipped-weapon playerId=0x1 weaponId=0x0 targetId=0x1 runtimeValidationRisk=0
[14:49:30.883][tid=32932] phase1 lifetime summary: registerCallbacks=695 registered=689 registerTid=26900 registerChanges=663 registerOnMain=26 registerOffMain=669 mainTickCalls=50560 mainTickTid=32932 mainTickChanges=0 unregisterCalls=252 unregisterTid=27332 unregisterChanges=241 unregisterOnMain=6 unregisterOffMain=246 unregisterTracked=16 unregisterUntracked=236 unregisterTrackingUnknown=0 unregisterNoId=0 lastRegister=(000001DBB36F8110,0xD9B66A75BF689770) lastUnregister=(000001DBAAF63120,0x896575) unregisterHook=1 componentEntities=0 componentSkipped=0 componentSamples=0 layoutRejects=0 nullInstance=0 nullRefCount=0 truncated=0 attitudeAttempts=19035 attitudeSourceBlocked=0 attitudeAcquire=19035 attitudeExpiredInvalid=0 attitudeAgent=26573 attitudeUnknown=0 attitudeFailClosed=0
[14:49:31.626][tid=32932] attitude path: work=2 phase2Enabled=1
[14:49:31.626][tid=32932] visibility tick: threadId=32932 processed=0 queued=0 casts=188 visible=1 occluded=94 dropped=0
[14:49:31.626][tid=32932] profile present (5000ms): snapshot[n=948 avg=48.8us max=253.1us] snapLockWait[n=948 avg=0.1us max=0.2us] snapCount[n=948 avg=23.0 max=23] poseSlots[n=2438 avg=5.4us max=22.4us] esp[n=948 avg=2.4us max=14.6us] aimbot[n=948 avg=0.6us max=1.9us]
[14:49:31.626][tid=32932] profile tick (5000ms): tickTotal[n=948 avg=29.2us max=84.3us] health[n=948 avg=17.8us max=73.4us] attitude[n=948 avg=8.3us max=44.5us] highlight[n=948 avg=1.2us max=7.9us] playerMods[n=948 avg=1.4us max=7.2us] visibility[n=948 avg=0.1us max=3.0us]
[14:49:31.626][tid=32932] profile tickdetail (5000ms): healthCollect[n=948 avg=0.2us max=0.7us] healthInvoke[n=948 avg=17.1us max=72.5us] attitudeCollect[n=948 avg=0.4us max=1.1us] attitudeInvoke[n=948 avg=1.2us max=21.7us] highlightCollect[n=948 avg=0.3us max=0.8us]
[14:49:31.670][tid=32624] ESP diagnostics: snapshots=23 categories[civilian=0 enemy=0 police=0 other=23] attitude[hostile=0 unknown=9 valid=19071 invalid=0] dead=11 categorized=0 categoryEnabled=0 projected=12 front=3 poseBounds=3 skeletonLines=0 depthRange=[10.00,11.28] maxDistance=300.0 distanceRejected=0 withinDistance=3 drawn=0 enabled=1 camera=1 health[valid=221871 invalid=78254 bars=1] nativeHighlight[queued=5 cleared=0 failures=0] visibility[on=1 available=1 occluded=0 unknown=0 casts=188 clear=1 blocked=94 dropped=0]
[14:49:32.690][tid=32932] no-recoil target: path=waiting-for-equipped-weapon playerId=0x1 weaponId=0x0 targetId=0x1 runtimeValidationRisk=0
[14:49:33.948][tid=32932] phase1 lifetime summary: registerCallbacks=695 registered=689 registerTid=26900 registerChanges=663 registerOnMain=26 registerOffMain=669 mainTickCalls=51072 mainTickTid=32932 mainTickChanges=0 unregisterCalls=252 unregisterTid=27332 unregisterChanges=241 unregisterOnMain=6 unregisterOffMain=246 unregisterTracked=16 unregisterUntracked=236 unregisterTrackingUnknown=0 unregisterNoId=0 lastRegister=(000001DBB36F8110,0xD9B66A75BF689770) lastUnregister=(000001DBAAF63120,0x896575) unregisterHook=1 componentEntities=0 componentSkipped=0 componentSamples=0 layoutRejects=0 nullInstance=0 nullRefCount=0 truncated=0 attitudeAttempts=19179 attitudeSourceBlocked=0 attitudeAcquire=19179 attitudeExpiredInvalid=0 attitudeAgent=26765 attitudeUnknown=0 attitudeFailClosed=0
[14:49:34.622][tid=32932] attitude path: work=2 phase2Enabled=1
[14:49:34.622][tid=32932] visibility tick: threadId=32932 processed=0 queued=0 casts=188 visible=1 occluded=94 dropped=0
[14:49:34.670][tid=28260] ESP diagnostics: snapshots=23 categories[civilian=0 enemy=0 police=0 other=23] attitude[hostile=0 unknown=9 valid=19215 invalid=0] dead=11 categorized=0 categoryEnabled=0 projected=12 front=3 poseBounds=3 skeletonLines=0 depthRange=[10.00,11.28] maxDistance=300.0 distanceRejected=0 withinDistance=3 drawn=0 enabled=1 camera=1 health[valid=224785 invalid=79284 bars=1] nativeHighlight[queued=5 cleared=0 failures=0] visibility[on=1 available=1 occluded=0 unknown=0 casts=188 clear=1 blocked=94 dropped=0]
[14:49:35.689][tid=32932] no-recoil target: path=waiting-for-equipped-weapon playerId=0x1 weaponId=0x0 targetId=0x1 runtimeValidationRisk=0
[14:49:36.624][tid=32932] profile present (5000ms): snapshot[n=840 avg=52.7us max=307.9us] snapLockWait[n=840 avg=0.1us max=0.2us] snapCount[n=840 avg=23.0 max=23] poseSlots[n=2415 avg=5.7us max=114.3us] esp[n=840 avg=2.4us max=15.8us] aimbot[n=840 avg=0.6us max=1.5us]
[14:49:36.624][tid=32932] profile tick (5000ms): tickTotal[n=840 avg=30.8us max=424.0us] health[n=840 avg=19.1us max=412.6us] attitude[n=840 avg=8.5us max=42.8us] highlight[n=840 avg=1.3us max=14.1us] playerMods[n=840 avg=1.5us max=9.7us] visibility[n=840 avg=0.2us max=5.6us]
[14:49:36.624][tid=32932] profile tickdetail (5000ms): healthCollect[n=840 avg=0.2us max=1.0us] healthInvoke[n=840 avg=18.4us max=411.9us] attitudeCollect[n=840 avg=0.4us max=1.0us] attitudeInvoke[n=840 avg=1.3us max=27.2us] highlightCollect[n=840 avg=0.3us max=12.5us]
[14:49:37.626][tid=32932] attitude path: work=2 phase2Enabled=1
[14:49:37.626][tid=32932] visibility tick: threadId=32932 processed=0 queued=0 casts=188 visible=1 occluded=94 dropped=0
[14:49:37.672][tid=30248] ESP diagnostics: snapshots=23 categories[civilian=0 enemy=0 police=0 other=23] attitude[hostile=0 unknown=9 valid=19359 invalid=0] dead=11 categorized=0 categoryEnabled=0 projected=12 front=3 poseBounds=3 skeletonLines=0 depthRange=[10.00,11.28] maxDistance=300.0 distanceRejected=0 withinDistance=3 drawn=0 enabled=1 camera=1 health[valid=227772 invalid=80337 bars=1] nativeHighlight[queued=5 cleared=0 failures=0] visibility[on=1 available=1 occluded=0 unknown=0 casts=188 clear=1 blocked=94 dropped=0]
[14:49:37.757][tid=32932] phase1 lifetime summary: registerCallbacks=695 registered=689 registerTid=26900 registerChanges=663 registerOnMain=26 registerOffMain=669 mainTickCalls=51712 mainTickTid=32932 mainTickChanges=0 unregisterCalls=252 unregisterTid=27332 unregisterChanges=241 unregisterOnMain=6 unregisterOffMain=246 unregisterTracked=16 unregisterUntracked=236 unregisterTrackingUnknown=0 unregisterNoId=0 lastRegister=(000001DBB36F8110,0xD9B66A75BF689770) lastUnregister=(000001DBAAF63120,0x896575) unregisterHook=1 componentEntities=0 componentSkipped=0 componentSamples=0 layoutRejects=0 nullInstance=0 nullRefCount=0 truncated=0 attitudeAttempts=19361 attitudeSourceBlocked=0 attitudeAcquire=19361 attitudeExpiredInvalid=0 attitudeAgent=27008 attitudeUnknown=0 attitudeFailClosed=0
[14:49:38.689][tid=32932] no-recoil target: path=waiting-for-equipped-weapon playerId=0x1 weaponId=0x0 targetId=0x1 runtimeValidationRisk=0
[14:49:40.626][tid=32932] attitude path: work=2 phase2Enabled=1
[14:49:40.626][tid=32932] visibility tick: threadId=32932 processed=0 queued=0 casts=188 visible=1 occluded=94 dropped=0
[14:49:40.672][tid=32624] ESP diagnostics: snapshots=23 categories[civilian=0 enemy=0 police=0 other=23] attitude[hostile=0 unknown=9 valid=19503 invalid=0] dead=11 categorized=0 categoryEnabled=0 projected=12 front=3 poseBounds=3 skeletonLines=0 depthRange=[10.00,11.28] maxDistance=300.0 distanceRejected=0 withinDistance=3 drawn=0 enabled=1 camera=1 health[valid=230818 invalid=81411 bars=1] nativeHighlight[queued=5 cleared=0 failures=0] visibility[on=1 available=1 occluded=0 unknown=0 casts=188 clear=1 blocked=94 dropped=0]
[14:49:40.752][tid=32932] phase1 lifetime summary: registerCallbacks=695 registered=689 registerTid=26900 registerChanges=663 registerOnMain=26 registerOffMain=669 mainTickCalls=52224 mainTickTid=32932 mainTickChanges=0 unregisterCalls=252 unregisterTid=27332 unregisterChanges=241 unregisterOnMain=6 unregisterOffMain=246 unregisterTracked=16 unregisterUntracked=236 unregisterTrackingUnknown=0 unregisterNoId=0 lastRegister=(000001DBB36F8110,0xD9B66A75BF689770) lastUnregister=(000001DBAAF63120,0x896575) unregisterHook=1 componentEntities=0 componentSkipped=0 componentSamples=0 layoutRejects=0 nullInstance=0 nullRefCount=0 truncated=0 attitudeAttempts=19505 attitudeSourceBlocked=0 attitudeAcquire=19505 attitudeExpiredInvalid=0 attitudeAgent=27200 attitudeUnknown=0 attitudeFailClosed=0
[14:49:41.625][tid=32932] profile present (5000ms): snapshot[n=837 avg=52.1us max=273.6us] snapLockWait[n=837 avg=0.1us max=0.3us] snapCount[n=837 avg=23.0 max=23] poseSlots[n=2415 avg=5.6us max=18.1us] esp[n=837 avg=2.4us max=15.8us] aimbot[n=837 avg=0.6us max=1.2us]
[14:49:41.625][tid=32932] profile tick (5000ms): tickTotal[n=837 avg=29.8us max=76.0us] health[n=837 avg=18.2us max=53.2us] attitude[n=837 avg=8.5us max=42.1us] highlight[n=837 avg=1.2us max=6.7us] playerMods[n=837 avg=1.4us max=7.7us] visibility[n=837 avg=0.1us max=2.5us]
[14:49:41.625][tid=32932] profile tickdetail (5000ms): healthCollect[n=837 avg=0.2us max=6.5us] healthInvoke[n=837 avg=17.5us max=52.3us] attitudeCollect[n=837 avg=0.4us max=1.3us] attitudeInvoke[n=837 avg=1.3us max=27.4us] highlightCollect[n=837 avg=0.3us max=4.7us]
[14:49:41.685][tid=32932] no-recoil target: path=waiting-for-equipped-weapon playerId=0x1 weaponId=0x0 targetId=0x1 runtimeValidationRisk=0
[14:49:43.626][tid=32932] attitude path: work=2 phase2Enabled=1
[14:49:43.626][tid=32932] visibility tick: threadId=32932 processed=0 queued=0 casts=188 visible=1 occluded=94 dropped=0
[14:49:43.672][tid=33784] ESP diagnostics: snapshots=23 categories[civilian=0 enemy=0 police=0 other=23] attitude[hostile=0 unknown=9 valid=19647 invalid=0] dead=11 categorized=0 categoryEnabled=0 projected=12 front=3 poseBounds=3 skeletonLines=0 depthRange=[10.00,11.28] maxDistance=300.0 distanceRejected=0 withinDistance=3 drawn=0 enabled=1 camera=1 health[valid=233998 invalid=82535 bars=1] nativeHighlight[queued=5 cleared=0 failures=0] visibility[on=1 available=1 occluded=0 unknown=0 casts=188 clear=1 blocked=94 dropped=0]
[14:49:44.234][tid=32932] phase1 lifetime summary: registerCallbacks=695 registered=689 registerTid=26900 registerChanges=663 registerOnMain=26 registerOffMain=669 mainTickCalls=52864 mainTickTid=32932 mainTickChanges=0 unregisterCalls=252 unregisterTid=27332 unregisterChanges=241 unregisterOnMain=6 unregisterOffMain=246 unregisterTracked=16 unregisterUntracked=236 unregisterTrackingUnknown=0 unregisterNoId=0 lastRegister=(000001DBB36F8110,0xD9B66A75BF689770) lastUnregister=(000001DBAAF63120,0x896575) unregisterHook=1 componentEntities=0 componentSkipped=0 componentSamples=0 layoutRejects=0 nullInstance=0 nullRefCount=0 truncated=0 attitudeAttempts=19671 attitudeSourceBlocked=0 attitudeAcquire=19671 attitudeExpiredInvalid=0 attitudeAgent=27421 attitudeUnknown=0 attitudeFailClosed=0
[14:49:44.685][tid=32932] no-recoil target: path=waiting-for-equipped-weapon playerId=0x1 weaponId=0x0 targetId=0x1 runtimeValidationRisk=0
[14:49:46.624][tid=32932] attitude path: work=2 phase2Enabled=1
[14:49:46.624][tid=32932] visibility tick: threadId=32932 processed=0 queued=0 casts=188 visible=1 occluded=94 dropped=0
[14:49:46.624][tid=32932] profile present (5000ms): snapshot[n=959 avg=49.5us max=354.9us] snapLockWait[n=959 avg=0.1us max=0.3us] snapCount[n=959 avg=23.0 max=23] poseSlots[n=2461 avg=5.6us max=11.8us] esp[n=959 avg=2.4us max=12.6us] aimbot[n=959 avg=0.6us max=1.2us]
[14:49:46.624][tid=32932] profile tick (5000ms): tickTotal[n=959 avg=29.4us max=108.0us] health[n=959 avg=18.0us max=48.2us] attitude[n=959 avg=8.2us max=40.9us] highlight[n=959 avg=1.4us max=90.3us] playerMods[n=959 avg=1.4us max=9.8us] visibility[n=959 avg=0.2us max=2.6us]
[14:49:46.624][tid=32932] profile tickdetail (5000ms): healthCollect[n=959 avg=0.2us max=0.9us] healthInvoke[n=959 avg=17.3us max=47.3us] attitudeCollect[n=959 avg=0.4us max=8.5us] attitudeInvoke[n=959 avg=1.1us max=21.8us] highlightCollect[n=959 avg=0.3us max=6.2us]
[14:49:46.673][tid=27332] ESP diagnostics: snapshots=23 categories[civilian=0 enemy=0 police=0 other=23] attitude[hostile=0 unknown=9 valid=19791 invalid=0] dead=11 categorized=0 categoryEnabled=0 projected=12 front=3 poseBounds=3 skeletonLines=0 depthRange=[10.00,11.28] maxDistance=300.0 distanceRejected=0 withinDistance=3 drawn=0 enabled=1 camera=1 health[valid=237469 invalid=83760 bars=1] nativeHighlight[queued=5 cleared=0 failures=0] visibility[on=1 available=1 occluded=0 unknown=0 casts=188 clear=1 blocked=94 dropped=0]
[14:49:47.617][tid=32932] phase1 lifetime summary: registerCallbacks=695 registered=689 registerTid=26900 registerChanges=663 registerOnMain=26 registerOffMain=669 mainTickCalls=53504 mainTickTid=32932 mainTickChanges=0 unregisterCalls=252 unregisterTid=27332 unregisterChanges=241 unregisterOnMain=6 unregisterOffMain=246 unregisterTracked=16 unregisterUntracked=236 unregisterTrackingUnknown=0 unregisterNoId=0 lastRegister=(000001DBB36F8110,0xD9B66A75BF689770) lastUnregister=(000001DBAAF63120,0x896575) unregisterHook=1 componentEntities=0 componentSkipped=0 componentSamples=0 layoutRejects=0 nullInstance=0 nullRefCount=0 truncated=0 attitudeAttempts=19837 attitudeSourceBlocked=0 attitudeAcquire=19837 attitudeExpiredInvalid=0 attitudeAgent=27642 attitudeUnknown=0 attitudeFailClosed=0
[14:49:47.685][tid=32932] no-recoil target: path=waiting-for-equipped-weapon playerId=0x1 weaponId=0x0 targetId=0x1 runtimeValidationRisk=0
[14:49:49.622][tid=32932] attitude path: work=0 phase2Enabled=1
[14:49:49.622][tid=32932] visibility tick: threadId=32932 processed=0 queued=0 casts=188 visible=1 occluded=94 dropped=0
[14:49:49.671][tid=17972] ESP diagnostics: snapshots=23 categories[civilian=0 enemy=0 police=0 other=23] attitude[hostile=0 unknown=9 valid=19935 invalid=0] dead=11 categorized=0 categoryEnabled=0 projected=12 front=3 poseBounds=3 skeletonLines=0 depthRange=[10.00,11.28] maxDistance=300.0 distanceRejected=0 withinDistance=3 drawn=0 enabled=1 camera=1 health[valid=240343 invalid=84774 bars=1] nativeHighlight[queued=5 cleared=0 failures=0] visibility[on=1 available=1 occluded=0 unknown=0 casts=188 clear=1 blocked=94 dropped=0]
[14:49:50.688][tid=32932] no-recoil target: path=waiting-for-equipped-weapon playerId=0x1 weaponId=0x0 targetId=0x1 runtimeValidationRisk=0
[14:49:50.762][tid=32932] phase1 lifetime summary: registerCallbacks=695 registered=689 registerTid=26900 registerChanges=663 registerOnMain=26 registerOffMain=669 mainTickCalls=54016 mainTickTid=32932 mainTickChanges=0 unregisterCalls=252 unregisterTid=27332 unregisterChanges=241 unregisterOnMain=6 unregisterOffMain=246 unregisterTracked=16 unregisterUntracked=236 unregisterTrackingUnknown=0 unregisterNoId=0 lastRegister=(000001DBB36F8110,0xD9B66A75BF689770) lastUnregister=(000001DBAAF63120,0x896575) unregisterHook=1 componentEntities=0 componentSkipped=0 componentSamples=0 layoutRejects=0 nullInstance=0 nullRefCount=0 truncated=0 attitudeAttempts=19985 attitudeSourceBlocked=0 attitudeAcquire=19985 attitudeExpiredInvalid=0 attitudeAgent=27840 attitudeUnknown=0 attitudeFailClosed=0
[14:49:51.623][tid=32932] profile present (5000ms): snapshot[n=843 avg=53.1us max=314.5us] snapLockWait[n=843 avg=0.1us max=0.2us] snapCount[n=843 avg=23.0 max=23] poseSlots[n=2415 avg=5.6us max=18.2us] esp[n=843 avg=2.4us max=15.8us] aimbot[n=843 avg=0.6us max=1.1us]
[14:49:51.623][tid=32932] profile tick (5000ms): tickTotal[n=843 avg=30.9us max=448.0us] health[n=843 avg=19.3us max=437.9us] attitude[n=843 avg=8.5us max=59.5us] highlight[n=843 avg=1.3us max=4.6us] playerMods[n=843 avg=1.5us max=8.1us] visibility[n=843 avg=0.2us max=2.3us]
[14:49:51.623][tid=32932] profile tickdetail (5000ms): healthCollect[n=843 avg=0.2us max=0.7us] healthInvoke[n=843 avg=18.6us max=437.2us] attitudeCollect[n=843 avg=0.4us max=1.0us] attitudeInvoke[n=843 avg=1.2us max=21.4us] highlightCollect[n=843 avg=0.3us max=3.1us]
[14:49:52.627][tid=32932] attitude path: work=0 phase2Enabled=1
[14:49:52.627][tid=32932] visibility tick: threadId=32932 processed=0 queued=0 casts=188 visible=1 occluded=94 dropped=0
[14:49:52.674][tid=17972] ESP diagnostics: snapshots=23 categories[civilian=0 enemy=0 police=0 other=23] attitude[hostile=0 unknown=9 valid=20079 invalid=0] dead=11 categorized=0 categoryEnabled=0 projected=12 front=3 poseBounds=3 skeletonLines=0 depthRange=[10.00,11.28] maxDistance=300.0 distanceRejected=0 withinDistance=3 drawn=0 enabled=1 camera=1 health[valid=243466 invalid=85875 bars=1] nativeHighlight[queued=5 cleared=0 failures=0] visibility[on=1 available=1 occluded=0 unknown=0 casts=188 clear=1 blocked=94 dropped=0]
[14:49:53.685][tid=32932] no-recoil target: path=waiting-for-equipped-weapon playerId=0x1 weaponId=0x0 targetId=0x1 runtimeValidationRisk=0
[14:49:54.530][tid=32932] phase1 lifetime summary: registerCallbacks=695 registered=689 registerTid=26900 registerChanges=663 registerOnMain=26 registerOffMain=669 mainTickCalls=54656 mainTickTid=32932 mainTickChanges=0 unregisterCalls=252 unregisterTid=27332 unregisterChanges=241 unregisterOnMain=6 unregisterOffMain=246 unregisterTracked=16 unregisterUntracked=236 unregisterTrackingUnknown=0 unregisterNoId=0 lastRegister=(000001DBB36F8110,0xD9B66A75BF689770) lastUnregister=(000001DBAAF63120,0x896575) unregisterHook=1 componentEntities=0 componentSkipped=0 componentSamples=0 layoutRejects=0 nullInstance=0 nullRefCount=0 truncated=0 attitudeAttempts=20165 attitudeSourceBlocked=0 attitudeAcquire=20165 attitudeExpiredInvalid=0 attitudeAgent=28080 attitudeUnknown=0 attitudeFailClosed=0
[14:49:55.622][tid=32932] attitude path: work=0 phase2Enabled=1
[14:49:55.622][tid=32932] visibility tick: threadId=32932 processed=0 queued=0 casts=188 visible=1 occluded=94 dropped=0
[14:49:55.671][tid=28260] ESP diagnostics: snapshots=23 categories[civilian=0 enemy=0 police=0 other=23] attitude[hostile=0 unknown=9 valid=20223 invalid=0] dead=11 categorized=0 categoryEnabled=0 projected=12 front=3 poseBounds=3 skeletonLines=0 depthRange=[10.00,11.28] maxDistance=300.0 distanceRejected=0 withinDistance=3 drawn=0 enabled=1 camera=1 health[valid=246599 invalid=86982 bars=1] nativeHighlight[queued=5 cleared=0 failures=0] visibility[on=1 available=1 occluded=0 unknown=0 casts=188 clear=1 blocked=94 dropped=0]
[14:49:56.623][tid=32932] profile present (5000ms): snapshot[n=910 avg=49.7us max=301.9us] snapLockWait[n=910 avg=0.1us max=0.2us] snapCount[n=910 avg=23.0 max=23] poseSlots[n=2438 avg=5.4us max=22.7us] esp[n=910 avg=2.4us max=14.4us] aimbot[n=910 avg=0.6us max=1.2us]
[14:49:56.623][tid=32932] profile tick (5000ms): tickTotal[n=910 avg=29.4us max=87.3us] health[n=910 avg=18.0us max=76.5us] attitude[n=910 avg=8.4us max=46.5us] highlight[n=910 avg=1.3us max=4.0us] playerMods[n=910 avg=1.4us max=6.8us] visibility[n=910 avg=0.2us max=4.2us]
[14:49:56.623][tid=32932] profile tickdetail (5000ms): healthCollect[n=910 avg=0.2us max=0.6us] healthInvoke[n=910 avg=17.3us max=75.6us] attitudeCollect[n=910 avg=0.4us max=0.9us] attitudeInvoke[n=910 avg=1.2us max=31.0us] highlightCollect[n=910 avg=0.3us max=0.6us]
[14:49:56.689][tid=32932] no-recoil target: path=waiting-for-equipped-weapon playerId=0x1 weaponId=0x0 targetId=0x1 runtimeValidationRisk=0
[14:49:57.658][tid=32932] phase1 lifetime summary: registerCallbacks=695 registered=689 registerTid=26900 registerChanges=663 registerOnMain=26 registerOffMain=669 mainTickCalls=55296 mainTickTid=32932 mainTickChanges=0 unregisterCalls=252 unregisterTid=27332 unregisterChanges=241 unregisterOnMain=6 unregisterOffMain=246 unregisterTracked=16 unregisterUntracked=236 unregisterTrackingUnknown=0 unregisterNoId=0 lastRegister=(000001DBB36F8110,0xD9B66A75BF689770) lastUnregister=(000001DBAAF63120,0x896575) unregisterHook=1 componentEntities=0 componentSkipped=0 componentSamples=0 layoutRejects=0 nullInstance=0 nullRefCount=0 truncated=0 attitudeAttempts=20317 attitudeSourceBlocked=0 attitudeAcquire=20317 attitudeExpiredInvalid=0 attitudeAgent=28282 attitudeUnknown=0 attitudeFailClosed=0
[14:49:58.624][tid=32932] attitude path: work=0 phase2Enabled=1
[14:49:58.624][tid=32932] visibility tick: threadId=32932 processed=0 queued=0 casts=188 visible=1 occluded=94 dropped=0
[14:49:58.670][tid=29076] ESP diagnostics: snapshots=23 categories[civilian=0 enemy=0 police=0 other=23] attitude[hostile=0 unknown=9 valid=20367 invalid=0] dead=11 categorized=0 categoryEnabled=0 projected=12 front=3 poseBounds=3 skeletonLines=0 depthRange=[10.00,11.28] maxDistance=300.0 distanceRejected=0 withinDistance=3 drawn=0 enabled=1 camera=1 health[valid=250199 invalid=88254 bars=1] nativeHighlight[queued=5 cleared=0 failures=0] visibility[on=1 available=1 occluded=0 unknown=0 casts=188 clear=1 blocked=94 dropped=0]
[14:49:59.685][tid=32932] no-recoil target: path=waiting-for-equipped-weapon playerId=0x1 weaponId=0x0 targetId=0x1 runtimeValidationRisk=0
[14:50:00.876][tid=32932] phase1 lifetime summary: registerCallbacks=695 registered=689 registerTid=26900 registerChanges=663 registerOnMain=26 registerOffMain=669 mainTickCalls=55936 mainTickTid=32932 mainTickChanges=0 unregisterCalls=252 unregisterTid=27332 unregisterChanges=241 unregisterOnMain=6 unregisterOffMain=246 unregisterTracked=16 unregisterUntracked=236 unregisterTrackingUnknown=0 unregisterNoId=0 lastRegister=(000001DBB36F8110,0xD9B66A75BF689770) lastUnregister=(000001DBAAF63120,0x896575) unregisterHook=1 componentEntities=0 componentSkipped=0 componentSamples=0 layoutRejects=0 nullInstance=0 nullRefCount=0 truncated=0 attitudeAttempts=20473 attitudeSourceBlocked=0 attitudeAcquire=20473 attitudeExpiredInvalid=0 attitudeAgent=28490 attitudeUnknown=0 attitudeFailClosed=0
[14:50:01.624][tid=32932] attitude path: work=0 phase2Enabled=1
[14:50:01.624][tid=32932] visibility tick: threadId=32932 processed=0 queued=0 casts=188 visible=1 occluded=94 dropped=0
[14:50:01.624][tid=32932] profile present (5000ms): snapshot[n=1000 avg=47.9us max=240.1us] snapLockWait[n=1000 avg=0.1us max=0.1us] snapCount[n=1000 avg=23.0 max=23] poseSlots[n=2438 avg=5.6us max=27.1us] esp[n=1000 avg=2.4us max=16.7us] aimbot[n=1000 avg=0.6us max=1.1us]
[14:50:01.624][tid=32932] profile tick (5000ms): tickTotal[n=1000 avg=28.6us max=86.5us] health[n=1000 avg=17.6us max=52.0us] attitude[n=1000 avg=8.0us max=41.4us] highlight[n=1000 avg=1.2us max=7.9us] playerMods[n=1000 avg=1.4us max=9.3us] visibility[n=1000 avg=0.1us max=2.4us]
[14:50:01.624][tid=32932] profile tickdetail (5000ms): healthCollect[n=1000 avg=0.2us max=0.7us] healthInvoke[n=1000 avg=16.9us max=51.3us] attitudeCollect[n=1000 avg=0.4us max=1.4us] attitudeInvoke[n=1000 avg=1.1us max=23.7us] highlightCollect[n=1000 avg=0.3us max=6.1us]
[14:50:01.672][tid=28432] ESP diagnostics: snapshots=23 categories[civilian=0 enemy=0 police=0 other=23] attitude[hostile=0 unknown=9 valid=20511 invalid=0] dead=11 categorized=0 categoryEnabled=0 projected=12 front=3 poseBounds=3 skeletonLines=0 depthRange=[10.00,11.28] maxDistance=300.0 distanceRejected=0 withinDistance=3 drawn=0 enabled=1 camera=1 health[valid=253753 invalid=89508 bars=1] nativeHighlight[queued=5 cleared=0 failures=0] visibility[on=1 available=1 occluded=0 unknown=0 casts=188 clear=1 blocked=94 dropped=0]
[14:50:02.687][tid=32932] no-recoil target: path=waiting-for-equipped-weapon playerId=0x1 weaponId=0x0 targetId=0x1 runtimeValidationRisk=0
[14:50:04.150][tid=32932] phase1 lifetime summary: registerCallbacks=695 registered=689 registerTid=26900 registerChanges=663 registerOnMain=26 registerOffMain=669 mainTickCalls=56576 mainTickTid=32932 mainTickChanges=0 unregisterCalls=252 unregisterTid=27332 unregisterChanges=241 unregisterOnMain=6 unregisterOffMain=246 unregisterTracked=16 unregisterUntracked=236 unregisterTrackingUnknown=0 unregisterNoId=0 lastRegister=(000001DBB36F8110,0xD9B66A75BF689770) lastUnregister=(000001DBAAF63120,0x896575) unregisterHook=1 componentEntities=0 componentSkipped=0 componentSamples=0 layoutRejects=0 nullInstance=0 nullRefCount=0 truncated=0 attitudeAttempts=20629 attitudeSourceBlocked=0 attitudeAcquire=20629 attitudeExpiredInvalid=0 attitudeAgent=28698 attitudeUnknown=0 attitudeFailClosed=0
[14:50:04.623][tid=32932] attitude path: work=0 phase2Enabled=1
[14:50:04.623][tid=32932] visibility tick: threadId=32932 processed=0 queued=0 casts=188 visible=1 occluded=94 dropped=0
[14:50:04.670][tid=29076] ESP diagnostics: snapshots=23 categories[civilian=0 enemy=0 police=0 other=23] attitude[hostile=0 unknown=9 valid=20655 invalid=0] dead=11 categorized=0 categoryEnabled=0 projected=12 front=3 poseBounds=3 skeletonLines=0 depthRange=[10.00,11.28] maxDistance=300.0 distanceRejected=0 withinDistance=3 drawn=0 enabled=1 camera=1 health[valid=257284 invalid=90753 bars=1] nativeHighlight[queued=5 cleared=0 failures=0] visibility[on=1 available=1 occluded=0 unknown=0 casts=188 clear=1 blocked=94 dropped=0]
[14:50:05.687][tid=32932] no-recoil target: path=waiting-for-equipped-weapon playerId=0x1 weaponId=0x0 targetId=0x1 runtimeValidationRisk=0
[14:50:06.623][tid=32932] profile present (5000ms): snapshot[n=1007 avg=47.5us max=251.2us] snapLockWait[n=1007 avg=0.1us max=0.2us] snapCount[n=1007 avg=23.0 max=23] poseSlots[n=2438 avg=5.5us max=14.4us] esp[n=1007 avg=2.3us max=12.4us] aimbot[n=1007 avg=0.6us max=1.0us]
[14:50:06.623][tid=32932] profile tick (5000ms): tickTotal[n=1007 avg=29.8us max=356.4us] health[n=1007 avg=18.5us max=347.5us] attitude[n=1007 avg=8.2us max=44.1us] highlight[n=1007 avg=1.3us max=5.3us] playerMods[n=1007 avg=1.4us max=7.5us] visibility[n=1007 avg=0.1us max=2.7us]
[14:50:06.623][tid=32932] profile tickdetail (5000ms): healthCollect[n=1007 avg=0.2us max=0.6us] healthInvoke[n=1007 avg=17.9us max=346.6us] attitudeCollect[n=1007 avg=0.4us max=0.9us] attitudeInvoke[n=1007 avg=1.1us max=26.4us] highlightCollect[n=1007 avg=0.3us max=0.6us]
[14:50:07.226][tid=32932] phase1 lifetime summary: registerCallbacks=695 registered=689 registerTid=26900 registerChanges=663 registerOnMain=26 registerOffMain=669 mainTickCalls=57216 mainTickTid=32932 mainTickChanges=0 unregisterCalls=252 unregisterTid=27332 unregisterChanges=241 unregisterOnMain=6 unregisterOffMain=246 unregisterTracked=16 unregisterUntracked=236 unregisterTrackingUnknown=0 unregisterNoId=0 lastRegister=(000001DBB36F8110,0xD9B66A75BF689770) lastUnregister=(000001DBAAF63120,0x896575) unregisterHook=1 componentEntities=0 componentSkipped=0 componentSamples=0 layoutRejects=0 nullInstance=0 nullRefCount=0 truncated=0 attitudeAttempts=20775 attitudeSourceBlocked=0 attitudeAcquire=20775 attitudeExpiredInvalid=0 attitudeAgent=28893 attitudeUnknown=0 attitudeFailClosed=0
[14:50:07.624][tid=32932] attitude path: work=0 phase2Enabled=1
[14:50:07.624][tid=32932] visibility tick: threadId=32932 processed=0 queued=0 casts=188 visible=1 occluded=94 dropped=0
[14:50:07.672][tid=33784] ESP diagnostics: snapshots=23 categories[civilian=0 enemy=0 police=0 other=23] attitude[hostile=0 unknown=9 valid=20799 invalid=0] dead=11 categorized=0 categoryEnabled=0 projected=12 front=3 poseBounds=3 skeletonLines=0 depthRange=[10.00,11.28] maxDistance=300.0 distanceRejected=0 withinDistance=3 drawn=0 enabled=1 camera=1 health[valid=260950 invalid=92047 bars=1] nativeHighlight[queued=5 cleared=0 failures=0] visibility[on=1 available=1 occluded=0 unknown=0 casts=188 clear=1 blocked=94 dropped=0]
[14:50:08.698][tid=32932] no-recoil target: path=waiting-for-equipped-weapon playerId=0x1 weaponId=0x0 targetId=0x1 runtimeValidationRisk=0
[14:50:10.445][tid=32932] phase1 lifetime summary: registerCallbacks=695 registered=689 registerTid=26900 registerChanges=663 registerOnMain=26 registerOffMain=669 mainTickCalls=57856 mainTickTid=32932 mainTickChanges=0 unregisterCalls=252 unregisterTid=27332 unregisterChanges=241 unregisterOnMain=6 unregisterOffMain=246 unregisterTracked=16 unregisterUntracked=236 unregisterTrackingUnknown=0 unregisterNoId=0 lastRegister=(000001DBB36F8110,0xD9B66A75BF689770) lastUnregister=(000001DBAAF63120,0x896575) unregisterHook=1 componentEntities=0 componentSkipped=0 componentSamples=0 layoutRejects=0 nullInstance=0 nullRefCount=0 truncated=0 attitudeAttempts=20931 attitudeSourceBlocked=0 attitudeAcquire=20931 attitudeExpiredInvalid=0 attitudeAgent=29101 attitudeUnknown=0 attitudeFailClosed=0
[14:50:10.624][tid=32932] attitude path: work=0 phase2Enabled=1
[14:50:10.624][tid=32932] visibility tick: threadId=32932 processed=0 queued=0 casts=188 visible=1 occluded=94 dropped=0
[14:50:10.671][tid=33292] ESP diagnostics: snapshots=23 categories[civilian=0 enemy=0 police=0 other=23] attitude[hostile=0 unknown=9 valid=20943 invalid=0] dead=11 categorized=0 categoryEnabled=0 projected=12 front=3 poseBounds=3 skeletonLines=0 depthRange=[10.00,11.28] maxDistance=300.0 distanceRejected=0 withinDistance=3 drawn=0 enabled=1 camera=1 health[valid=264368 invalid=93253 bars=1] nativeHighlight[queued=5 cleared=0 failures=0] visibility[on=1 available=1 occluded=0 unknown=0 casts=188 clear=1 blocked=94 dropped=0]
[14:50:11.624][tid=32932] profile present (5000ms): snapshot[n=985 avg=47.8us max=241.1us] snapLockWait[n=985 avg=0.1us max=0.1us] snapCount[n=985 avg=23.0 max=23] poseSlots[n=2461 avg=5.5us max=16.2us] esp[n=985 avg=2.4us max=15.5us] aimbot[n=985 avg=0.6us max=1.0us]
[14:50:11.624][tid=32932] profile tick (5000ms): tickTotal[n=985 avg=28.7us max=96.4us] health[n=985 avg=17.5us max=58.3us] attitude[n=985 avg=8.1us max=42.5us] highlight[n=985 avg=1.3us max=9.4us] playerMods[n=985 avg=1.4us max=17.9us] visibility[n=985 avg=0.1us max=2.4us]
[14:50:11.624][tid=32932] profile tickdetail (5000ms): healthCollect[n=985 avg=0.2us max=0.8us] healthInvoke[n=985 avg=16.9us max=56.4us] attitudeCollect[n=985 avg=0.4us max=8.5us] attitudeInvoke[n=985 avg=1.1us max=20.9us] highlightCollect[n=985 avg=0.3us max=3.2us]
[14:50:11.685][tid=32932] no-recoil target: path=waiting-for-equipped-weapon playerId=0x1 weaponId=0x0 targetId=0x1 runtimeValidationRisk=0
[14:50:13.622][tid=32932] attitude path: work=0 phase2Enabled=1
[14:50:13.622][tid=32932] visibility tick: threadId=32932 processed=0 queued=0 casts=188 visible=1 occluded=94 dropped=0
[14:50:13.671][tid=26900] ESP diagnostics: snapshots=23 categories[civilian=0 enemy=0 police=0 other=23] attitude[hostile=0 unknown=9 valid=21085 invalid=0] dead=11 categorized=0 categoryEnabled=0 projected=12 front=3 poseBounds=3 skeletonLines=0 depthRange=[10.01,11.28] maxDistance=300.0 distanceRejected=0 withinDistance=3 drawn=0 enabled=1 camera=1 health[valid=267697 invalid=94428 bars=1] nativeHighlight[queued=5 cleared=0 failures=0] visibility[on=1 available=1 occluded=0 unknown=0 casts=188 clear=1 blocked=94 dropped=0]
[14:50:13.909][tid=32932] phase1 lifetime summary: registerCallbacks=695 registered=689 registerTid=26900 registerChanges=663 registerOnMain=26 registerOffMain=669 mainTickCalls=58496 mainTickTid=32932 mainTickChanges=0 unregisterCalls=252 unregisterTid=27332 unregisterChanges=241 unregisterOnMain=6 unregisterOffMain=246 unregisterTracked=16 unregisterUntracked=236 unregisterTrackingUnknown=0 unregisterNoId=0 lastRegister=(000001DBB36F8110,0xD9B66A75BF689770) lastUnregister=(000001DBAAF63120,0x896575) unregisterHook=1 componentEntities=0 componentSkipped=0 componentSamples=0 layoutRejects=0 nullInstance=0 nullRefCount=0 truncated=0 attitudeAttempts=21097 attitudeSourceBlocked=0 attitudeAcquire=21097 attitudeExpiredInvalid=0 attitudeAgent=29322 attitudeUnknown=0 attitudeFailClosed=0
[14:50:14.691][tid=32932] no-recoil target: path=waiting-for-equipped-weapon playerId=0x1 weaponId=0x0 targetId=0x1 runtimeValidationRisk=0
[14:50:16.622][tid=32932] attitude path: work=0 phase2Enabled=1
[14:50:16.622][tid=32932] visibility tick: threadId=32932 processed=0 queued=0 casts=188 visible=1 occluded=94 dropped=0
[14:50:16.622][tid=32932] profile present (5000ms): snapshot[n=924 avg=49.5us max=326.9us] snapLockWait[n=924 avg=0.1us max=0.3us] snapCount[n=924 avg=23.0 max=23] poseSlots[n=2438 avg=5.5us max=157.9us] esp[n=924 avg=2.4us max=12.1us] aimbot[n=924 avg=0.6us max=1.0us]
[14:50:16.622][tid=32932] profile tick (5000ms): tickTotal[n=924 avg=29.0us max=129.6us] health[n=924 avg=17.7us max=58.4us] attitude[n=924 avg=8.1us max=45.0us] highlight[n=924 avg=1.3us max=92.9us] playerMods[n=924 avg=1.4us max=9.0us] visibility[n=924 avg=0.1us max=2.3us]
[14:50:16.622][tid=32932] profile tickdetail (5000ms): healthCollect[n=924 avg=0.2us max=0.8us] healthInvoke[n=924 avg=17.0us max=57.6us] attitudeCollect[n=924 avg=0.4us max=0.8us] attitudeInvoke[n=924 avg=1.2us max=31.1us] highlightCollect[n=924 avg=0.4us max=91.4us]
[14:50:16.674][tid=29008] ESP diagnostics: snapshots=23 categories[civilian=0 enemy=0 police=0 other=23] attitude[hostile=0 unknown=9 valid=21231 invalid=0] dead=11 categorized=0 categoryEnabled=0 projected=12 front=3 poseBounds=3 skeletonLines=0 depthRange=[10.00,11.28] maxDistance=300.0 distanceRejected=0 withinDistance=3 drawn=0 enabled=1 camera=1 health[valid=270979 invalid=95586 bars=1] nativeHighlight[queued=5 cleared=0 failures=0] visibility[on=1 available=1 occluded=0 unknown=0 casts=188 clear=1 blocked=94 dropped=0]
[14:50:17.330][tid=32932] phase1 lifetime summary: registerCallbacks=695 registered=689 registerTid=26900 registerChanges=663 registerOnMain=26 registerOffMain=669 mainTickCalls=59136 mainTickTid=32932 mainTickChanges=0 unregisterCalls=252 unregisterTid=27332 unregisterChanges=241 unregisterOnMain=6 unregisterOffMain=246 unregisterTracked=16 unregisterUntracked=236 unregisterTrackingUnknown=0 unregisterNoId=0 lastRegister=(000001DBB36F8110,0xD9B66A75BF689770) lastUnregister=(000001DBAAF63120,0x896575) unregisterHook=1 componentEntities=0 componentSkipped=0 componentSamples=0 layoutRejects=0 nullInstance=0 nullRefCount=0 truncated=0 attitudeAttempts=21261 attitudeSourceBlocked=0 attitudeAcquire=21261 attitudeExpiredInvalid=0 attitudeAgent=29541 attitudeUnknown=0 attitudeFailClosed=0
[14:50:17.685][tid=32932] no-recoil target: path=waiting-for-equipped-weapon playerId=0x1 weaponId=0x0 targetId=0x1 runtimeValidationRisk=0
[14:50:19.622][tid=32932] attitude path: work=4 phase2Enabled=1
[14:50:19.622][tid=32932] visibility tick: threadId=32932 processed=0 queued=0 casts=188 visible=1 occluded=94 dropped=0
[14:50:19.670][tid=23524] ESP diagnostics: snapshots=23 categories[civilian=0 enemy=0 police=0 other=23] attitude[hostile=0 unknown=9 valid=21373 invalid=0] dead=11 categorized=0 categoryEnabled=0 projected=12 front=3 poseBounds=3 skeletonLines=0 depthRange=[10.00,11.28] maxDistance=300.0 distanceRejected=0 withinDistance=3 drawn=0 enabled=1 camera=1 health[valid=274420 invalid=96801 bars=1] nativeHighlight[queued=5 cleared=0 failures=0] visibility[on=1 available=1 occluded=0 unknown=0 casts=188 clear=1 blocked=94 dropped=0]
[14:50:20.609][tid=32932] phase1 lifetime summary: registerCallbacks=695 registered=689 registerTid=26900 registerChanges=663 registerOnMain=26 registerOffMain=669 mainTickCalls=59776 mainTickTid=32932 mainTickChanges=0 unregisterCalls=252 unregisterTid=27332 unregisterChanges=241 unregisterOnMain=6 unregisterOffMain=246 unregisterTracked=16 unregisterUntracked=236 unregisterTrackingUnknown=0 unregisterNoId=0 lastRegister=(000001DBB36F8110,0xD9B66A75BF689770) lastUnregister=(000001DBAAF63120,0x896575) unregisterHook=1 componentEntities=0 componentSkipped=0 componentSamples=0 layoutRejects=0 nullInstance=0 nullRefCount=0 truncated=0 attitudeAttempts=21417 attitudeSourceBlocked=0 attitudeAcquire=21417 attitudeExpiredInvalid=0 attitudeAgent=29749 attitudeUnknown=0 attitudeFailClosed=0
[14:50:20.689][tid=32932] no-recoil target: path=waiting-for-equipped-weapon playerId=0x1 weaponId=0x0 targetId=0x1 runtimeValidationRisk=0
[14:50:21.625][tid=32932] profile present (5000ms): snapshot[n=975 avg=48.7us max=227.2us] snapLockWait[n=975 avg=0.1us max=0.3us] snapCount[n=975 avg=23.0 max=23] poseSlots[n=2438 avg=5.6us max=19.5us] esp[n=975 avg=2.4us max=13.5us] aimbot[n=975 avg=0.6us max=1.1us]
[14:50:21.625][tid=32932] profile tick (5000ms): tickTotal[n=975 avg=30.0us max=257.3us] health[n=975 avg=18.2us max=247.5us] attitude[n=975 avg=8.5us max=118.1us] highlight[n=975 avg=1.5us max=198.2us] playerMods[n=975 avg=1.4us max=13.6us] visibility[n=975 avg=0.1us max=2.4us]
[14:50:21.625][tid=32932] profile tickdetail (5000ms): healthCollect[n=975 avg=0.2us max=0.7us] healthInvoke[n=975 avg=17.6us max=246.7us] attitudeCollect[n=975 avg=0.5us max=25.0us] attitudeInvoke[n=975 avg=1.2us max=27.5us] highlightCollect[n=975 avg=0.5us max=197.2us]
[14:50:22.624][tid=32932] attitude path: work=4 phase2Enabled=1
[14:50:22.624][tid=32932] visibility tick: threadId=32932 processed=0 queued=0 casts=188 visible=1 occluded=94 dropped=0
[14:50:22.672][tid=32624] ESP diagnostics: snapshots=23 categories[civilian=0 enemy=0 police=0 other=23] attitude[hostile=0 unknown=9 valid=21519 invalid=0] dead=11 categorized=0 categoryEnabled=0 projected=12 front=3 poseBounds=3 skeletonLines=0 depthRange=[10.00,11.28] maxDistance=300.0 distanceRejected=0 withinDistance=3 drawn=0 enabled=1 camera=1 health[valid=277903 invalid=98030 bars=1] nativeHighlight[queued=5 cleared=0 failures=0] visibility[on=1 available=1 occluded=0 unknown=0 casts=188 clear=1 blocked=94 dropped=0]
[14:50:23.686][tid=32932] no-recoil target: path=waiting-for-equipped-weapon playerId=0x1 weaponId=0x0 targetId=0x1 runtimeValidationRisk=0
[14:50:23.917][tid=32932] phase1 lifetime summary: registerCallbacks=695 registered=689 registerTid=26900 registerChanges=663 registerOnMain=26 registerOffMain=669 mainTickCalls=60416 mainTickTid=32932 mainTickChanges=0 unregisterCalls=252 unregisterTid=27332 unregisterChanges=241 unregisterOnMain=6 unregisterOffMain=246 unregisterTracked=16 unregisterUntracked=236 unregisterTrackingUnknown=0 unregisterNoId=0 lastRegister=(000001DBB36F8110,0xD9B66A75BF689770) lastUnregister=(000001DBAAF63120,0x896575) unregisterHook=1 componentEntities=0 componentSkipped=0 componentSamples=0 layoutRejects=0 nullInstance=0 nullRefCount=0 truncated=0 attitudeAttempts=21577 attitudeSourceBlocked=0 attitudeAcquire=21577 attitudeExpiredInvalid=0 attitudeAgent=29962 attitudeUnknown=0 attitudeFailClosed=0
[14:50:25.627][tid=32932] attitude path: work=4 phase2Enabled=1
[14:50:25.627][tid=32932] visibility tick: threadId=32932 processed=0 queued=0 casts=188 visible=1 occluded=94 dropped=0
[14:50:25.674][tid=30248] ESP diagnostics: snapshots=23 categories[civilian=0 enemy=0 police=0 other=23] attitude[hostile=0 unknown=9 valid=21663 invalid=0] dead=11 categorized=0 categoryEnabled=0 projected=12 front=3 poseBounds=3 skeletonLines=0 depthRange=[10.00,11.28] maxDistance=300.0 distanceRejected=0 withinDistance=3 drawn=0 enabled=1 camera=1 health[valid=281326 invalid=99239 bars=1] nativeHighlight[queued=5 cleared=0 failures=0] visibility[on=1 available=1 occluded=0 unknown=0 casts=188 clear=1 blocked=94 dropped=0]
[14:50:26.623][tid=32932] profile present (5000ms): snapshot[n=972 avg=48.6us max=300.4us] snapLockWait[n=972 avg=0.1us max=0.2us] snapCount[n=972 avg=23.0 max=23] poseSlots[n=2438 avg=5.5us max=16.4us] esp[n=972 avg=2.4us max=13.0us] aimbot[n=972 avg=0.6us max=1.1us]
[14:50:26.623][tid=32932] profile tick (5000ms): tickTotal[n=972 avg=30.4us max=138.6us] health[n=972 avg=18.6us max=129.9us] attitude[n=972 avg=8.6us max=46.4us] highlight[n=972 avg=1.3us max=9.9us] playerMods[n=972 avg=1.4us max=24.0us] visibility[n=972 avg=0.2us max=2.6us]
[14:50:26.623][tid=32932] profile tickdetail (5000ms): healthCollect[n=972 avg=0.2us max=0.8us] healthInvoke[n=972 avg=17.9us max=129.0us] attitudeCollect[n=972 avg=0.4us max=1.4us] attitudeInvoke[n=972 avg=1.3us max=28.1us] highlightCollect[n=972 avg=0.3us max=0.9us]
[14:50:26.689][tid=32932] no-recoil target: path=waiting-for-equipped-weapon playerId=0x1 weaponId=0x0 targetId=0x1 runtimeValidationRisk=0
[14:50:27.253][tid=32932] phase1 lifetime summary: registerCallbacks=695 registered=689 registerTid=26900 registerChanges=663 registerOnMain=26 registerOffMain=669 mainTickCalls=61056 mainTickTid=32932 mainTickChanges=0 unregisterCalls=252 unregisterTid=27332 unregisterChanges=241 unregisterOnMain=6 unregisterOffMain=246 unregisterTracked=16 unregisterUntracked=236 unregisterTrackingUnknown=0 unregisterNoId=0 lastRegister=(000001DBB36F8110,0xD9B66A75BF689770) lastUnregister=(000001DBAAF63120,0x896575) unregisterHook=1 componentEntities=0 componentSkipped=0 componentSamples=0 layoutRejects=0 nullInstance=0 nullRefCount=0 truncated=0 attitudeAttempts=21735 attitudeSourceBlocked=0 attitudeAcquire=21735 attitudeExpiredInvalid=0 attitudeAgent=30173 attitudeUnknown=0 attitudeFailClosed=0
[14:50:28.625][tid=32932] attitude path: work=4 phase2Enabled=1
[14:50:28.625][tid=32932] visibility tick: threadId=32932 processed=0 queued=0 casts=188 visible=1 occluded=94 dropped=0
[14:50:28.673][tid=23524] ESP diagnostics: snapshots=23 categories[civilian=0 enemy=0 police=0 other=23] attitude[hostile=0 unknown=9 valid=21807 invalid=0] dead=11 categorized=0 categoryEnabled=0 projected=12 front=3 poseBounds=3 skeletonLines=0 depthRange=[10.00,11.28] maxDistance=300.0 distanceRejected=0 withinDistance=3 drawn=0 enabled=1 camera=1 health[valid=284815 invalid=100470 bars=1] nativeHighlight[queued=5 cleared=0 failures=0] visibility[on=1 available=1 occluded=0 unknown=0 casts=188 clear=1 blocked=94 dropped=0]
[14:50:29.686][tid=32932] no-recoil target: path=waiting-for-equipped-weapon playerId=0x1 weaponId=0x0 targetId=0x1 runtimeValidationRisk=0
[14:50:30.392][tid=32932] phase1 lifetime summary: registerCallbacks=695 registered=689 registerTid=26900 registerChanges=663 registerOnMain=26 registerOffMain=669 mainTickCalls=61696 mainTickTid=32932 mainTickChanges=0 unregisterCalls=252 unregisterTid=27332 unregisterChanges=241 unregisterOnMain=6 unregisterOffMain=246 unregisterTracked=16 unregisterUntracked=236 unregisterTrackingUnknown=0 unregisterNoId=0 lastRegister=(000001DBB36F8110,0xD9B66A75BF689770) lastUnregister=(000001DBAAF63120,0x896575) unregisterHook=1 componentEntities=0 componentSkipped=0 componentSamples=0 layoutRejects=0 nullInstance=0 nullRefCount=0 truncated=0 attitudeAttempts=21889 attitudeSourceBlocked=0 attitudeAcquire=21889 attitudeExpiredInvalid=0 attitudeAgent=30378 attitudeUnknown=0 attitudeFailClosed=0
[14:50:31.626][tid=32932] attitude path: work=4 phase2Enabled=1
[14:50:31.626][tid=32932] visibility tick: threadId=32932 processed=0 queued=0 casts=188 visible=1 occluded=94 dropped=0
[14:50:31.626][tid=32932] profile present (5000ms): snapshot[n=990 avg=49.6us max=263.1us] snapLockWait[n=990 avg=0.1us max=0.3us] snapCount[n=990 avg=23.0 max=23] poseSlots[n=2461 avg=5.7us max=22.0us] esp[n=990 avg=2.4us max=14.3us] aimbot[n=990 avg=0.6us max=1.3us]
[14:50:31.626][tid=32932] profile tick (5000ms): tickTotal[n=990 avg=29.9us max=103.1us] health[n=990 avg=18.2us max=92.1us] attitude[n=990 avg=8.5us max=49.9us] highlight[n=990 avg=1.3us max=7.5us] playerMods[n=990 avg=1.4us max=8.0us] visibility[n=990 avg=0.2us max=2.3us]
[14:50:31.626][tid=32932] profile tickdetail (5000ms): healthCollect[n=990 avg=0.2us max=0.7us] healthInvoke[n=990 avg=17.5us max=91.3us] attitudeCollect[n=990 avg=0.5us max=12.0us] attitudeInvoke[n=990 avg=1.2us max=37.0us] highlightCollect[n=990 avg=0.3us max=6.0us]
[14:50:31.672][tid=26900] ESP diagnostics: snapshots=23 categories[civilian=0 enemy=0 police=0 other=23] attitude[hostile=0 unknown=9 valid=21951 invalid=0] dead=11 categorized=0 categoryEnabled=0 projected=12 front=3 poseBounds=3 skeletonLines=0 depthRange=[10.00,11.28] maxDistance=300.0 distanceRejected=0 withinDistance=3 drawn=0 enabled=1 camera=1 health[valid=288358 invalid=101719 bars=1] nativeHighlight[queued=5 cleared=0 failures=0] visibility[on=1 available=1 occluded=0 unknown=0 casts=188 clear=1 blocked=94 dropped=0]
[14:50:32.688][tid=32932] no-recoil target: path=waiting-for-equipped-weapon playerId=0x1 weaponId=0x0 targetId=0x1 runtimeValidationRisk=0
[14:50:33.614][tid=32932] phase1 lifetime summary: registerCallbacks=695 registered=689 registerTid=26900 registerChanges=663 registerOnMain=26 registerOffMain=669 mainTickCalls=62336 mainTickTid=32932 mainTickChanges=0 unregisterCalls=252 unregisterTid=27332 unregisterChanges=241 unregisterOnMain=6 unregisterOffMain=246 unregisterTracked=16 unregisterUntracked=236 unregisterTrackingUnknown=0 unregisterNoId=0 lastRegister=(000001DBB36F8110,0xD9B66A75BF689770) lastUnregister=(000001DBAAF63120,0x896575) unregisterHook=1 componentEntities=0 componentSkipped=0 componentSamples=0 layoutRejects=0 nullInstance=0 nullRefCount=0 truncated=0 attitudeAttempts=22041 attitudeSourceBlocked=0 attitudeAcquire=22041 attitudeExpiredInvalid=0 attitudeAgent=30581 attitudeUnknown=0 attitudeFailClosed=0
[14:50:34.624][tid=32932] attitude path: work=4 phase2Enabled=1
[14:50:34.624][tid=32932] visibility tick: threadId=32932 processed=0 queued=0 casts=188 visible=1 occluded=94 dropped=0
[14:50:34.669][tid=31528] ESP diagnostics: snapshots=23 categories[civilian=0 enemy=0 police=0 other=23] attitude[hostile=0 unknown=9 valid=22093 invalid=0] dead=11 categorized=0 categoryEnabled=0 projected=12 front=3 poseBounds=3 skeletonLines=0 depthRange=[10.00,11.28] maxDistance=300.0 distanceRejected=0 withinDistance=3 drawn=0 enabled=1 camera=1 health[valid=291946 invalid=102987 bars=1] nativeHighlight[queued=5 cleared=0 failures=0] visibility[on=1 available=1 occluded=0 unknown=0 casts=188 clear=1 blocked=94 dropped=0]
[14:50:35.688][tid=32932] no-recoil target: path=waiting-for-equipped-weapon playerId=0x1 weaponId=0x0 targetId=0x1 runtimeValidationRisk=0
[14:50:36.626][tid=32932] profile present (5000ms): snapshot[n=1013 avg=48.2us max=241.1us] snapLockWait[n=1013 avg=0.1us max=0.2us] snapCount[n=1013 avg=23.0 max=23] poseSlots[n=2461 avg=5.5us max=17.3us] esp[n=1013 avg=2.4us max=15.2us] aimbot[n=1013 avg=0.6us max=1.1us]
[14:50:36.626][tid=32932] profile tick (5000ms): tickTotal[n=1013 avg=29.4us max=109.6us] health[n=1013 avg=18.0us max=53.0us] attitude[n=1013 avg=8.3us max=63.3us] highlight[n=1013 avg=1.3us max=11.6us] playerMods[n=1013 avg=1.4us max=10.8us] visibility[n=1013 avg=0.2us max=2.3us]
[14:50:36.626][tid=32932] profile tickdetail (5000ms): healthCollect[n=1013 avg=0.2us max=0.6us] healthInvoke[n=1013 avg=17.3us max=51.9us] attitudeCollect[n=1013 avg=0.4us max=4.9us] attitudeInvoke[n=1013 avg=1.2us max=25.8us] highlightCollect[n=1013 avg=0.4us max=9.5us]
[14:50:36.763][tid=32932] phase1 lifetime summary: registerCallbacks=695 registered=689 registerTid=26900 registerChanges=663 registerOnMain=26 registerOffMain=669 mainTickCalls=62976 mainTickTid=32932 mainTickChanges=0 unregisterCalls=252 unregisterTid=27332 unregisterChanges=241 unregisterOnMain=6 unregisterOffMain=246 unregisterTracked=16 unregisterUntracked=236 unregisterTrackingUnknown=0 unregisterNoId=0 lastRegister=(000001DBB36F8110,0xD9B66A75BF689770) lastUnregister=(000001DBAAF63120,0x896575) unregisterHook=1 componentEntities=0 componentSkipped=0 componentSamples=0 layoutRejects=0 nullInstance=0 nullRefCount=0 truncated=0 attitudeAttempts=22191 attitudeSourceBlocked=0 attitudeAcquire=22191 attitudeExpiredInvalid=0 attitudeAgent=30781 attitudeUnknown=0 attitudeFailClosed=0
[14:50:37.628][tid=32932] attitude path: work=4 phase2Enabled=1
[14:50:37.628][tid=32932] visibility tick: threadId=32932 processed=0 queued=0 casts=188 visible=1 occluded=94 dropped=0
[14:50:37.669][tid=33564] ESP diagnostics: snapshots=23 categories[civilian=0 enemy=0 police=0 other=23] attitude[hostile=0 unknown=9 valid=22237 invalid=0] dead=11 categorized=0 categoryEnabled=0 projected=12 front=3 poseBounds=3 skeletonLines=0 depthRange=[10.00,11.28] maxDistance=300.0 distanceRejected=0 withinDistance=3 drawn=0 enabled=1 camera=1 health[valid=295548 invalid=104257 bars=1] nativeHighlight[queued=5 cleared=0 failures=0] visibility[on=1 available=1 occluded=0 unknown=0 casts=188 clear=1 blocked=94 dropped=0]
[14:50:38.687][tid=32932] no-recoil target: path=waiting-for-equipped-weapon playerId=0x1 weaponId=0x0 targetId=0x1 runtimeValidationRisk=0
[14:50:39.907][tid=32932] phase1 lifetime summary: registerCallbacks=695 registered=689 registerTid=26900 registerChanges=663 registerOnMain=26 registerOffMain=669 mainTickCalls=63616 mainTickTid=32932 mainTickChanges=0 unregisterCalls=252 unregisterTid=27332 unregisterChanges=241 unregisterOnMain=6 unregisterOffMain=246 unregisterTracked=16 unregisterUntracked=236 unregisterTrackingUnknown=0 unregisterNoId=0 lastRegister=(000001DBB36F8110,0xD9B66A75BF689770) lastUnregister=(000001DBAAF63120,0x896575) unregisterHook=1 componentEntities=0 componentSkipped=0 componentSamples=0 layoutRejects=0 nullInstance=0 nullRefCount=0 truncated=0 attitudeAttempts=22345 attitudeSourceBlocked=0 attitudeAcquire=22345 attitudeExpiredInvalid=0 attitudeAgent=30986 attitudeUnknown=0 attitudeFailClosed=0
[14:50:40.623][tid=32932] attitude path: work=4 phase2Enabled=1
[14:50:40.623][tid=32932] visibility tick: threadId=32932 processed=0 queued=0 casts=188 visible=1 occluded=94 dropped=0
[14:50:40.675][tid=29008] ESP diagnostics: snapshots=23 categories[civilian=0 enemy=0 police=0 other=23] attitude[hostile=0 unknown=9 valid=22383 invalid=0] dead=11 categorized=0 categoryEnabled=0 projected=12 front=3 poseBounds=3 skeletonLines=0 depthRange=[10.00,11.28] maxDistance=300.0 distanceRejected=0 withinDistance=3 drawn=0 enabled=1 camera=1 health[valid=299125 invalid=105520 bars=1] nativeHighlight[queued=5 cleared=0 failures=0] visibility[on=1 available=1 occluded=0 unknown=0 casts=188 clear=1 blocked=94 dropped=0]
[14:50:41.626][tid=32932] profile present (5000ms): snapshot[n=1007 avg=47.5us max=216.3us] snapLockWait[n=1007 avg=0.1us max=0.2us] snapCount[n=1007 avg=23.0 max=23] poseSlots[n=2438 avg=5.5us max=12.2us] esp[n=1007 avg=2.4us max=13.8us] aimbot[n=1007 avg=0.6us max=1.2us]
[14:50:41.626][tid=32932] profile tick (5000ms): tickTotal[n=1007 avg=30.2us max=478.9us] health[n=1007 avg=18.8us max=470.2us] attitude[n=1007 avg=8.3us max=46.7us] highlight[n=1007 avg=1.3us max=6.3us] playerMods[n=1007 avg=1.4us max=8.1us] visibility[n=1007 avg=0.2us max=2.5us]
[14:50:41.626][tid=32932] profile tickdetail (5000ms): healthCollect[n=1007 avg=0.2us max=0.7us] healthInvoke[n=1007 avg=18.2us max=469.5us] attitudeCollect[n=1007 avg=0.4us max=4.6us] attitudeInvoke[n=1007 avg=1.2us max=25.4us] highlightCollect[n=1007 avg=0.3us max=5.1us]
[14:50:41.686][tid=32932] no-recoil target: path=waiting-for-equipped-weapon playerId=0x1 weaponId=0x0 targetId=0x1 runtimeValidationRisk=0
[14:50:43.118][tid=32932] phase1 lifetime summary: registerCallbacks=695 registered=689 registerTid=26900 registerChanges=663 registerOnMain=26 registerOffMain=669 mainTickCalls=64256 mainTickTid=32932 mainTickChanges=0 unregisterCalls=252 unregisterTid=27332 unregisterChanges=241 unregisterOnMain=6 unregisterOffMain=246 unregisterTracked=16 unregisterUntracked=236 unregisterTrackingUnknown=0 unregisterNoId=0 lastRegister=(000001DBB36F8110,0xD9B66A75BF689770) lastUnregister=(000001DBAAF63120,0x896575) unregisterHook=1 componentEntities=0 componentSkipped=0 componentSamples=0 layoutRejects=0 nullInstance=0 nullRefCount=0 truncated=0 attitudeAttempts=22497 attitudeSourceBlocked=0 attitudeAcquire=22497 attitudeExpiredInvalid=0 attitudeAgent=31189 attitudeUnknown=0 attitudeFailClosed=0
[14:50:43.623][tid=32932] attitude path: work=4 phase2Enabled=1
[14:50:43.623][tid=32932] visibility tick: threadId=32932 processed=0 queued=0 casts=188 visible=1 occluded=94 dropped=0
[14:50:43.671][tid=33784] ESP diagnostics: snapshots=23 categories[civilian=0 enemy=0 police=0 other=23] attitude[hostile=0 unknown=9 valid=22527 invalid=0] dead=11 categorized=0 categoryEnabled=0 projected=12 front=3 poseBounds=3 skeletonLines=0 depthRange=[10.00,11.28] maxDistance=300.0 distanceRejected=0 withinDistance=3 drawn=0 enabled=1 camera=1 health[valid=302678 invalid=106775 bars=1] nativeHighlight[queued=5 cleared=0 failures=0] visibility[on=1 available=1 occluded=0 unknown=0 casts=188 clear=1 blocked=94 dropped=0]
[14:50:44.688][tid=32932] no-recoil target: path=waiting-for-equipped-weapon playerId=0x1 weaponId=0x0 targetId=0x1 runtimeValidationRisk=0
[14:50:46.483][tid=32932] phase1 lifetime summary: registerCallbacks=695 registered=689 registerTid=26900 registerChanges=663 registerOnMain=26 registerOffMain=669 mainTickCalls=64896 mainTickTid=32932 mainTickChanges=0 unregisterCalls=252 unregisterTid=27332 unregisterChanges=241 unregisterOnMain=6 unregisterOffMain=246 unregisterTracked=16 unregisterUntracked=236 unregisterTrackingUnknown=0 unregisterNoId=0 lastRegister=(000001DBB36F8110,0xD9B66A75BF689770) lastUnregister=(000001DBAAF63120,0x896575) unregisterHook=1 componentEntities=0 componentSkipped=0 componentSamples=0 layoutRejects=0 nullInstance=0 nullRefCount=0 truncated=0 attitudeAttempts=22659 attitudeSourceBlocked=0 attitudeAcquire=22659 attitudeExpiredInvalid=0 attitudeAgent=31405 attitudeUnknown=0 attitudeFailClosed=0
[14:50:46.622][tid=32932] attitude path: work=0 phase2Enabled=1
[14:50:46.622][tid=32932] visibility tick: threadId=32932 processed=0 queued=0 casts=188 visible=1 occluded=94 dropped=0
[14:50:46.622][tid=32932] profile present (5000ms): snapshot[n=969 avg=48.1us max=246.2us] snapLockWait[n=969 avg=0.1us max=0.2us] snapCount[n=969 avg=23.0 max=23] poseSlots[n=2461 avg=5.4us max=21.7us] esp[n=969 avg=2.4us max=12.9us] aimbot[n=969 avg=0.6us max=1.2us]
[14:50:46.622][tid=32932] profile tick (5000ms): tickTotal[n=969 avg=29.3us max=127.7us] health[n=969 avg=17.9us max=115.1us] attitude[n=969 avg=8.3us max=41.5us] highlight[n=969 avg=1.3us max=7.3us] playerMods[n=969 avg=1.4us max=10.2us] visibility[n=969 avg=0.2us max=3.6us]
[14:50:46.622][tid=32932] profile tickdetail (5000ms): healthCollect[n=969 avg=0.2us max=0.7us] healthInvoke[n=969 avg=17.3us max=114.3us] attitudeCollect[n=969 avg=0.4us max=1.2us] attitudeInvoke[n=969 avg=1.1us max=25.1us] highlightCollect[n=969 avg=0.3us max=0.9us]
[14:50:46.675][tid=296] ESP diagnostics: snapshots=23 categories[civilian=0 enemy=0 police=0 other=23] attitude[hostile=0 unknown=9 valid=22671 invalid=0] dead=11 categorized=0 categoryEnabled=0 projected=12 front=3 poseBounds=3 skeletonLines=0 depthRange=[10.00,11.28] maxDistance=300.0 distanceRejected=0 withinDistance=3 drawn=0 enabled=1 camera=1 health[valid=306038 invalid=107959 bars=1] nativeHighlight[queued=5 cleared=0 failures=0] visibility[on=1 available=1 occluded=0 unknown=0 casts=188 clear=1 blocked=94 dropped=0]
[14:50:47.687][tid=32932] no-recoil target: path=waiting-for-equipped-weapon playerId=0x1 weaponId=0x0 targetId=0x1 runtimeValidationRisk=0
[14:50:49.625][tid=32932] attitude path: work=0 phase2Enabled=1
[14:50:49.625][tid=32932] visibility tick: threadId=32932 processed=0 queued=0 casts=188 visible=1 occluded=94 dropped=0
[14:50:49.647][tid=32932] phase1 lifetime summary: registerCallbacks=695 registered=689 registerTid=26900 registerChanges=663 registerOnMain=26 registerOffMain=669 mainTickCalls=65536 mainTickTid=32932 mainTickChanges=0 unregisterCalls=252 unregisterTid=27332 unregisterChanges=241 unregisterOnMain=6 unregisterOffMain=246 unregisterTracked=16 unregisterUntracked=236 unregisterTrackingUnknown=0 unregisterNoId=0 lastRegister=(000001DBB36F8110,0xD9B66A75BF689770) lastUnregister=(000001DBAAF63120,0x896575) unregisterHook=1 componentEntities=0 componentSkipped=0 componentSamples=0 layoutRejects=0 nullInstance=0 nullRefCount=0 truncated=0 attitudeAttempts=22813 attitudeSourceBlocked=0 attitudeAcquire=22813 attitudeExpiredInvalid=0 attitudeAgent=31610 attitudeUnknown=0 attitudeFailClosed=0
[14:50:49.673][tid=26900] ESP diagnostics: snapshots=23 categories[civilian=0 enemy=0 police=0 other=23] attitude[hostile=0 unknown=9 valid=22815 invalid=0] dead=11 categorized=0 categoryEnabled=0 projected=12 front=3 poseBounds=3 skeletonLines=0 depthRange=[10.00,11.28] maxDistance=300.0 distanceRejected=0 withinDistance=3 drawn=0 enabled=1 camera=1 health[valid=309614 invalid=109223 bars=1] nativeHighlight[queued=5 cleared=0 failures=0] visibility[on=1 available=1 occluded=0 unknown=0 casts=188 clear=1 blocked=94 dropped=0]
[14:50:50.688][tid=32932] no-recoil target: path=waiting-for-equipped-weapon playerId=0x1 weaponId=0x0 targetId=0x1 runtimeValidationRisk=0
[14:50:51.622][tid=32932] profile present (5000ms): snapshot[n=992 avg=48.1us max=314.4us] snapLockWait[n=992 avg=0.1us max=0.3us] snapCount[n=992 avg=23.0 max=23] poseSlots[n=2415 avg=5.5us max=94.1us] esp[n=992 avg=2.4us max=13.6us] aimbot[n=992 avg=0.8us max=29.1us]
[14:50:51.622][tid=32932] profile tick (5000ms): tickTotal[n=992 avg=29.5us max=100.4us] health[n=992 avg=18.2us max=61.5us] attitude[n=992 avg=8.2us max=49.0us] highlight[n=992 avg=1.2us max=7.2us] playerMods[n=992 avg=1.5us max=60.0us] visibility[n=992 avg=0.2us max=3.2us]
[14:50:51.622][tid=32932] profile tickdetail (5000ms): healthCollect[n=992 avg=0.2us max=0.8us] healthInvoke[n=992 avg=17.5us max=60.6us] attitudeCollect[n=992 avg=0.4us max=1.4us] attitudeInvoke[n=992 avg=1.1us max=30.2us] highlightCollect[n=992 avg=0.3us max=3.9us]
[14:50:52.622][tid=32932] attitude path: work=0 phase2Enabled=1
[14:50:52.622][tid=32932] visibility tick: threadId=32932 processed=0 queued=0 casts=188 visible=1 occluded=94 dropped=0
[14:50:52.669][tid=27332] ESP diagnostics: snapshots=23 categories[civilian=0 enemy=0 police=0 other=23] attitude[hostile=0 unknown=9 valid=22957 invalid=0] dead=11 categorized=0 categoryEnabled=0 projected=12 front=3 poseBounds=3 skeletonLines=0 depthRange=[10.00,11.28] maxDistance=300.0 distanceRejected=0 withinDistance=3 drawn=0 enabled=1 camera=1 health[valid=313174 invalid=110479 bars=1] nativeHighlight[queued=5 cleared=0 failures=0] visibility[on=1 available=1 occluded=0 unknown=0 casts=188 clear=1 blocked=94 dropped=0]
[14:50:52.829][tid=32932] phase1 lifetime summary: registerCallbacks=695 registered=689 registerTid=26900 registerChanges=663 registerOnMain=26 registerOffMain=669 mainTickCalls=66176 mainTickTid=32932 mainTickChanges=0 unregisterCalls=252 unregisterTid=27332 unregisterChanges=241 unregisterOnMain=6 unregisterOffMain=246 unregisterTracked=16 unregisterUntracked=236 unregisterTrackingUnknown=0 unregisterNoId=0 lastRegister=(000001DBB36F8110,0xD9B66A75BF689770) lastUnregister=(000001DBAAF63120,0x896575) unregisterHook=1 componentEntities=0 componentSkipped=0 componentSamples=0 layoutRejects=0 nullInstance=0 nullRefCount=0 truncated=0 attitudeAttempts=22965 attitudeSourceBlocked=0 attitudeAcquire=22965 attitudeExpiredInvalid=0 attitudeAgent=31813 attitudeUnknown=0 attitudeFailClosed=0
[14:50:53.688][tid=32932] no-recoil target: path=waiting-for-equipped-weapon playerId=0x1 weaponId=0x0 targetId=0x1 runtimeValidationRisk=0
[14:50:55.623][tid=32932] attitude path: work=0 phase2Enabled=1
[14:50:55.623][tid=32932] visibility tick: threadId=32932 processed=0 queued=0 casts=188 visible=1 occluded=94 dropped=0
[14:50:55.671][tid=28260] ESP diagnostics: snapshots=23 categories[civilian=0 enemy=0 police=0 other=23] attitude[hostile=0 unknown=9 valid=23101 invalid=0] dead=11 categorized=0 categoryEnabled=0 projected=12 front=3 poseBounds=3 skeletonLines=0 depthRange=[10.00,11.28] maxDistance=300.0 distanceRejected=0 withinDistance=3 drawn=0 enabled=1 camera=1 health[valid=316616 invalid=111693 bars=1] nativeHighlight[queued=5 cleared=0 failures=0] visibility[on=1 available=1 occluded=0 unknown=0 casts=188 clear=1 blocked=94 dropped=0]
[14:50:56.138][tid=32932] phase1 lifetime summary: registerCallbacks=695 registered=689 registerTid=26900 registerChanges=663 registerOnMain=26 registerOffMain=669 mainTickCalls=66816 mainTickTid=32932 mainTickChanges=0 unregisterCalls=252 unregisterTid=27332 unregisterChanges=241 unregisterOnMain=6 unregisterOffMain=246 unregisterTracked=16 unregisterUntracked=236 unregisterTrackingUnknown=0 unregisterNoId=0 lastRegister=(000001DBB36F8110,0xD9B66A75BF689770) lastUnregister=(000001DBAAF63120,0x896575) unregisterHook=1 componentEntities=0 componentSkipped=0 componentSamples=0 layoutRejects=0 nullInstance=0 nullRefCount=0 truncated=0 attitudeAttempts=23121 attitudeSourceBlocked=0 attitudeAcquire=23121 attitudeExpiredInvalid=0 attitudeAgent=32021 attitudeUnknown=0 attitudeFailClosed=0
[14:50:56.625][tid=32932] profile present (5000ms): snapshot[n=1003 avg=47.0us max=264.9us] snapLockWait[n=1003 avg=0.1us max=0.2us] snapCount[n=1003 avg=23.0 max=23] poseSlots[n=2461 avg=5.1us max=43.9us] esp[n=1003 avg=2.4us max=92.3us] aimbot[n=1003 avg=0.9us max=84.1us]
[14:50:56.625][tid=32932] profile tick (5000ms): tickTotal[n=1003 avg=31.4us max=212.9us] health[n=1003 avg=19.5us max=203.5us] attitude[n=1003 avg=8.6us max=157.9us] highlight[n=1003 avg=1.3us max=144.2us] playerMods[n=1003 avg=1.5us max=14.9us] visibility[n=1003 avg=0.2us max=2.5us]
[14:50:56.625][tid=32932] profile tickdetail (5000ms): healthCollect[n=1003 avg=0.2us max=0.7us] healthInvoke[n=1003 avg=18.9us max=202.6us] attitudeCollect[n=1003 avg=0.4us max=1.1us] attitudeInvoke[n=1003 avg=1.1us max=22.4us] highlightCollect[n=1003 avg=0.3us max=0.9us]
[14:50:56.687][tid=32932] no-recoil target: path=waiting-for-equipped-weapon playerId=0x1 weaponId=0x0 targetId=0x1 runtimeValidationRisk=0
[14:50:58.622][tid=32932] attitude path: work=0 phase2Enabled=1
[14:50:58.622][tid=32932] visibility tick: threadId=32932 processed=0 queued=0 casts=188 visible=1 occluded=94 dropped=0
[14:50:58.672][tid=33564] ESP diagnostics: snapshots=23 categories[civilian=0 enemy=0 police=0 other=23] attitude[hostile=0 unknown=9 valid=23245 invalid=0] dead=11 categorized=0 categoryEnabled=0 projected=12 front=3 poseBounds=3 skeletonLines=0 depthRange=[10.00,11.28] maxDistance=300.0 distanceRejected=0 withinDistance=3 drawn=0 enabled=1 camera=1 health[valid=320199 invalid=112958 bars=1] nativeHighlight[queued=5 cleared=0 failures=0] visibility[on=1 available=1 occluded=0 unknown=0 casts=188 clear=1 blocked=94 dropped=0]
[14:50:59.368][tid=32932] phase1 lifetime summary: registerCallbacks=695 registered=689 registerTid=26900 registerChanges=663 registerOnMain=26 registerOffMain=669 mainTickCalls=67456 mainTickTid=32932 mainTickChanges=0 unregisterCalls=252 unregisterTid=27332 unregisterChanges=241 unregisterOnMain=6 unregisterOffMain=246 unregisterTracked=16 unregisterUntracked=236 unregisterTrackingUnknown=0 unregisterNoId=0 lastRegister=(000001DBB36F8110,0xD9B66A75BF689770) lastUnregister=(000001DBAAF63120,0x896575) unregisterHook=1 componentEntities=0 componentSkipped=0 componentSamples=0 layoutRejects=0 nullInstance=0 nullRefCount=0 truncated=0 attitudeAttempts=23277 attitudeSourceBlocked=0 attitudeAcquire=23277 attitudeExpiredInvalid=0 attitudeAgent=32229 attitudeUnknown=0 attitudeFailClosed=0
[14:50:59.689][tid=32932] no-recoil target: path=waiting-for-equipped-weapon playerId=0x1 weaponId=0x0 targetId=0x1 runtimeValidationRisk=0
[14:51:01.623][tid=32932] attitude path: work=0 phase2Enabled=1
[14:51:01.623][tid=32932] visibility tick: threadId=32932 processed=0 queued=0 casts=188 visible=1 occluded=94 dropped=0
[14:51:01.623][tid=32932] profile present (5000ms): snapshot[n=959 avg=48.9us max=305.8us] snapLockWait[n=959 avg=0.1us max=0.2us] snapCount[n=959 avg=23.0 max=23] poseSlots[n=2438 avg=5.5us max=64.7us] esp[n=959 avg=2.4us max=43.0us] aimbot[n=959 avg=1.0us max=90.8us]
[14:51:01.623][tid=32932] profile tick (5000ms): tickTotal[n=959 avg=30.9us max=179.7us] health[n=959 avg=19.3us max=112.2us] attitude[n=959 avg=8.5us max=164.4us] highlight[n=959 avg=1.2us max=3.9us] playerMods[n=959 avg=1.5us max=8.2us] visibility[n=959 avg=0.2us max=2.3us]
[14:51:01.623][tid=32932] profile tickdetail (5000ms): healthCollect[n=959 avg=0.2us max=0.7us] healthInvoke[n=959 avg=18.6us max=111.3us] attitudeCollect[n=959 avg=0.4us max=0.9us] attitudeInvoke[n=959 avg=1.1us max=22.2us] highlightCollect[n=959 avg=0.3us max=0.6us]
[14:51:01.671][tid=17972] ESP diagnostics: snapshots=23 categories[civilian=0 enemy=0 police=0 other=23] attitude[hostile=0 unknown=9 valid=23389 invalid=0] dead=11 categorized=0 categoryEnabled=0 projected=12 front=3 poseBounds=3 skeletonLines=0 depthRange=[10.00,11.28] maxDistance=300.0 distanceRejected=0 withinDistance=3 drawn=0 enabled=1 camera=1 health[valid=323503 invalid=114126 bars=1] nativeHighlight[queued=5 cleared=0 failures=0] visibility[on=1 available=1 occluded=0 unknown=0 casts=188 clear=1 blocked=94 dropped=0]
[14:51:02.604][tid=32932] phase1 lifetime summary: registerCallbacks=696 registered=690 registerTid=33292 registerChanges=664 registerOnMain=26 registerOffMain=670 mainTickCalls=68096 mainTickTid=32932 mainTickChanges=0 unregisterCalls=252 unregisterTid=27332 unregisterChanges=241 unregisterOnMain=6 unregisterOffMain=246 unregisterTracked=16 unregisterUntracked=236 unregisterTrackingUnknown=0 unregisterNoId=0 lastRegister=(000001DBAC176500,0x9B04DE) lastUnregister=(000001DBAAF63120,0x896575) unregisterHook=1 componentEntities=0 componentSkipped=0 componentSamples=0 layoutRejects=0 nullInstance=0 nullRefCount=0 truncated=0 attitudeAttempts=23433 attitudeSourceBlocked=0 attitudeAcquire=23433 attitudeExpiredInvalid=0 attitudeAgent=32437 attitudeUnknown=0 attitudeFailClosed=0
[14:51:02.689][tid=32932] no-recoil target: path=waiting-for-equipped-weapon playerId=0x1 weaponId=0x0 targetId=0x1 runtimeValidationRisk=0
[14:51:04.622][tid=32932] attitude path: work=0 phase2Enabled=1
[14:51:04.622][tid=32932] visibility tick: threadId=32932 processed=0 queued=0 casts=188 visible=1 occluded=94 dropped=0
[14:51:04.671][tid=26900] ESP diagnostics: snapshots=23 categories[civilian=0 enemy=0 police=0 other=23] attitude[hostile=0 unknown=9 valid=23533 invalid=0] dead=11 categorized=0 categoryEnabled=0 projected=12 front=3 poseBounds=3 skeletonLines=0 depthRange=[10.00,11.28] maxDistance=300.0 distanceRejected=0 withinDistance=3 drawn=0 enabled=1 camera=1 health[valid=327437 invalid=115512 bars=1] nativeHighlight[queued=5 cleared=0 failures=0] visibility[on=1 available=1 occluded=0 unknown=0 casts=188 clear=1 blocked=94 dropped=0]
[14:51:05.688][tid=32932] no-recoil target: path=waiting-for-equipped-weapon playerId=0x1 weaponId=0x0 targetId=0x1 runtimeValidationRisk=0
[14:51:06.077][tid=32932] phase1 lifetime summary: registerCallbacks=696 registered=690 registerTid=33292 registerChanges=664 registerOnMain=26 registerOffMain=670 mainTickCalls=68864 mainTickTid=32932 mainTickChanges=0 unregisterCalls=252 unregisterTid=27332 unregisterChanges=241 unregisterOnMain=6 unregisterOffMain=246 unregisterTracked=16 unregisterUntracked=236 unregisterTrackingUnknown=0 unregisterNoId=0 lastRegister=(000001DBAC176500,0x9B04DE) lastUnregister=(000001DBAAF63120,0x896575) unregisterHook=1 componentEntities=0 componentSkipped=0 componentSamples=0 layoutRejects=0 nullInstance=0 nullRefCount=0 truncated=0 attitudeAttempts=23601 attitudeSourceBlocked=0 attitudeAcquire=23601 attitudeExpiredInvalid=0 attitudeAgent=32661 attitudeUnknown=0 attitudeFailClosed=0
[14:51:06.626][tid=32932] profile present (5000ms): snapshot[n=1099 avg=44.0us max=364.9us] snapLockWait[n=1099 avg=0.1us max=0.4us] snapCount[n=1099 avg=23.0 max=23] poseSlots[n=2461 avg=5.2us max=94.8us] esp[n=1099 avg=2.3us max=22.9us] aimbot[n=1099 avg=0.7us max=15.6us]
[14:51:06.626][tid=32932] profile tick (5000ms): tickTotal[n=1099 avg=31.1us max=249.7us] health[n=1099 avg=19.2us max=164.9us] attitude[n=1099 avg=8.8us max=219.0us] highlight[n=1099 avg=1.3us max=5.1us] playerMods[n=1099 avg=1.4us max=8.8us] visibility[n=1099 avg=0.2us max=2.5us]
[14:51:06.626][tid=32932] profile tickdetail (5000ms): healthCollect[n=1099 avg=0.2us max=0.7us] healthInvoke[n=1099 avg=18.5us max=164.3us] attitudeCollect[n=1099 avg=0.6us max=152.3us] attitudeInvoke[n=1099 avg=1.0us max=20.3us] highlightCollect[n=1099 avg=0.3us max=0.7us]
[14:51:07.626][tid=32932] attitude path: work=0 phase2Enabled=1
[14:51:07.626][tid=32932] visibility tick: threadId=32932 processed=0 queued=0 casts=188 visible=1 occluded=94 dropped=0
[14:51:07.671][tid=29008] ESP diagnostics: snapshots=23 categories[civilian=0 enemy=0 police=0 other=23] attitude[hostile=0 unknown=9 valid=23677 invalid=0] dead=11 categorized=0 categoryEnabled=0 projected=12 front=3 poseBounds=3 skeletonLines=0 depthRange=[10.00,11.28] maxDistance=300.0 distanceRejected=0 withinDistance=3 drawn=0 enabled=1 camera=1 health[valid=331050 invalid=116787 bars=1] nativeHighlight[queued=5 cleared=0 failures=0] visibility[on=1 available=1 occluded=0 unknown=0 casts=188 clear=1 blocked=94 dropped=0]
[14:51:08.690][tid=32932] no-recoil target: path=waiting-for-equipped-weapon playerId=0x1 weaponId=0x0 targetId=0x1 runtimeValidationRisk=0
[14:51:09.332][tid=32932] phase1 lifetime summary: registerCallbacks=696 registered=690 registerTid=33292 registerChanges=664 registerOnMain=26 registerOffMain=670 mainTickCalls=69504 mainTickTid=32932 mainTickChanges=0 unregisterCalls=252 unregisterTid=27332 unregisterChanges=241 unregisterOnMain=6 unregisterOffMain=246 unregisterTracked=16 unregisterUntracked=236 unregisterTrackingUnknown=0 unregisterNoId=0 lastRegister=(000001DBAC176500,0x9B04DE) lastUnregister=(000001DBAAF63120,0x896575) unregisterHook=1 componentEntities=0 componentSkipped=0 componentSamples=0 layoutRejects=0 nullInstance=0 nullRefCount=0 truncated=0 attitudeAttempts=23757 attitudeSourceBlocked=0 attitudeAcquire=23757 attitudeExpiredInvalid=0 attitudeAgent=32869 attitudeUnknown=0 attitudeFailClosed=0
[14:51:10.624][tid=32932] attitude path: work=0 phase2Enabled=1
[14:51:10.624][tid=32932] visibility tick: threadId=32932 processed=0 queued=0 casts=188 visible=1 occluded=94 dropped=0
[14:51:10.673][tid=29008] ESP diagnostics: snapshots=23 categories[civilian=0 enemy=0 police=0 other=23] attitude[hostile=0 unknown=9 valid=23821 invalid=0] dead=11 categorized=0 categoryEnabled=0 projected=12 front=3 poseBounds=3 skeletonLines=0 depthRange=[10.00,11.28] maxDistance=300.0 distanceRejected=0 withinDistance=3 drawn=0 enabled=1 camera=1 health[valid=334509 invalid=118008 bars=1] nativeHighlight[queued=5 cleared=0 failures=0] visibility[on=1 available=1 occluded=0 unknown=0 casts=188 clear=1 blocked=94 dropped=0]
[14:51:11.625][tid=32932] profile present (5000ms): snapshot[n=947 avg=48.4us max=336.4us] snapLockWait[n=947 avg=0.1us max=0.3us] snapCount[n=947 avg=23.0 max=23] poseSlots[n=2438 avg=5.2us max=59.7us] esp[n=947 avg=2.4us max=42.2us] aimbot[n=947 avg=0.8us max=22.9us]
[14:51:11.625][tid=32932] profile tick (5000ms): tickTotal[n=947 avg=32.4us max=285.9us] health[n=947 avg=20.3us max=276.4us] attitude[n=947 avg=9.0us max=109.3us] highlight[n=947 avg=1.2us max=5.0us] playerMods[n=947 avg=1.5us max=48.8us] visibility[n=947 avg=0.2us max=2.7us]
[14:51:11.625][tid=32932] profile tickdetail (5000ms): healthCollect[n=947 avg=0.2us max=0.6us] healthInvoke[n=947 avg=19.6us max=275.7us] attitudeCollect[n=947 avg=0.4us max=4.9us] attitudeInvoke[n=947 avg=1.4us max=97.9us] highlightCollect[n=947 avg=0.3us max=0.7us]
[14:51:11.686][tid=32932] no-recoil target: path=waiting-for-equipped-weapon playerId=0x1 weaponId=0x0 targetId=0x1 runtimeValidationRisk=0
[14:51:12.693][tid=32932] phase1 lifetime summary: registerCallbacks=696 registered=690 registerTid=33292 registerChanges=664 registerOnMain=26 registerOffMain=670 mainTickCalls=70144 mainTickTid=32932 mainTickChanges=0 unregisterCalls=252 unregisterTid=27332 unregisterChanges=241 unregisterOnMain=6 unregisterOffMain=246 unregisterTracked=16 unregisterUntracked=236 unregisterTrackingUnknown=0 unregisterNoId=0 lastRegister=(000001DBAC176500,0x9B04DE) lastUnregister=(000001DBAAF63120,0x896575) unregisterHook=1 componentEntities=0 componentSkipped=0 componentSamples=0 layoutRejects=0 nullInstance=0 nullRefCount=0 truncated=0 attitudeAttempts=23919 attitudeSourceBlocked=0 attitudeAcquire=23919 attitudeExpiredInvalid=0 attitudeAgent=33085 attitudeUnknown=0 attitudeFailClosed=0
[14:51:13.624][tid=32932] attitude path: work=0 phase2Enabled=1
[14:51:13.624][tid=32932] visibility tick: threadId=32932 processed=0 queued=0 casts=188 visible=1 occluded=94 dropped=0
[14:51:13.670][tid=30248] ESP diagnostics: snapshots=23 categories[civilian=0 enemy=0 police=0 other=23] attitude[hostile=0 unknown=9 valid=23965 invalid=0] dead=11 categorized=0 categoryEnabled=0 projected=12 front=3 poseBounds=3 skeletonLines=0 depthRange=[10.00,11.28] maxDistance=300.0 distanceRejected=0 withinDistance=3 drawn=0 enabled=1 camera=1 health[valid=338027 invalid=119250 bars=1] nativeHighlight[queued=5 cleared=0 failures=0] visibility[on=1 available=1 occluded=0 unknown=0 casts=188 clear=1 blocked=94 dropped=0]
[14:51:14.687][tid=32932] no-recoil target: path=waiting-for-equipped-weapon playerId=0x1 weaponId=0x0 targetId=0x1 runtimeValidationRisk=0
[14:51:15.982][tid=32932] phase1 lifetime summary: registerCallbacks=696 registered=690 registerTid=33292 registerChanges=664 registerOnMain=26 registerOffMain=670 mainTickCalls=70784 mainTickTid=32932 mainTickChanges=0 unregisterCalls=252 unregisterTid=27332 unregisterChanges=241 unregisterOnMain=6 unregisterOffMain=246 unregisterTracked=16 unregisterUntracked=236 unregisterTrackingUnknown=0 unregisterNoId=0 lastRegister=(000001DBAC176500,0x9B04DE) lastUnregister=(000001DBAAF63120,0x896575) unregisterHook=1 componentEntities=0 componentSkipped=0 componentSamples=0 layoutRejects=0 nullInstance=0 nullRefCount=0 truncated=0 attitudeAttempts=24075 attitudeSourceBlocked=0 attitudeAcquire=24075 attitudeExpiredInvalid=0 attitudeAgent=33293 attitudeUnknown=0 attitudeFailClosed=0
[14:51:16.624][tid=32932] attitude path: work=0 phase2Enabled=1
[14:51:16.624][tid=32932] visibility tick: threadId=32932 processed=0 queued=0 casts=188 visible=1 occluded=94 dropped=0
[14:51:16.624][tid=32932] profile present (5000ms): snapshot[n=992 avg=47.8us max=238.1us] snapLockWait[n=992 avg=0.1us max=0.2us] snapCount[n=992 avg=23.0 max=23] poseSlots[n=2461 avg=5.3us max=44.3us] esp[n=992 avg=2.3us max=12.9us] aimbot[n=992 avg=0.7us max=9.8us]
[14:51:16.624][tid=32932] profile tick (5000ms): tickTotal[n=992 avg=31.0us max=210.6us] health[n=992 avg=19.4us max=201.8us] attitude[n=992 avg=8.5us max=63.7us] highlight[n=992 avg=1.2us max=3.2us] playerMods[n=992 avg=1.5us max=19.4us] visibility[n=992 avg=0.2us max=4.7us]
[14:51:16.624][tid=32932] profile tickdetail (5000ms): healthCollect[n=992 avg=0.2us max=4.6us] healthInvoke[n=992 avg=18.7us max=201.0us] attitudeCollect[n=992 avg=0.5us max=57.7us] attitudeInvoke[n=992 avg=1.1us max=26.4us] highlightCollect[n=992 avg=0.3us max=0.5us]
[14:51:16.670][tid=33292] ESP diagnostics: snapshots=23 categories[civilian=0 enemy=0 police=0 other=23] attitude[hostile=0 unknown=9 valid=24109 invalid=0] dead=11 categorized=0 categoryEnabled=0 projected=12 front=3 poseBounds=3 skeletonLines=0 depthRange=[10.00,11.28] maxDistance=300.0 distanceRejected=0 withinDistance=3 drawn=0 enabled=1 camera=1 health[valid=341462 invalid=120463 bars=1] nativeHighlight[queued=5 cleared=0 failures=0] visibility[on=1 available=1 occluded=0 unknown=0 casts=188 clear=1 blocked=94 dropped=0]
[14:51:17.686][tid=32932] no-recoil target: path=waiting-for-equipped-weapon playerId=0x1 weaponId=0x0 targetId=0x1 runtimeValidationRisk=0
[14:51:19.015][tid=32932] phase1 lifetime summary: registerCallbacks=696 registered=690 registerTid=33292 registerChanges=664 registerOnMain=26 registerOffMain=670 mainTickCalls=71424 mainTickTid=32932 mainTickChanges=0 unregisterCalls=252 unregisterTid=27332 unregisterChanges=241 unregisterOnMain=6 unregisterOffMain=246 unregisterTracked=16 unregisterUntracked=236 unregisterTrackingUnknown=0 unregisterNoId=0 lastRegister=(000001DBAC176500,0x9B04DE) lastUnregister=(000001DBAAF63120,0x896575) unregisterHook=1 componentEntities=0 componentSkipped=0 componentSamples=0 layoutRejects=0 nullInstance=0 nullRefCount=0 truncated=0 attitudeAttempts=24219 attitudeSourceBlocked=0 attitudeAcquire=24219 attitudeExpiredInvalid=0 attitudeAgent=33485 attitudeUnknown=0 attitudeFailClosed=0
[14:51:19.624][tid=32932] attitude path: work=0 phase2Enabled=1
[14:51:19.624][tid=32932] visibility tick: threadId=32932 processed=0 queued=0 casts=188 visible=1 occluded=94 dropped=0
[14:51:19.670][tid=33784] ESP diagnostics: snapshots=23 categories[civilian=0 enemy=0 police=0 other=23] attitude[hostile=0 unknown=9 valid=24253 invalid=0] dead=11 categorized=0 categoryEnabled=0 projected=12 front=3 poseBounds=3 skeletonLines=0 depthRange=[10.00,11.28] maxDistance=300.0 distanceRejected=0 withinDistance=3 drawn=0 enabled=1 camera=1 health[valid=345163 invalid=121770 bars=1] nativeHighlight[queued=5 cleared=0 failures=0] visibility[on=1 available=1 occluded=0 unknown=0 casts=188 clear=1 blocked=94 dropped=0]
[14:51:20.689][tid=32932] no-recoil target: path=waiting-for-equipped-weapon playerId=0x1 weaponId=0x0 targetId=0x1 runtimeValidationRisk=0
[14:51:21.627][tid=32932] profile present (5000ms): snapshot[n=1005 avg=47.7us max=255.5us] snapLockWait[n=1005 avg=0.1us max=0.4us] snapCount[n=1005 avg=23.0 max=23] poseSlots[n=2461 avg=5.3us max=49.8us] esp[n=1005 avg=2.4us max=47.8us] aimbot[n=1005 avg=0.6us max=6.8us]
[14:51:21.627][tid=32932] profile tick (5000ms): tickTotal[n=1005 avg=31.3us max=198.6us] health[n=1005 avg=19.5us max=188.7us] attitude[n=1005 avg=8.4us max=43.2us] highlight[n=1005 avg=1.2us max=7.6us] playerMods[n=1005 avg=1.6us max=180.9us] visibility[n=1005 avg=0.2us max=2.2us]
[14:51:21.627][tid=32932] profile tickdetail (5000ms): healthCollect[n=1005 avg=0.2us max=0.5us] healthInvoke[n=1005 avg=18.8us max=187.7us] attitudeCollect[n=1005 avg=0.4us max=0.9us] attitudeInvoke[n=1005 avg=1.1us max=23.7us] highlightCollect[n=1005 avg=0.3us max=6.4us]
[14:51:22.435][tid=32932] phase1 lifetime summary: registerCallbacks=697 registered=691 registerTid=27332 registerChanges=665 registerOnMain=26 registerOffMain=671 mainTickCalls=72064 mainTickTid=32932 mainTickChanges=0 unregisterCalls=253 unregisterTid=29008 unregisterChanges=242 unregisterOnMain=6 unregisterOffMain=247 unregisterTracked=16 unregisterUntracked=237 unregisterTrackingUnknown=0 unregisterNoId=0 lastRegister=(000001DBAB47ADC0,0x9B04E0) lastUnregister=(000001DBAC176500,0x9B04DE) unregisterHook=1 componentEntities=0 componentSkipped=0 componentSamples=0 layoutRejects=0 nullInstance=0 nullRefCount=0 truncated=0 attitudeAttempts=24387 attitudeSourceBlocked=0 attitudeAcquire=24387 attitudeExpiredInvalid=0 attitudeAgent=33709 attitudeUnknown=0 attitudeFailClosed=0
[14:51:22.623][tid=32932] attitude path: work=0 phase2Enabled=1
[14:51:22.623][tid=32932] visibility tick: threadId=32932 processed=0 queued=0 casts=188 visible=1 occluded=94 dropped=0
[14:51:22.673][tid=31528] ESP diagnostics: snapshots=23 categories[civilian=0 enemy=0 police=0 other=23] attitude[hostile=0 unknown=9 valid=24399 invalid=0] dead=11 categorized=0 categoryEnabled=0 projected=12 front=3 poseBounds=3 skeletonLines=0 depthRange=[10.00,11.28] maxDistance=300.0 distanceRejected=0 withinDistance=3 drawn=0 enabled=1 camera=1 health[valid=348504 invalid=122949 bars=1] nativeHighlight[queued=5 cleared=0 failures=0] visibility[on=1 available=1 occluded=0 unknown=0 casts=188 clear=1 blocked=94 dropped=0]
[14:51:23.685][tid=32932] no-recoil target: path=waiting-for-equipped-weapon playerId=0x1 weaponId=0x0 targetId=0x1 runtimeValidationRisk=0
[14:51:25.628][tid=32932] phase1 lifetime summary: registerCallbacks=697 registered=691 registerTid=27332 registerChanges=665 registerOnMain=26 registerOffMain=671 mainTickCalls=72704 mainTickTid=32932 mainTickChanges=0 unregisterCalls=253 unregisterTid=29008 unregisterChanges=242 unregisterOnMain=6 unregisterOffMain=247 unregisterTracked=16 unregisterUntracked=237 unregisterTrackingUnknown=0 unregisterNoId=0 lastRegister=(000001DBAB47ADC0,0x9B04E0) lastUnregister=(000001DBAC176500,0x9B04DE) unregisterHook=1 componentEntities=0 componentSkipped=0 componentSamples=0 layoutRejects=0 nullInstance=0 nullRefCount=0 truncated=0 attitudeAttempts=24537 attitudeSourceBlocked=0 attitudeAcquire=24537 attitudeExpiredInvalid=0 attitudeAgent=33909 attitudeUnknown=0 attitudeFailClosed=0
[14:51:25.628][tid=32932] attitude path: work=0 phase2Enabled=1
[14:51:25.628][tid=32932] visibility tick: threadId=32932 processed=0 queued=0 casts=188 visible=1 occluded=94 dropped=0
[14:51:25.674][tid=28260] ESP diagnostics: snapshots=23 categories[civilian=0 enemy=0 police=0 other=23] attitude[hostile=0 unknown=9 valid=24543 invalid=0] dead=11 categorized=0 categoryEnabled=0 projected=12 front=3 poseBounds=3 skeletonLines=0 depthRange=[10.00,11.28] maxDistance=300.0 distanceRejected=0 withinDistance=3 drawn=0 enabled=1 camera=1 health[valid=352006 invalid=124183 bars=1] nativeHighlight[queued=5 cleared=0 failures=0] visibility[on=1 available=1 occluded=0 unknown=0 casts=188 clear=1 blocked=94 dropped=0]
[14:51:26.627][tid=32932] profile present (5000ms): snapshot[n=957 avg=50.7us max=328.8us] snapLockWait[n=957 avg=0.1us max=0.3us] snapCount[n=957 avg=23.0 max=23] poseSlots[n=2438 avg=5.6us max=58.5us] esp[n=957 avg=2.4us max=15.9us] aimbot[n=957 avg=1.1us max=54.9us]
[14:51:26.627][tid=32932] profile tick (5000ms): tickTotal[n=957 avg=32.4us max=229.0us] health[n=957 avg=20.3us max=128.4us] attitude[n=957 avg=9.0us max=207.6us] highlight[n=957 avg=1.2us max=7.3us] playerMods[n=957 avg=1.5us max=52.8us] visibility[n=957 avg=0.2us max=2.2us]
[14:51:26.627][tid=32932] profile tickdetail (5000ms): healthCollect[n=957 avg=0.2us max=0.6us] healthInvoke[n=957 avg=19.6us max=127.8us] attitudeCollect[n=957 avg=0.4us max=1.2us] attitudeInvoke[n=957 avg=1.2us max=25.4us] highlightCollect[n=957 avg=0.3us max=1.0us]
[14:51:26.688][tid=32932] no-recoil target: path=waiting-for-equipped-weapon playerId=0x1 weaponId=0x0 targetId=0x1 runtimeValidationRisk=0
[14:51:28.624][tid=32932] attitude path: work=0 phase2Enabled=1
[14:51:28.624][tid=32932] visibility tick: threadId=32932 processed=0 queued=0 casts=188 visible=1 occluded=94 dropped=0
[14:51:28.683][tid=29008] ESP diagnostics: snapshots=23 categories[civilian=0 enemy=0 police=0 other=23] attitude[hostile=0 unknown=9 valid=24687 invalid=0] dead=11 categorized=0 categoryEnabled=0 projected=12 front=3 poseBounds=3 skeletonLines=0 depthRange=[10.00,11.28] maxDistance=300.0 distanceRejected=0 withinDistance=3 drawn=0 enabled=1 camera=1 health[valid=355299 invalid=125346 bars=1] nativeHighlight[queued=5 cleared=0 failures=0] visibility[on=1 available=1 occluded=0 unknown=0 casts=188 clear=1 blocked=94 dropped=0]
[14:51:29.108][tid=32932] phase1 lifetime summary: registerCallbacks=697 registered=691 registerTid=27332 registerChanges=665 registerOnMain=26 registerOffMain=671 mainTickCalls=73344 mainTickTid=32932 mainTickChanges=0 unregisterCalls=253 unregisterTid=29008 unregisterChanges=242 unregisterOnMain=6 unregisterOffMain=247 unregisterTracked=16 unregisterUntracked=237 unregisterTrackingUnknown=0 unregisterNoId=0 lastRegister=(000001DBAB47ADC0,0x9B04E0) lastUnregister=(000001DBAC176500,0x9B04DE) unregisterHook=1 componentEntities=0 componentSkipped=0 componentSamples=0 layoutRejects=0 nullInstance=0 nullRefCount=0 truncated=0 attitudeAttempts=24705 attitudeSourceBlocked=0 attitudeAcquire=24705 attitudeExpiredInvalid=0 attitudeAgent=34133 attitudeUnknown=0 attitudeFailClosed=0
[14:51:29.685][tid=32932] no-recoil target: path=waiting-for-equipped-weapon playerId=0x1 weaponId=0x0 targetId=0x1 runtimeValidationRisk=0
[14:51:31.622][tid=32932] attitude path: work=0 phase2Enabled=1
[14:51:31.622][tid=32932] visibility tick: threadId=32932 processed=0 queued=0 casts=188 visible=1 occluded=94 dropped=0
[14:51:31.622][tid=32932] profile present (5000ms): snapshot[n=924 avg=51.3us max=238.1us] snapLockWait[n=924 avg=0.1us max=0.4us] snapCount[n=924 avg=23.0 max=23] poseSlots[n=2438 avg=5.3us max=44.7us] esp[n=924 avg=2.4us max=15.1us] aimbot[n=924 avg=1.1us max=131.9us]
[14:51:31.622][tid=32932] profile tick (5000ms): tickTotal[n=924 avg=32.4us max=227.1us] health[n=924 avg=20.2us max=80.3us] attitude[n=924 avg=8.9us max=210.3us] highlight[n=924 avg=1.2us max=3.5us] playerMods[n=924 avg=1.6us max=123.4us] visibility[n=924 avg=0.2us max=4.4us]
[14:51:31.622][tid=32932] profile tickdetail (5000ms): healthCollect[n=924 avg=0.2us max=0.7us] healthInvoke[n=924 avg=19.5us max=78.9us] attitudeCollect[n=924 avg=0.4us max=0.9us] attitudeInvoke[n=924 avg=1.2us max=31.7us] highlightCollect[n=924 avg=0.3us max=0.6us]
[14:51:31.672][tid=31528] ESP diagnostics: snapshots=23 categories[civilian=0 enemy=0 police=0 other=23] attitude[hostile=0 unknown=9 valid=24829 invalid=0] dead=11 categorized=0 categoryEnabled=0 projected=12 front=3 poseBounds=3 skeletonLines=0 depthRange=[10.00,11.28] maxDistance=300.0 distanceRejected=0 withinDistance=3 drawn=0 enabled=1 camera=1 health[valid=358527 invalid=126486 bars=1] nativeHighlight[queued=5 cleared=0 failures=0] visibility[on=1 available=1 occluded=0 unknown=0 casts=188 clear=1 blocked=94 dropped=0]
[14:51:32.505][tid=32932] phase1 lifetime summary: registerCallbacks=697 registered=691 registerTid=27332 registerChanges=665 registerOnMain=26 registerOffMain=671 mainTickCalls=73984 mainTickTid=32932 mainTickChanges=0 unregisterCalls=253 unregisterTid=29008 unregisterChanges=242 unregisterOnMain=6 unregisterOffMain=247 unregisterTracked=16 unregisterUntracked=237 unregisterTrackingUnknown=0 unregisterNoId=0 lastRegister=(000001DBAB47ADC0,0x9B04E0) lastUnregister=(000001DBAC176500,0x9B04DE) unregisterHook=1 componentEntities=0 componentSkipped=0 componentSamples=0 layoutRejects=0 nullInstance=0 nullRefCount=0 truncated=0 attitudeAttempts=24867 attitudeSourceBlocked=0 attitudeAcquire=24867 attitudeExpiredInvalid=0 attitudeAgent=34349 attitudeUnknown=0 attitudeFailClosed=0
[14:51:32.685][tid=32932] no-recoil target: path=waiting-for-equipped-weapon playerId=0x1 weaponId=0x0 targetId=0x1 runtimeValidationRisk=0
[14:51:34.626][tid=32932] attitude path: work=0 phase2Enabled=1
[14:51:34.626][tid=32932] visibility tick: threadId=32932 processed=0 queued=0 casts=188 visible=1 occluded=94 dropped=0
[14:51:34.670][tid=32624] ESP diagnostics: snapshots=23 categories[civilian=0 enemy=0 police=0 other=23] attitude[hostile=0 unknown=9 valid=24973 invalid=0] dead=11 categorized=0 categoryEnabled=0 projected=12 front=3 poseBounds=3 skeletonLines=0 depthRange=[10.00,11.28] maxDistance=300.0 distanceRejected=0 withinDistance=3 drawn=0 enabled=1 camera=1 health[valid=362134 invalid=127759 bars=1] nativeHighlight[queued=5 cleared=0 failures=0] visibility[on=1 available=1 occluded=0 unknown=0 casts=188 clear=1 blocked=94 dropped=0]
[14:51:35.598][tid=32932] phase1 lifetime summary: registerCallbacks=697 registered=691 registerTid=27332 registerChanges=665 registerOnMain=26 registerOffMain=671 mainTickCalls=74624 mainTickTid=32932 mainTickChanges=0 unregisterCalls=253 unregisterTid=29008 unregisterChanges=242 unregisterOnMain=6 unregisterOffMain=247 unregisterTracked=16 unregisterUntracked=237 unregisterTrackingUnknown=0 unregisterNoId=0 lastRegister=(000001DBAB47ADC0,0x9B04E0) lastUnregister=(000001DBAC176500,0x9B04DE) unregisterHook=1 componentEntities=0 componentSkipped=0 componentSamples=0 layoutRejects=0 nullInstance=0 nullRefCount=0 truncated=0 attitudeAttempts=25017 attitudeSourceBlocked=0 attitudeAcquire=25017 attitudeExpiredInvalid=0 attitudeAgent=34549 attitudeUnknown=0 attitudeFailClosed=0
[14:51:35.687][tid=32932] no-recoil target: path=waiting-for-equipped-weapon playerId=0x1 weaponId=0x0 targetId=0x1 runtimeValidationRisk=0
[14:51:36.622][tid=32932] profile present (5000ms): snapshot[n=1040 avg=47.9us max=257.2us] snapLockWait[n=1040 avg=0.1us max=0.2us] snapCount[n=1040 avg=23.0 max=23] poseSlots[n=2461 avg=5.3us max=60.6us] esp[n=1040 avg=2.4us max=16.7us] aimbot[n=1040 avg=0.9us max=22.0us]
[14:51:36.622][tid=32932] profile tick (5000ms): tickTotal[n=1040 avg=31.4us max=112.1us] health[n=1040 avg=19.9us max=87.2us] attitude[n=1040 avg=8.4us max=53.8us] highlight[n=1040 avg=1.2us max=25.9us] playerMods[n=1040 avg=1.5us max=9.5us] visibility[n=1040 avg=0.2us max=2.1us]
[14:51:36.622][tid=32932] profile tickdetail (5000ms): healthCollect[n=1040 avg=0.2us max=12.9us] healthInvoke[n=1040 avg=19.1us max=85.9us] attitudeCollect[n=1040 avg=0.4us max=10.9us] attitudeInvoke[n=1040 avg=1.1us max=22.2us] highlightCollect[n=1040 avg=0.3us max=1.4us]
[14:51:37.622][tid=32932] attitude path: work=0 phase2Enabled=1
[14:51:37.622][tid=32932] visibility tick: threadId=32932 processed=0 queued=0 casts=188 visible=1 occluded=94 dropped=0
[14:51:37.670][tid=23524] ESP diagnostics: snapshots=23 categories[civilian=0 enemy=0 police=0 other=23] attitude[hostile=0 unknown=9 valid=25119 invalid=0] dead=11 categorized=0 categoryEnabled=0 projected=12 front=3 poseBounds=3 skeletonLines=0 depthRange=[10.00,11.28] maxDistance=300.0 distanceRejected=0 withinDistance=3 drawn=0 enabled=1 camera=1 health[valid=365848 invalid=129069 bars=1] nativeHighlight[queued=5 cleared=0 failures=0] visibility[on=1 available=1 occluded=0 unknown=0 casts=188 clear=1 blocked=94 dropped=0]
[14:51:38.689][tid=32932] no-recoil target: path=waiting-for-equipped-weapon playerId=0x1 weaponId=0x0 targetId=0x1 runtimeValidationRisk=0
[14:51:38.716][tid=32932] phase1 lifetime summary: registerCallbacks=697 registered=691 registerTid=27332 registerChanges=665 registerOnMain=26 registerOffMain=671 mainTickCalls=75264 mainTickTid=32932 mainTickChanges=0 unregisterCalls=253 unregisterTid=29008 unregisterChanges=242 unregisterOnMain=6 unregisterOffMain=247 unregisterTracked=16 unregisterUntracked=237 unregisterTrackingUnknown=0 unregisterNoId=0 lastRegister=(000001DBAB47ADC0,0x9B04E0) lastUnregister=(000001DBAC176500,0x9B04DE) unregisterHook=1 componentEntities=0 componentSkipped=0 componentSamples=0 layoutRejects=0 nullInstance=0 nullRefCount=0 truncated=0 attitudeAttempts=25167 attitudeSourceBlocked=0 attitudeAcquire=25167 attitudeExpiredInvalid=0 attitudeAgent=34749 attitudeUnknown=0 attitudeFailClosed=0
[14:51:40.623][tid=32932] attitude path: work=0 phase2Enabled=1
[14:51:40.623][tid=32932] visibility tick: threadId=32932 processed=0 queued=0 casts=188 visible=1 occluded=94 dropped=0
[14:51:40.673][tid=30248] ESP diagnostics: snapshots=23 categories[civilian=0 enemy=0 police=0 other=23] attitude[hostile=0 unknown=9 valid=25263 invalid=0] dead=11 categorized=0 categoryEnabled=0 projected=12 front=3 poseBounds=3 skeletonLines=0 depthRange=[10.00,11.28] maxDistance=300.0 distanceRejected=0 withinDistance=3 drawn=0 enabled=1 camera=1 health[valid=369561 invalid=130380 bars=1] nativeHighlight[queued=5 cleared=0 failures=0] visibility[on=1 available=1 occluded=0 unknown=0 casts=188 clear=1 blocked=94 dropped=0]
[14:51:41.622][tid=32932] profile present (5000ms): snapshot[n=1028 avg=49.0us max=397.8us] snapLockWait[n=1028 avg=0.1us max=55.5us] snapCount[n=1028 avg=23.0 max=23] poseSlots[n=2415 avg=5.7us max=20.2us] esp[n=1028 avg=2.4us max=13.5us] aimbot[n=1028 avg=0.9us max=61.8us]
[14:51:41.622][tid=32932] profile tick (5000ms): tickTotal[n=1028 avg=30.8us max=705.4us] health[n=1028 avg=19.5us max=696.8us] attitude[n=1028 avg=8.3us max=89.2us] highlight[n=1028 avg=1.2us max=6.8us] playerMods[n=1028 avg=1.4us max=9.5us] visibility[n=1028 avg=0.2us max=5.7us]
[14:51:41.622][tid=32932] profile tickdetail (5000ms): healthCollect[n=1028 avg=0.2us max=0.7us] healthInvoke[n=1028 avg=18.8us max=696.1us] attitudeCollect[n=1028 avg=0.4us max=5.0us] attitudeInvoke[n=1028 avg=1.1us max=22.3us] highlightCollect[n=1028 avg=0.3us max=5.5us]
[14:51:41.685][tid=32932] no-recoil target: path=waiting-for-equipped-weapon playerId=0x1 weaponId=0x0 targetId=0x1 runtimeValidationRisk=0
[14:51:41.771][tid=32932] phase1 lifetime summary: registerCallbacks=697 registered=691 registerTid=27332 registerChanges=665 registerOnMain=26 registerOffMain=671 mainTickCalls=75904 mainTickTid=32932 mainTickChanges=0 unregisterCalls=253 unregisterTid=29008 unregisterChanges=242 unregisterOnMain=6 unregisterOffMain=247 unregisterTracked=16 unregisterUntracked=237 unregisterTrackingUnknown=0 unregisterNoId=0 lastRegister=(000001DBAB47ADC0,0x9B04E0) lastUnregister=(000001DBAC176500,0x9B04DE) unregisterHook=1 componentEntities=0 componentSkipped=0 componentSamples=0 layoutRejects=0 nullInstance=0 nullRefCount=0 truncated=0 attitudeAttempts=25311 attitudeSourceBlocked=0 attitudeAcquire=25311 attitudeExpiredInvalid=0 attitudeAgent=34941 attitudeUnknown=0 attitudeFailClosed=0
[14:51:43.623][tid=32932] attitude path: work=0 phase2Enabled=1
[14:51:43.623][tid=32932] visibility tick: threadId=32932 processed=0 queued=0 casts=188 visible=1 occluded=94 dropped=0
[14:51:43.671][tid=33784] ESP diagnostics: snapshots=23 categories[civilian=0 enemy=0 police=0 other=23] attitude[hostile=0 unknown=9 valid=25407 invalid=0] dead=11 categorized=0 categoryEnabled=0 projected=12 front=3 poseBounds=3 skeletonLines=0 depthRange=[10.00,11.28] maxDistance=300.0 distanceRejected=0 withinDistance=3 drawn=0 enabled=1 camera=1 health[valid=373364 invalid=131721 bars=1] nativeHighlight[queued=5 cleared=0 failures=0] visibility[on=1 available=1 occluded=0 unknown=0 casts=188 clear=1 blocked=94 dropped=0]
[14:51:44.688][tid=32932] no-recoil target: path=waiting-for-equipped-weapon playerId=0x1 weaponId=0x0 targetId=0x1 runtimeValidationRisk=0
[14:51:45.219][tid=32932] phase1 lifetime summary: registerCallbacks=697 registered=691 registerTid=27332 registerChanges=665 registerOnMain=26 registerOffMain=671 mainTickCalls=76672 mainTickTid=32932 mainTickChanges=0 unregisterCalls=253 unregisterTid=29008 unregisterChanges=242 unregisterOnMain=6 unregisterOffMain=247 unregisterTracked=16 unregisterUntracked=237 unregisterTrackingUnknown=0 unregisterNoId=0 lastRegister=(000001DBAB47ADC0,0x9B04E0) lastUnregister=(000001DBAC176500,0x9B04DE) unregisterHook=1 componentEntities=0 componentSkipped=0 componentSamples=0 layoutRejects=0 nullInstance=0 nullRefCount=0 truncated=0 attitudeAttempts=25479 attitudeSourceBlocked=0 attitudeAcquire=25479 attitudeExpiredInvalid=0 attitudeAgent=35165 attitudeUnknown=0 attitudeFailClosed=0
[14:51:46.629][tid=32932] attitude path: work=2 phase2Enabled=1
[14:51:46.629][tid=32932] visibility tick: threadId=32932 processed=0 queued=0 casts=188 visible=1 occluded=94 dropped=0
[14:51:46.629][tid=32932] profile present (5000ms): snapshot[n=1100 avg=45.9us max=285.7us] snapLockWait[n=1100 avg=0.1us max=5.4us] snapCount[n=1100 avg=23.0 max=23] poseSlots[n=2438 avg=5.7us max=55.4us] esp[n=1100 avg=2.4us max=17.6us] aimbot[n=1100 avg=0.8us max=20.1us]
[14:51:46.629][tid=32932] profile tick (5000ms): tickTotal[n=1100 avg=29.1us max=130.7us] health[n=1100 avg=17.7us max=64.6us] attitude[n=1100 avg=8.2us max=61.9us] highlight[n=1100 avg=1.3us max=6.7us] playerMods[n=1100 avg=1.5us max=90.1us] visibility[n=1100 avg=0.2us max=2.4us]
[14:51:46.629][tid=32932] profile tickdetail (5000ms): healthCollect[n=1100 avg=0.2us max=0.6us] healthInvoke[n=1100 avg=17.1us max=63.7us] attitudeCollect[n=1100 avg=0.5us max=12.1us] attitudeInvoke[n=1100 avg=1.1us max=33.9us] highlightCollect[n=1100 avg=0.3us max=5.5us]
[14:51:46.672][tid=33784] ESP diagnostics: snapshots=23 categories[civilian=0 enemy=0 police=0 other=23] attitude[hostile=0 unknown=9 valid=25551 invalid=0] dead=11 categorized=0 categoryEnabled=0 projected=12 front=3 poseBounds=3 skeletonLines=0 depthRange=[10.00,11.28] maxDistance=300.0 distanceRejected=0 withinDistance=3 drawn=0 enabled=1 camera=1 health[valid=377259 invalid=133098 bars=1] nativeHighlight[queued=5 cleared=0 failures=0] visibility[on=1 available=1 occluded=0 unknown=0 casts=188 clear=1 blocked=94 dropped=0]
[14:51:47.687][tid=32932] no-recoil target: path=waiting-for-equipped-weapon playerId=0x1 weaponId=0x0 targetId=0x1 runtimeValidationRisk=0
[14:51:48.731][tid=32932] phase1 lifetime summary: registerCallbacks=697 registered=691 registerTid=27332 registerChanges=665 registerOnMain=26 registerOffMain=671 mainTickCalls=77440 mainTickTid=32932 mainTickChanges=0 unregisterCalls=253 unregisterTid=29008 unregisterChanges=242 unregisterOnMain=6 unregisterOffMain=247 unregisterTracked=16 unregisterUntracked=237 unregisterTrackingUnknown=0 unregisterNoId=0 lastRegister=(000001DBAB47ADC0,0x9B04E0) lastUnregister=(000001DBAC176500,0x9B04DE) unregisterHook=1 componentEntities=0 componentSkipped=0 componentSamples=0 layoutRejects=0 nullInstance=0 nullRefCount=0 truncated=0 attitudeAttempts=25647 attitudeSourceBlocked=0 attitudeAcquire=25647 attitudeExpiredInvalid=0 attitudeAgent=35389 attitudeUnknown=0 attitudeFailClosed=0
[14:51:49.623][tid=32932] attitude path: work=2 phase2Enabled=1
[14:51:49.623][tid=32932] visibility tick: threadId=32932 processed=0 queued=0 casts=188 visible=1 occluded=94 dropped=0
[14:51:49.671][tid=26900] ESP diagnostics: snapshots=23 categories[civilian=0 enemy=0 police=0 other=23] attitude[hostile=0 unknown=9 valid=25695 invalid=0] dead=11 categorized=0 categoryEnabled=0 projected=12 front=3 poseBounds=3 skeletonLines=0 depthRange=[10.00,11.28] maxDistance=300.0 distanceRejected=0 withinDistance=3 drawn=0 enabled=1 camera=1 health[valid=381210 invalid=134491 bars=1] nativeHighlight[queued=5 cleared=0 failures=0] visibility[on=1 available=1 occluded=0 unknown=0 casts=188 clear=1 blocked=94 dropped=0]
[14:51:50.686][tid=32932] no-recoil target: path=waiting-for-equipped-weapon playerId=0x1 weaponId=0x0 targetId=0x1 runtimeValidationRisk=0
[14:51:51.626][tid=32932] profile present (5000ms): snapshot[n=1090 avg=46.3us max=303.5us] snapLockWait[n=1090 avg=0.1us max=0.2us] snapCount[n=1090 avg=23.0 max=23] poseSlots[n=2461 avg=5.7us max=97.2us] esp[n=1090 avg=2.4us max=13.4us] aimbot[n=1090 avg=0.9us max=15.7us]
[14:51:51.626][tid=32932] profile tick (5000ms): tickTotal[n=1090 avg=27.9us max=75.0us] health[n=1090 avg=17.1us max=48.2us] attitude[n=1090 avg=7.8us max=54.7us] highlight[n=1090 avg=1.2us max=11.1us] playerMods[n=1090 avg=1.4us max=13.5us] visibility[n=1090 avg=0.1us max=2.1us]
[14:51:51.626][tid=32932] profile tickdetail (5000ms): healthCollect[n=1090 avg=0.2us max=4.3us] healthInvoke[n=1090 avg=16.5us max=47.3us] attitudeCollect[n=1090 avg=0.4us max=1.0us] attitudeInvoke[n=1090 avg=1.0us max=34.8us] highlightCollect[n=1090 avg=0.3us max=0.8us]
[14:51:51.725][tid=32932] phase1 lifetime summary: registerCallbacks=697 registered=691 registerTid=27332 registerChanges=665 registerOnMain=26 registerOffMain=671 mainTickCalls=78080 mainTickTid=32932 mainTickChanges=0 unregisterCalls=253 unregisterTid=29008 unregisterChanges=242 unregisterOnMain=6 unregisterOffMain=247 unregisterTracked=16 unregisterUntracked=237 unregisterTrackingUnknown=0 unregisterNoId=0 lastRegister=(000001DBAB47ADC0,0x9B04E0) lastUnregister=(000001DBAC176500,0x9B04DE) unregisterHook=1 componentEntities=0 componentSkipped=0 componentSamples=0 layoutRejects=0 nullInstance=0 nullRefCount=0 truncated=0 attitudeAttempts=25791 attitudeSourceBlocked=0 attitudeAcquire=25791 attitudeExpiredInvalid=0 attitudeAgent=35581 attitudeUnknown=0 attitudeFailClosed=0
[14:51:52.625][tid=32932] attitude path: work=2 phase2Enabled=1
[14:51:52.625][tid=32932] visibility tick: threadId=32932 processed=0 queued=0 casts=188 visible=1 occluded=94 dropped=0
[14:51:52.672][tid=26900] ESP diagnostics: snapshots=23 categories[civilian=0 enemy=0 police=0 other=23] attitude[hostile=0 unknown=9 valid=25839 invalid=0] dead=11 categorized=0 categoryEnabled=0 projected=12 front=3 poseBounds=3 skeletonLines=0 depthRange=[10.00,11.28] maxDistance=300.0 distanceRejected=0 withinDistance=3 drawn=0 enabled=1 camera=1 health[valid=385042 invalid=135843 bars=1] nativeHighlight[queued=5 cleared=0 failures=0] visibility[on=1 available=1 occluded=0 unknown=0 casts=188 clear=1 blocked=94 dropped=0]
[14:51:53.686][tid=32932] no-recoil target: path=waiting-for-equipped-weapon playerId=0x1 weaponId=0x0 targetId=0x1 runtimeValidationRisk=0
[14:51:55.077][tid=32932] phase1 lifetime summary: registerCallbacks=697 registered=691 registerTid=27332 registerChanges=665 registerOnMain=26 registerOffMain=671 mainTickCalls=78848 mainTickTid=32932 mainTickChanges=0 unregisterCalls=253 unregisterTid=29008 unregisterChanges=242 unregisterOnMain=6 unregisterOffMain=247 unregisterTracked=16 unregisterUntracked=237 unregisterTrackingUnknown=0 unregisterNoId=0 lastRegister=(000001DBAB47ADC0,0x9B04E0) lastUnregister=(000001DBAC176500,0x9B04DE) unregisterHook=1 componentEntities=0 componentSkipped=0 componentSamples=0 layoutRejects=0 nullInstance=0 nullRefCount=0 truncated=0 attitudeAttempts=25947 attitudeSourceBlocked=0 attitudeAcquire=25947 attitudeExpiredInvalid=0 attitudeAgent=35789 attitudeUnknown=0 attitudeFailClosed=0
[14:51:55.624][tid=32932] attitude path: work=2 phase2Enabled=1
[14:51:55.624][tid=32932] visibility tick: threadId=32932 processed=0 queued=0 casts=188 visible=1 occluded=94 dropped=0
[14:51:55.670][tid=296] ESP diagnostics: snapshots=23 categories[civilian=0 enemy=0 police=0 other=23] attitude[hostile=0 unknown=9 valid=25981 invalid=0] dead=11 categorized=0 categoryEnabled=0 projected=12 front=3 poseBounds=3 skeletonLines=0 depthRange=[10.00,11.28] maxDistance=300.0 distanceRejected=0 withinDistance=3 drawn=0 enabled=1 camera=1 health[valid=389021 invalid=137248 bars=1] nativeHighlight[queued=5 cleared=0 failures=0] visibility[on=1 available=1 occluded=0 unknown=0 casts=188 clear=1 blocked=94 dropped=0]
[14:51:56.626][tid=32932] profile present (5000ms): snapshot[n=1134 avg=42.6us max=286.7us] snapLockWait[n=1134 avg=0.1us max=98.8us] snapCount[n=1134 avg=23.0 max=23] poseSlots[n=2438 avg=5.2us max=20.0us] esp[n=1134 avg=2.3us max=15.5us] aimbot[n=1134 avg=0.6us max=3.9us]
[14:51:56.626][tid=32932] profile tick (5000ms): tickTotal[n=1134 avg=28.5us max=345.4us] health[n=1134 avg=17.4us max=336.8us] attitude[n=1134 avg=8.0us max=48.0us] highlight[n=1134 avg=1.3us max=62.7us] playerMods[n=1134 avg=1.4us max=50.5us] visibility[n=1134 avg=0.1us max=2.5us]
[14:51:56.626][tid=32932] profile tickdetail (5000ms): healthCollect[n=1134 avg=0.2us max=0.5us] healthInvoke[n=1134 avg=16.7us max=336.0us] attitudeCollect[n=1134 avg=0.4us max=4.7us] attitudeInvoke[n=1134 avg=1.0us max=26.9us] highlightCollect[n=1134 avg=0.3us max=3.0us]
[14:51:56.688][tid=32932] no-recoil target: path=waiting-for-equipped-weapon playerId=0x1 weaponId=0x0 targetId=0x1 runtimeValidationRisk=0
[14:51:58.397][tid=32932] phase1 lifetime summary: registerCallbacks=697 registered=691 registerTid=27332 registerChanges=665 registerOnMain=26 registerOffMain=671 mainTickCalls=79616 mainTickTid=32932 mainTickChanges=0 unregisterCalls=253 unregisterTid=29008 unregisterChanges=242 unregisterOnMain=6 unregisterOffMain=247 unregisterTracked=16 unregisterUntracked=237 unregisterTrackingUnknown=0 unregisterNoId=0 lastRegister=(000001DBAB47ADC0,0x9B04E0) lastUnregister=(000001DBAC176500,0x9B04DE) unregisterHook=1 componentEntities=0 componentSkipped=0 componentSamples=0 layoutRejects=0 nullInstance=0 nullRefCount=0 truncated=0 attitudeAttempts=26113 attitudeSourceBlocked=0 attitudeAcquire=26113 attitudeExpiredInvalid=0 attitudeAgent=36010 attitudeUnknown=0 attitudeFailClosed=0
[14:51:58.625][tid=32932] attitude path: work=2 phase2Enabled=1
[14:51:58.625][tid=32932] visibility tick: threadId=32932 processed=0 queued=0 casts=188 visible=1 occluded=94 dropped=0
[14:51:58.674][tid=33292] ESP diagnostics: snapshots=23 categories[civilian=0 enemy=0 police=0 other=23] attitude[hostile=0 unknown=9 valid=26127 invalid=0] dead=11 categorized=0 categoryEnabled=0 projected=12 front=3 poseBounds=3 skeletonLines=0 depthRange=[10.00,11.28] maxDistance=300.0 distanceRejected=0 withinDistance=3 drawn=0 enabled=1 camera=1 health[valid=393184 invalid=138717 bars=1] nativeHighlight[queued=5 cleared=0 failures=0] visibility[on=1 available=1 occluded=0 unknown=0 casts=188 clear=1 blocked=94 dropped=0]
[14:51:59.688][tid=32932] no-recoil target: path=waiting-for-equipped-weapon playerId=0x1 weaponId=0x0 targetId=0x1 runtimeValidationRisk=0
[14:52:01.625][tid=32932] attitude path: work=2 phase2Enabled=1
[14:52:01.625][tid=32932] visibility tick: threadId=32932 processed=0 queued=0 casts=188 visible=1 occluded=94 dropped=0
[14:52:01.625][tid=32932] profile present (5000ms): snapshot[n=1140 avg=42.7us max=270.5us] snapLockWait[n=1140 avg=0.1us max=0.2us] snapCount[n=1140 avg=23.0 max=23] poseSlots[n=2461 avg=5.3us max=14.4us] esp[n=1140 avg=2.3us max=12.6us] aimbot[n=1140 avg=0.8us max=37.6us]
[14:52:01.625][tid=32932] profile tick (5000ms): tickTotal[n=1140 avg=28.3us max=188.5us] health[n=1140 avg=17.5us max=176.4us] attitude[n=1140 avg=7.9us max=42.9us] highlight[n=1140 avg=1.2us max=7.6us] playerMods[n=1140 avg=1.4us max=13.9us] visibility[n=1140 avg=0.1us max=2.3us]
[14:52:01.625][tid=32932] profile tickdetail (5000ms): healthCollect[n=1140 avg=0.2us max=0.8us] healthInvoke[n=1140 avg=16.8us max=175.7us] attitudeCollect[n=1140 avg=0.4us max=6.0us] attitudeInvoke[n=1140 avg=1.0us max=23.1us] highlightCollect[n=1140 avg=0.3us max=0.7us]
[14:52:01.670][tid=28432] ESP diagnostics: snapshots=23 categories[civilian=0 enemy=0 police=0 other=23] attitude[hostile=0 unknown=9 valid=26271 invalid=0] dead=11 categorized=0 categoryEnabled=0 projected=12 front=3 poseBounds=3 skeletonLines=0 depthRange=[10.00,11.28] maxDistance=300.0 distanceRejected=0 withinDistance=3 drawn=0 enabled=1 camera=1 health[valid=397158 invalid=140119 bars=1] nativeHighlight[queued=5 cleared=0 failures=0] visibility[on=1 available=1 occluded=0 unknown=0 casts=188 clear=1 blocked=94 dropped=0]
[14:52:01.841][tid=32932] phase1 lifetime summary: registerCallbacks=697 registered=691 registerTid=27332 registerChanges=665 registerOnMain=26 registerOffMain=671 mainTickCalls=80384 mainTickTid=32932 mainTickChanges=0 unregisterCalls=253 unregisterTid=29008 unregisterChanges=242 unregisterOnMain=6 unregisterOffMain=247 unregisterTracked=16 unregisterUntracked=237 unregisterTrackingUnknown=0 unregisterNoId=0 lastRegister=(000001DBAB47ADC0,0x9B04E0) lastUnregister=(000001DBAC176500,0x9B04DE) unregisterHook=1 componentEntities=0 componentSkipped=0 componentSamples=0 layoutRejects=0 nullInstance=0 nullRefCount=0 truncated=0 attitudeAttempts=26271 attitudeSourceBlocked=0 attitudeAcquire=26271 attitudeExpiredInvalid=0 attitudeAgent=36221 attitudeUnknown=0 attitudeFailClosed=0
[14:52:02.688][tid=32932] no-recoil target: path=waiting-for-equipped-weapon playerId=0x1 weaponId=0x0 targetId=0x1 runtimeValidationRisk=0
[14:52:04.623][tid=32932] attitude path: work=2 phase2Enabled=1
[14:52:04.623][tid=32932] visibility tick: threadId=32932 processed=0 queued=0 casts=188 visible=1 occluded=94 dropped=0
[14:52:04.670][tid=31528] ESP diagnostics: snapshots=23 categories[civilian=0 enemy=0 police=0 other=23] attitude[hostile=0 unknown=9 valid=26413 invalid=0] dead=11 categorized=0 categoryEnabled=0 projected=12 front=3 poseBounds=3 skeletonLines=0 depthRange=[10.00,11.28] maxDistance=300.0 distanceRejected=0 withinDistance=3 drawn=0 enabled=1 camera=1 health[valid=401272 invalid=141573 bars=1] nativeHighlight[queued=5 cleared=0 failures=0] visibility[on=1 available=1 occluded=0 unknown=0 casts=188 clear=1 blocked=94 dropped=0]
[14:52:05.158][tid=32932] phase1 lifetime summary: registerCallbacks=697 registered=691 registerTid=27332 registerChanges=665 registerOnMain=26 registerOffMain=671 mainTickCalls=81152 mainTickTid=32932 mainTickChanges=0 unregisterCalls=253 unregisterTid=29008 unregisterChanges=242 unregisterOnMain=6 unregisterOffMain=247 unregisterTracked=16 unregisterUntracked=237 unregisterTrackingUnknown=0 unregisterNoId=0 lastRegister=(000001DBAB47ADC0,0x9B04E0) lastUnregister=(000001DBAC176500,0x9B04DE) unregisterHook=1 componentEntities=0 componentSkipped=0 componentSamples=0 layoutRejects=0 nullInstance=0 nullRefCount=0 truncated=0 attitudeAttempts=26437 attitudeSourceBlocked=0 attitudeAcquire=26437 attitudeExpiredInvalid=0 attitudeAgent=36442 attitudeUnknown=0 attitudeFailClosed=0
[14:52:05.686][tid=32932] no-recoil target: path=waiting-for-equipped-weapon playerId=0x1 weaponId=0x0 targetId=0x1 runtimeValidationRisk=0
[14:52:06.626][tid=32932] profile present (5000ms): snapshot[n=1135 avg=43.3us max=288.6us] snapLockWait[n=1135 avg=0.1us max=1.3us] snapCount[n=1135 avg=23.0 max=23] poseSlots[n=2461 avg=5.5us max=15.7us] esp[n=1135 avg=2.3us max=13.8us] aimbot[n=1135 avg=0.7us max=43.4us]
[14:52:06.626][tid=32932] profile tick (5000ms): tickTotal[n=1135 avg=28.9us max=100.9us] health[n=1135 avg=17.7us max=92.5us] attitude[n=1135 avg=8.1us max=46.6us] highlight[n=1135 avg=1.3us max=8.9us] playerMods[n=1135 avg=1.4us max=47.4us] visibility[n=1135 avg=0.2us max=2.7us]
[14:52:06.626][tid=32932] profile tickdetail (5000ms): healthCollect[n=1135 avg=0.2us max=3.9us] healthInvoke[n=1135 avg=17.0us max=91.7us] attitudeCollect[n=1135 avg=0.4us max=1.0us] attitudeInvoke[n=1135 avg=1.0us max=26.0us] highlightCollect[n=1135 avg=0.3us max=7.7us]
[14:52:07.625][tid=32932] attitude path: work=2 phase2Enabled=1
[14:52:07.625][tid=32932] visibility tick: threadId=32932 processed=0 queued=0 casts=188 visible=1 occluded=94 dropped=0
[14:52:07.671][tid=28260] ESP diagnostics: snapshots=23 categories[civilian=0 enemy=0 police=0 other=23] attitude[hostile=0 unknown=9 valid=26559 invalid=0] dead=11 categorized=0 categoryEnabled=0 projected=12 front=3 poseBounds=3 skeletonLines=0 depthRange=[10.00,11.28] maxDistance=300.0 distanceRejected=0 withinDistance=3 drawn=0 enabled=1 camera=1 health[valid=405182 invalid=142951 bars=1] nativeHighlight[queued=5 cleared=0 failures=0] visibility[on=1 available=1 occluded=0 unknown=0 casts=188 clear=1 blocked=94 dropped=0]
[14:52:08.628][tid=32932] phase1 lifetime summary: registerCallbacks=697 registered=691 registerTid=27332 registerChanges=665 registerOnMain=26 registerOffMain=671 mainTickCalls=81920 mainTickTid=32932 mainTickChanges=0 unregisterCalls=253 unregisterTid=29008 unregisterChanges=242 unregisterOnMain=6 unregisterOffMain=247 unregisterTracked=16 unregisterUntracked=237 unregisterTrackingUnknown=0 unregisterNoId=0 lastRegister=(000001DBAB47ADC0,0x9B04E0) lastUnregister=(000001DBAC176500,0x9B04DE) unregisterHook=1 componentEntities=0 componentSkipped=0 componentSamples=0 layoutRejects=0 nullInstance=0 nullRefCount=0 truncated=0 attitudeAttempts=26601 attitudeSourceBlocked=0 attitudeAcquire=26601 attitudeExpiredInvalid=0 attitudeAgent=36661 attitudeUnknown=0 attitudeFailClosed=0
[14:52:08.686][tid=32932] no-recoil target: path=waiting-for-equipped-weapon playerId=0x1 weaponId=0x0 targetId=0x1 runtimeValidationRisk=0
[14:52:10.622][tid=32932] attitude path: work=2 phase2Enabled=1
[14:52:10.622][tid=32932] visibility tick: threadId=32932 processed=0 queued=0 casts=188 visible=1 occluded=94 dropped=0
[14:52:10.671][tid=32624] ESP diagnostics: snapshots=23 categories[civilian=0 enemy=0 police=0 other=23] attitude[hostile=0 unknown=9 valid=26703 invalid=0] dead=11 categorized=0 categoryEnabled=0 projected=12 front=3 poseBounds=3 skeletonLines=0 depthRange=[10.00,11.28] maxDistance=300.0 distanceRejected=0 withinDistance=3 drawn=0 enabled=1 camera=1 health[valid=409201 invalid=144372 bars=1] nativeHighlight[queued=5 cleared=0 failures=0] visibility[on=1 available=1 occluded=0 unknown=0 casts=188 clear=1 blocked=94 dropped=0]
[14:52:11.624][tid=32932] profile present (5000ms): snapshot[n=1117 avg=42.9us max=204.0us] snapLockWait[n=1117 avg=0.1us max=0.2us] snapCount[n=1117 avg=23.0 max=23] poseSlots[n=2438 avg=5.2us max=11.7us] esp[n=1117 avg=2.3us max=20.5us] aimbot[n=1117 avg=0.7us max=87.9us]
[14:52:11.624][tid=32932] profile tick (5000ms): tickTotal[n=1117 avg=28.5us max=78.4us] health[n=1117 avg=17.4us max=67.6us] attitude[n=1117 avg=8.0us max=42.2us] highlight[n=1117 avg=1.3us max=8.1us] playerMods[n=1117 avg=1.4us max=17.0us] visibility[n=1117 avg=0.2us max=6.3us]
[14:52:11.624][tid=32932] profile tickdetail (5000ms): healthCollect[n=1117 avg=0.2us max=0.5us] healthInvoke[n=1117 avg=16.7us max=66.8us] attitudeCollect[n=1117 avg=0.4us max=1.0us] attitudeInvoke[n=1117 avg=1.1us max=27.8us] highlightCollect[n=1117 avg=0.3us max=3.1us]
[14:52:11.687][tid=32932] no-recoil target: path=waiting-for-equipped-weapon playerId=0x1 weaponId=0x0 targetId=0x1 runtimeValidationRisk=0
[14:52:12.086][tid=32932] phase1 lifetime summary: registerCallbacks=697 registered=691 registerTid=27332 registerChanges=665 registerOnMain=26 registerOffMain=671 mainTickCalls=82688 mainTickTid=32932 mainTickChanges=0 unregisterCalls=253 unregisterTid=29008 unregisterChanges=242 unregisterOnMain=6 unregisterOffMain=247 unregisterTracked=16 unregisterUntracked=237 unregisterTrackingUnknown=0 unregisterNoId=0 lastRegister=(000001DBAB47ADC0,0x9B04E0) lastUnregister=(000001DBAC176500,0x9B04DE) unregisterHook=1 componentEntities=0 componentSkipped=0 componentSamples=0 layoutRejects=0 nullInstance=0 nullRefCount=0 truncated=0 attitudeAttempts=26763 attitudeSourceBlocked=0 attitudeAcquire=26763 attitudeExpiredInvalid=0 attitudeAgent=36877 attitudeUnknown=0 attitudeFailClosed=0
[14:52:13.622][tid=32932] attitude path: work=2 phase2Enabled=1
[14:52:13.622][tid=32932] visibility tick: threadId=32932 processed=0 queued=0 casts=188 visible=1 occluded=94 dropped=0
[14:52:13.672][tid=23524] ESP diagnostics: snapshots=23 categories[civilian=0 enemy=0 police=0 other=23] attitude[hostile=0 unknown=9 valid=26847 invalid=0] dead=11 categorized=0 categoryEnabled=0 projected=12 front=3 poseBounds=3 skeletonLines=0 depthRange=[10.00,11.28] maxDistance=300.0 distanceRejected=0 withinDistance=3 drawn=0 enabled=1 camera=1 health[valid=413163 invalid=145770 bars=1] nativeHighlight[queued=5 cleared=0 failures=0] visibility[on=1 available=1 occluded=0 unknown=0 casts=188 clear=1 blocked=94 dropped=0]
[14:52:14.686][tid=32932] no-recoil target: path=waiting-for-equipped-weapon playerId=0x1 weaponId=0x0 targetId=0x1 runtimeValidationRisk=0
[14:52:15.464][tid=32932] phase1 lifetime summary: registerCallbacks=697 registered=691 registerTid=27332 registerChanges=665 registerOnMain=26 registerOffMain=671 mainTickCalls=83456 mainTickTid=32932 mainTickChanges=0 unregisterCalls=253 unregisterTid=29008 unregisterChanges=242 unregisterOnMain=6 unregisterOffMain=247 unregisterTracked=16 unregisterUntracked=237 unregisterTrackingUnknown=0 unregisterNoId=0 lastRegister=(000001DBAB47ADC0,0x9B04E0) lastUnregister=(000001DBAC176500,0x9B04DE) unregisterHook=1 componentEntities=0 componentSkipped=0 componentSamples=0 layoutRejects=0 nullInstance=0 nullRefCount=0 truncated=0 attitudeAttempts=26931 attitudeSourceBlocked=0 attitudeAcquire=26931 attitudeExpiredInvalid=0 attitudeAgent=37101 attitudeUnknown=0 attitudeFailClosed=0
[14:52:16.626][tid=32932] attitude path: work=2 phase2Enabled=1
[14:52:16.626][tid=32932] visibility tick: threadId=32932 processed=0 queued=0 casts=188 visible=1 occluded=94 dropped=0
[14:52:16.626][tid=32932] profile present (5000ms): snapshot[n=1138 avg=43.2us max=248.7us] snapLockWait[n=1138 avg=0.1us max=0.2us] snapCount[n=1138 avg=23.0 max=23] poseSlots[n=2461 avg=5.4us max=100.3us] esp[n=1138 avg=2.3us max=14.2us] aimbot[n=1138 avg=0.7us max=5.0us]
[14:52:16.626][tid=32932] profile tick (5000ms): tickTotal[n=1138 avg=28.4us max=72.8us] health[n=1138 avg=17.3us max=57.2us] attitude[n=1138 avg=8.1us max=49.9us] highlight[n=1138 avg=1.3us max=6.9us] playerMods[n=1138 avg=1.4us max=7.5us] visibility[n=1138 avg=0.2us max=6.3us]
[14:52:16.626][tid=32932] profile tickdetail (5000ms): healthCollect[n=1138 avg=0.2us max=7.0us] healthInvoke[n=1138 avg=16.6us max=56.1us] attitudeCollect[n=1138 avg=0.4us max=7.7us] attitudeInvoke[n=1138 avg=1.0us max=27.8us] highlightCollect[n=1138 avg=0.3us max=5.5us]
[14:52:16.672][tid=29076] ESP diagnostics: snapshots=23 categories[civilian=0 enemy=0 police=0 other=23] attitude[hostile=0 unknown=9 valid=26991 invalid=0] dead=11 categorized=0 categoryEnabled=0 projected=12 front=3 poseBounds=3 skeletonLines=0 depthRange=[10.00,11.28] maxDistance=300.0 distanceRejected=0 withinDistance=3 drawn=0 enabled=1 camera=1 health[valid=417202 invalid=147195 bars=1] nativeHighlight[queued=5 cleared=0 failures=0] visibility[on=1 available=1 occluded=0 unknown=0 casts=188 clear=1 blocked=94 dropped=0]
[14:52:17.685][tid=32932] no-recoil target: path=waiting-for-equipped-weapon playerId=0x1 weaponId=0x0 targetId=0x1 runtimeValidationRisk=0
[14:52:18.779][tid=32932] phase1 lifetime summary: registerCallbacks=697 registered=691 registerTid=27332 registerChanges=665 registerOnMain=26 registerOffMain=671 mainTickCalls=84224 mainTickTid=32932 mainTickChanges=0 unregisterCalls=253 unregisterTid=29008 unregisterChanges=242 unregisterOnMain=6 unregisterOffMain=247 unregisterTracked=16 unregisterUntracked=237 unregisterTrackingUnknown=0 unregisterNoId=0 lastRegister=(000001DBAB47ADC0,0x9B04E0) lastUnregister=(000001DBAC176500,0x9B04DE) unregisterHook=1 componentEntities=0 componentSkipped=0 componentSamples=0 layoutRejects=0 nullInstance=0 nullRefCount=0 truncated=0 attitudeAttempts=27087 attitudeSourceBlocked=0 attitudeAcquire=27087 attitudeExpiredInvalid=0 attitudeAgent=37309 attitudeUnknown=0 attitudeFailClosed=0
[14:52:19.624][tid=32932] attitude path: work=2 phase2Enabled=1
[14:52:19.624][tid=32932] visibility tick: threadId=32932 processed=0 queued=0 casts=188 visible=1 occluded=94 dropped=0
[14:52:19.670][tid=33784] ESP diagnostics: snapshots=23 categories[civilian=0 enemy=0 police=0 other=23] attitude[hostile=0 unknown=9 valid=27133 invalid=0] dead=11 categorized=0 categoryEnabled=0 projected=12 front=3 poseBounds=3 skeletonLines=0 depthRange=[10.00,11.28] maxDistance=300.0 distanceRejected=0 withinDistance=3 drawn=0 enabled=1 camera=1 health[valid=421312 invalid=148645 bars=1] nativeHighlight[queued=5 cleared=0 failures=0] visibility[on=1 available=1 occluded=0 unknown=0 casts=188 clear=1 blocked=94 dropped=0]
[14:52:20.689][tid=32932] no-recoil target: path=waiting-for-equipped-weapon playerId=0x1 weaponId=0x0 targetId=0x1 runtimeValidationRisk=0
[14:52:21.622][tid=32932] profile present (5000ms): snapshot[n=1159 avg=41.9us max=259.2us] snapLockWait[n=1159 avg=0.1us max=0.2us] snapCount[n=1159 avg=23.0 max=23] poseSlots[n=2438 avg=5.2us max=97.0us] esp[n=1159 avg=2.3us max=12.6us] aimbot[n=1159 avg=0.6us max=1.0us]
[14:52:21.622][tid=32932] profile tick (5000ms): tickTotal[n=1159 avg=28.0us max=124.1us] health[n=1159 avg=16.9us max=58.7us] attitude[n=1159 avg=8.1us max=109.6us] highlight[n=1159 avg=1.3us max=11.3us] playerMods[n=1159 avg=1.3us max=12.1us] visibility[n=1159 avg=0.2us max=7.6us]
[14:52:21.622][tid=32932] profile tickdetail (5000ms): healthCollect[n=1159 avg=0.2us max=5.3us] healthInvoke[n=1159 avg=16.2us max=53.4us] attitudeCollect[n=1159 avg=0.4us max=5.6us] attitudeInvoke[n=1159 avg=1.0us max=33.0us] highlightCollect[n=1159 avg=0.3us max=5.5us]
[14:52:22.092][tid=32932] phase1 lifetime summary: registerCallbacks=697 registered=691 registerTid=27332 registerChanges=665 registerOnMain=26 registerOffMain=671 mainTickCalls=84992 mainTickTid=32932 mainTickChanges=0 unregisterCalls=253 unregisterTid=29008 unregisterChanges=242 unregisterOnMain=6 unregisterOffMain=247 unregisterTracked=16 unregisterUntracked=237 unregisterTrackingUnknown=0 unregisterNoId=0 lastRegister=(000001DBAB47ADC0,0x9B04E0) lastUnregister=(000001DBAC176500,0x9B04DE) unregisterHook=1 componentEntities=0 componentSkipped=0 componentSamples=0 layoutRejects=0 nullInstance=0 nullRefCount=0 truncated=0 attitudeAttempts=27243 attitudeSourceBlocked=0 attitudeAcquire=27243 attitudeExpiredInvalid=0 attitudeAgent=37517 attitudeUnknown=0 attitudeFailClosed=0
[14:52:22.625][tid=32932] attitude path: work=2 phase2Enabled=1
[14:52:22.625][tid=32932] visibility tick: threadId=32932 processed=0 queued=0 casts=188 visible=1 occluded=94 dropped=0
[14:52:22.684][tid=33564] ESP diagnostics: snapshots=23 categories[civilian=0 enemy=0 police=0 other=23] attitude[hostile=0 unknown=9 valid=27279 invalid=0] dead=11 categorized=0 categoryEnabled=0 projected=12 front=3 poseBounds=3 skeletonLines=0 depthRange=[10.00,11.28] maxDistance=300.0 distanceRejected=0 withinDistance=3 drawn=0 enabled=1 camera=1 health[valid=425421 invalid=150096 bars=1] nativeHighlight[queued=5 cleared=0 failures=0] visibility[on=1 available=1 occluded=0 unknown=0 casts=188 clear=1 blocked=94 dropped=0]
[14:52:23.686][tid=32932] no-recoil target: path=waiting-for-equipped-weapon playerId=0x1 weaponId=0x0 targetId=0x1 runtimeValidationRisk=0
[14:52:25.494][tid=32932] phase1 lifetime summary: registerCallbacks=697 registered=691 registerTid=27332 registerChanges=665 registerOnMain=26 registerOffMain=671 mainTickCalls=85760 mainTickTid=32932 mainTickChanges=0 unregisterCalls=253 unregisterTid=29008 unregisterChanges=242 unregisterOnMain=6 unregisterOffMain=247 unregisterTracked=16 unregisterUntracked=237 unregisterTrackingUnknown=0 unregisterNoId=0 lastRegister=(000001DBAB47ADC0,0x9B04E0) lastUnregister=(000001DBAC176500,0x9B04DE) unregisterHook=1 componentEntities=0 componentSkipped=0 componentSamples=0 layoutRejects=0 nullInstance=0 nullRefCount=0 truncated=0 attitudeAttempts=27411 attitudeSourceBlocked=0 attitudeAcquire=27411 attitudeExpiredInvalid=0 attitudeAgent=37741 attitudeUnknown=0 attitudeFailClosed=0
[14:52:25.623][tid=32932] attitude path: work=2 phase2Enabled=1
[14:52:25.623][tid=32932] visibility tick: threadId=32932 processed=0 queued=0 casts=188 visible=1 occluded=94 dropped=0
[14:52:25.670][tid=28260] ESP diagnostics: snapshots=23 categories[civilian=0 enemy=0 police=0 other=23] attitude[hostile=0 unknown=9 valid=27421 invalid=0] dead=11 categorized=0 categoryEnabled=0 projected=12 front=3 poseBounds=3 skeletonLines=0 depthRange=[10.00,11.28] maxDistance=300.0 distanceRejected=0 withinDistance=3 drawn=0 enabled=1 camera=1 health[valid=429413 invalid=151504 bars=1] nativeHighlight[queued=5 cleared=0 failures=0] visibility[on=1 available=1 occluded=0 unknown=0 casts=188 clear=1 blocked=94 dropped=0]
[14:52:26.625][tid=32932] profile present (5000ms): snapshot[n=1134 avg=42.2us max=272.9us] snapLockWait[n=1134 avg=0.1us max=0.2us] snapCount[n=1134 avg=23.0 max=23] poseSlots[n=2461 avg=5.2us max=17.9us] esp[n=1134 avg=2.3us max=13.5us] aimbot[n=1134 avg=0.6us max=2.0us]
[14:52:26.625][tid=32932] profile tick (5000ms): tickTotal[n=1134 avg=28.3us max=141.2us] health[n=1134 avg=17.2us max=115.9us] attitude[n=1134 avg=8.1us max=100.6us] highlight[n=1134 avg=1.3us max=7.4us] playerMods[n=1134 avg=1.3us max=7.4us] visibility[n=1134 avg=0.2us max=2.3us]
[14:52:26.625][tid=32932] profile tickdetail (5000ms): healthCollect[n=1134 avg=0.2us max=0.6us] healthInvoke[n=1134 avg=16.5us max=115.0us] attitudeCollect[n=1134 avg=0.4us max=0.9us] attitudeInvoke[n=1134 avg=1.0us max=33.8us] highlightCollect[n=1134 avg=0.3us max=2.8us]
[14:52:26.685][tid=32932] no-recoil target: path=waiting-for-equipped-weapon playerId=0x1 weaponId=0x0 targetId=0x1 runtimeValidationRisk=0
[14:52:28.624][tid=32932] attitude path: work=0 phase2Enabled=1
[14:52:28.624][tid=32932] visibility tick: threadId=32932 processed=0 queued=0 casts=188 visible=1 occluded=94 dropped=0
[14:52:28.671][tid=31528] ESP diagnostics: snapshots=23 categories[civilian=0 enemy=0 police=0 other=23] attitude[hostile=0 unknown=9 valid=27565 invalid=0] dead=11 categorized=0 categoryEnabled=0 projected=12 front=3 poseBounds=3 skeletonLines=0 depthRange=[10.00,11.28] maxDistance=300.0 distanceRejected=0 withinDistance=3 drawn=0 enabled=1 camera=1 health[valid=433221 invalid=152848 bars=1] nativeHighlight[queued=5 cleared=0 failures=0] visibility[on=1 available=1 occluded=0 unknown=0 casts=188 clear=1 blocked=94 dropped=0]
[14:52:29.091][tid=32932] phase1 lifetime summary: registerCallbacks=697 registered=691 registerTid=27332 registerChanges=665 registerOnMain=26 registerOffMain=671 mainTickCalls=86528 mainTickTid=32932 mainTickChanges=0 unregisterCalls=253 unregisterTid=29008 unregisterChanges=242 unregisterOnMain=6 unregisterOffMain=247 unregisterTracked=16 unregisterUntracked=237 unregisterTrackingUnknown=0 unregisterNoId=0 lastRegister=(000001DBAB47ADC0,0x9B04E0) lastUnregister=(000001DBAC176500,0x9B04DE) unregisterHook=1 componentEntities=0 componentSkipped=0 componentSamples=0 layoutRejects=0 nullInstance=0 nullRefCount=0 truncated=0 attitudeAttempts=27579 attitudeSourceBlocked=0 attitudeAcquire=27579 attitudeExpiredInvalid=0 attitudeAgent=37965 attitudeUnknown=0 attitudeFailClosed=0
[14:52:29.688][tid=32932] no-recoil target: path=waiting-for-equipped-weapon playerId=0x1 weaponId=0x0 targetId=0x1 runtimeValidationRisk=0
[14:52:31.624][tid=32932] attitude path: work=0 phase2Enabled=1
[14:52:31.624][tid=32932] visibility tick: threadId=32932 processed=0 queued=0 casts=188 visible=1 occluded=94 dropped=0
[14:52:31.624][tid=32932] profile present (5000ms): snapshot[n=1069 avg=44.1us max=251.8us] snapLockWait[n=1069 avg=0.1us max=0.2us] snapCount[n=1069 avg=23.0 max=23] poseSlots[n=2461 avg=5.2us max=103.4us] esp[n=1069 avg=2.3us max=15.6us] aimbot[n=1069 avg=1.1us max=234.0us]
[14:52:31.624][tid=32932] profile tick (5000ms): tickTotal[n=1069 avg=28.3us max=125.6us] health[n=1069 avg=17.2us max=114.0us] attitude[n=1069 avg=8.0us max=88.8us] highlight[n=1069 avg=1.3us max=12.5us] playerMods[n=1069 avg=1.4us max=7.6us] visibility[n=1069 avg=0.2us max=3.9us]
[14:52:31.624][tid=32932] profile tickdetail (5000ms): healthCollect[n=1069 avg=0.2us max=2.6us] healthInvoke[n=1069 avg=16.6us max=113.0us] attitudeCollect[n=1069 avg=0.4us max=0.8us] attitudeInvoke[n=1069 avg=1.0us max=26.3us] highlightCollect[n=1069 avg=0.3us max=0.6us]
[14:52:31.670][tid=23524] ESP diagnostics: snapshots=23 categories[civilian=0 enemy=0 police=0 other=23] attitude[hostile=0 unknown=9 valid=27709 invalid=0] dead=11 categorized=0 categoryEnabled=0 projected=12 front=3 poseBounds=3 skeletonLines=0 depthRange=[10.00,11.28] maxDistance=300.0 distanceRejected=0 withinDistance=3 drawn=0 enabled=1 camera=1 health[valid=437081 invalid=154212 bars=1] nativeHighlight[queued=5 cleared=0 failures=0] visibility[on=1 available=1 occluded=0 unknown=0 casts=188 clear=1 blocked=94 dropped=0]
[14:52:32.581][tid=32932] phase1 lifetime summary: registerCallbacks=697 registered=691 registerTid=27332 registerChanges=665 registerOnMain=26 registerOffMain=671 mainTickCalls=87296 mainTickTid=32932 mainTickChanges=0 unregisterCalls=253 unregisterTid=29008 unregisterChanges=242 unregisterOnMain=6 unregisterOffMain=247 unregisterTracked=16 unregisterUntracked=237 unregisterTrackingUnknown=0 unregisterNoId=0 lastRegister=(000001DBAB47ADC0,0x9B04E0) lastUnregister=(000001DBAC176500,0x9B04DE) unregisterHook=1 componentEntities=0 componentSkipped=0 componentSamples=0 layoutRejects=0 nullInstance=0 nullRefCount=0 truncated=0 attitudeAttempts=27747 attitudeSourceBlocked=0 attitudeAcquire=27747 attitudeExpiredInvalid=0 attitudeAgent=38189 attitudeUnknown=0 attitudeFailClosed=0
[14:52:32.689][tid=32932] no-recoil target: path=waiting-for-equipped-weapon playerId=0x1 weaponId=0x0 targetId=0x1 runtimeValidationRisk=0
[14:52:34.626][tid=32932] attitude path: work=0 phase2Enabled=1
[14:52:34.626][tid=32932] visibility tick: threadId=32932 processed=0 queued=0 casts=188 visible=1 occluded=94 dropped=0
[14:52:34.672][tid=28260] ESP diagnostics: snapshots=23 categories[civilian=0 enemy=0 police=0 other=23] attitude[hostile=0 unknown=9 valid=27855 invalid=0] dead=11 categorized=0 categoryEnabled=0 projected=12 front=3 poseBounds=3 skeletonLines=0 depthRange=[10.01,11.28] maxDistance=300.0 distanceRejected=0 withinDistance=3 drawn=0 enabled=1 camera=1 health[valid=440979 invalid=155586 bars=1] nativeHighlight[queued=5 cleared=0 failures=0] visibility[on=1 available=1 occluded=0 unknown=0 casts=188 clear=1 blocked=94 dropped=0]
[14:52:35.686][tid=32932] no-recoil target: path=waiting-for-equipped-weapon playerId=0x1 weaponId=0x0 targetId=0x1 runtimeValidationRisk=0
[14:52:36.049][tid=32932] phase1 lifetime summary: registerCallbacks=697 registered=691 registerTid=27332 registerChanges=665 registerOnMain=26 registerOffMain=671 mainTickCalls=88064 mainTickTid=32932 mainTickChanges=0 unregisterCalls=253 unregisterTid=29008 unregisterChanges=242 unregisterOnMain=6 unregisterOffMain=247 unregisterTracked=16 unregisterUntracked=237 unregisterTrackingUnknown=0 unregisterNoId=0 lastRegister=(000001DBAB47ADC0,0x9B04E0) lastUnregister=(000001DBAC176500,0x9B04DE) unregisterHook=1 componentEntities=0 componentSkipped=0 componentSamples=0 layoutRejects=0 nullInstance=0 nullRefCount=0 truncated=0 attitudeAttempts=27915 attitudeSourceBlocked=0 attitudeAcquire=27915 attitudeExpiredInvalid=0 attitudeAgent=38413 attitudeUnknown=0 attitudeFailClosed=0
[14:52:36.622][tid=32932] profile present (5000ms): snapshot[n=1111 avg=42.0us max=214.3us] snapLockWait[n=1111 avg=0.1us max=0.2us] snapCount[n=1111 avg=23.0 max=23] poseSlots[n=2438 avg=5.1us max=23.7us] esp[n=1111 avg=2.3us max=13.7us] aimbot[n=1111 avg=0.8us max=14.7us]
[14:52:36.622][tid=32932] profile tick (5000ms): tickTotal[n=1111 avg=27.8us max=75.5us] health[n=1111 avg=16.9us max=53.6us] attitude[n=1111 avg=7.9us max=46.6us] highlight[n=1111 avg=1.3us max=8.7us] playerMods[n=1111 avg=1.4us max=33.3us] visibility[n=1111 avg=0.1us max=2.2us]
[14:52:36.622][tid=32932] profile tickdetail (5000ms): healthCollect[n=1111 avg=0.2us max=3.1us] healthInvoke[n=1111 avg=16.2us max=52.8us] attitudeCollect[n=1111 avg=0.4us max=1.0us] attitudeInvoke[n=1111 avg=1.0us max=31.5us] highlightCollect[n=1111 avg=0.3us max=1.6us]
[14:52:37.625][tid=32932] attitude path: work=0 phase2Enabled=1
[14:52:37.625][tid=32932] visibility tick: threadId=32932 processed=0 queued=0 casts=188 visible=1 occluded=94 dropped=0
[14:52:37.671][tid=30248] ESP diagnostics: snapshots=23 categories[civilian=0 enemy=0 police=0 other=23] attitude[hostile=0 unknown=9 valid=27999 invalid=0] dead=11 categorized=0 categoryEnabled=0 projected=12 front=3 poseBounds=3 skeletonLines=0 depthRange=[10.00,11.28] maxDistance=300.0 distanceRejected=0 withinDistance=3 drawn=0 enabled=1 camera=1 health[valid=444928 invalid=156981 bars=1] nativeHighlight[queued=5 cleared=0 failures=0] visibility[on=1 available=1 occluded=0 unknown=0 casts=188 clear=1 blocked=94 dropped=0]
[14:52:38.688][tid=32932] no-recoil target: path=waiting-for-equipped-weapon playerId=0x1 weaponId=0x0 targetId=0x1 runtimeValidationRisk=0
[14:52:39.095][tid=32932] phase1 lifetime summary: registerCallbacks=697 registered=691 registerTid=27332 registerChanges=665 registerOnMain=26 registerOffMain=671 mainTickCalls=88704 mainTickTid=32932 mainTickChanges=0 unregisterCalls=253 unregisterTid=29008 unregisterChanges=242 unregisterOnMain=6 unregisterOffMain=247 unregisterTracked=16 unregisterUntracked=237 unregisterTrackingUnknown=0 unregisterNoId=0 lastRegister=(000001DBAB47ADC0,0x9B04E0) lastUnregister=(000001DBAC176500,0x9B04DE) unregisterHook=1 componentEntities=0 componentSkipped=0 componentSamples=0 layoutRejects=0 nullInstance=0 nullRefCount=0 truncated=0 attitudeAttempts=28059 attitudeSourceBlocked=0 attitudeAcquire=28059 attitudeExpiredInvalid=0 attitudeAgent=38600 attitudeUnknown=0 attitudeFailClosed=0
[14:52:40.624][tid=32932] attitude path: work=0 phase2Enabled=1
[14:52:40.624][tid=32932] visibility tick: threadId=32932 processed=0 queued=0 casts=188 visible=1 occluded=94 dropped=0
[14:52:40.671][tid=23524] ESP diagnostics: snapshots=23 categories[civilian=0 enemy=0 police=0 other=23] attitude[hostile=0 unknown=9 valid=28139 invalid=0] dead=11 categorized=0 categoryEnabled=0 projected=12 front=3 poseBounds=3 skeletonLines=0 depthRange=[10.00,11.28] maxDistance=300.0 distanceRejected=0 withinDistance=3 drawn=0 enabled=1 camera=1 health[valid=448453 invalid=158224 bars=1] nativeHighlight[queued=5 cleared=0 failures=0] visibility[on=1 available=1 occluded=0 unknown=0 casts=188 clear=1 blocked=94 dropped=0]
[14:52:41.625][tid=32932] profile present (5000ms): snapshot[n=1018 avg=48.2us max=300.6us] snapLockWait[n=1018 avg=0.1us max=0.4us] snapCount[n=1018 avg=23.0 max=23] poseSlots[n=2461 avg=5.5us max=62.6us] esp[n=1018 avg=2.3us max=15.2us] aimbot[n=1018 avg=0.9us max=37.6us]
[14:52:41.625][tid=32932] profile tick (5000ms): tickTotal[n=1018 avg=29.7us max=96.4us] health[n=1018 avg=18.5us max=70.8us] attitude[n=1018 avg=8.1us max=45.7us] highlight[n=1018 avg=1.2us max=53.8us] playerMods[n=1018 avg=1.4us max=7.1us] visibility[n=1018 avg=0.2us max=2.4us]
[14:52:41.625][tid=32932] profile tickdetail (5000ms): healthCollect[n=1018 avg=0.2us max=0.8us] healthInvoke[n=1018 avg=17.8us max=69.9us] attitudeCollect[n=1018 avg=0.4us max=5.3us] attitudeInvoke[n=1018 avg=1.0us max=28.9us] highlightCollect[n=1018 avg=0.4us max=52.7us]
[14:52:41.688][tid=32932] no-recoil target: path=waiting-for-equipped-weapon playerId=0x1 weaponId=0x0 targetId=0x1 runtimeValidationRisk=0
[14:52:42.292][tid=32932] phase1 lifetime summary: registerCallbacks=697 registered=691 registerTid=27332 registerChanges=665 registerOnMain=26 registerOffMain=671 mainTickCalls=89344 mainTickTid=32932 mainTickChanges=0 unregisterCalls=253 unregisterTid=29008 unregisterChanges=242 unregisterOnMain=6 unregisterOffMain=247 unregisterTracked=16 unregisterUntracked=237 unregisterTrackingUnknown=0 unregisterNoId=0 lastRegister=(000001DBAB47ADC0,0x9B04E0) lastUnregister=(000001DBAC176500,0x9B04DE) unregisterHook=1 componentEntities=0 componentSkipped=0 componentSamples=0 layoutRejects=0 nullInstance=0 nullRefCount=0 truncated=0 attitudeAttempts=28215 attitudeSourceBlocked=0 attitudeAcquire=28215 attitudeExpiredInvalid=0 attitudeAgent=38795 attitudeUnknown=0 attitudeFailClosed=0
[14:52:43.622][tid=32932] attitude path: work=0 phase2Enabled=1
[14:52:43.622][tid=32932] visibility tick: threadId=32932 processed=0 queued=0 casts=188 visible=1 occluded=94 dropped=0
[14:52:43.674][tid=26900] ESP diagnostics: snapshots=23 categories[civilian=0 enemy=0 police=0 other=23] attitude[hostile=0 unknown=9 valid=28287 invalid=0] dead=11 categorized=0 categoryEnabled=0 projected=12 front=3 poseBounds=3 skeletonLines=0 depthRange=[10.00,11.28] maxDistance=300.0 distanceRejected=0 withinDistance=3 drawn=0 enabled=1 camera=1 health[valid=452059 invalid=159498 bars=1] nativeHighlight[queued=5 cleared=0 failures=0] visibility[on=1 available=1 occluded=0 unknown=0 casts=188 clear=1 blocked=94 dropped=0]
[14:52:44.689][tid=32932] no-recoil target: path=waiting-for-equipped-weapon playerId=0x1 weaponId=0x0 targetId=0x1 runtimeValidationRisk=0
[14:52:45.390][tid=32932] phase1 lifetime summary: registerCallbacks=697 registered=691 registerTid=27332 registerChanges=665 registerOnMain=26 registerOffMain=671 mainTickCalls=89984 mainTickTid=32932 mainTickChanges=0 unregisterCalls=253 unregisterTid=29008 unregisterChanges=242 unregisterOnMain=6 unregisterOffMain=247 unregisterTracked=16 unregisterUntracked=237 unregisterTrackingUnknown=0 unregisterNoId=0 lastRegister=(000001DBAB47ADC0,0x9B04E0) lastUnregister=(000001DBAC176500,0x9B04DE) unregisterHook=1 componentEntities=0 componentSkipped=0 componentSamples=0 layoutRejects=0 nullInstance=0 nullRefCount=0 truncated=0 attitudeAttempts=28363 attitudeSourceBlocked=0 attitudeAcquire=28363 attitudeExpiredInvalid=0 attitudeAgent=38980 attitudeUnknown=0 attitudeFailClosed=0
[14:52:46.626][tid=32932] attitude path: work=0 phase2Enabled=1
[14:52:46.626][tid=32932] visibility tick: threadId=32932 processed=0 queued=0 casts=188 visible=1 occluded=94 dropped=0
[14:52:46.626][tid=32932] profile present (5000ms): snapshot[n=1015 avg=46.3us max=281.9us] snapLockWait[n=1015 avg=0.1us max=0.3us] snapCount[n=1015 avg=23.0 max=23] poseSlots[n=2461 avg=5.2us max=17.4us] esp[n=1015 avg=2.3us max=43.0us] aimbot[n=1015 avg=0.8us max=17.4us]
[14:52:46.626][tid=32932] profile tick (5000ms): tickTotal[n=1015 avg=30.6us max=214.8us] health[n=1015 avg=19.2us max=186.1us] attitude[n=1015 avg=8.3us max=200.9us] highlight[n=1015 avg=1.2us max=3.1us] playerMods[n=1015 avg=1.5us max=11.7us] visibility[n=1015 avg=0.2us max=2.2us]
[14:52:46.626][tid=32932] profile tickdetail (5000ms): healthCollect[n=1015 avg=0.2us max=0.6us] healthInvoke[n=1015 avg=18.5us max=185.2us] attitudeCollect[n=1015 avg=0.4us max=1.0us] attitudeInvoke[n=1015 avg=0.9us max=23.0us] highlightCollect[n=1015 avg=0.3us max=2.3us]
[14:52:46.670][tid=31528] ESP diagnostics: snapshots=23 categories[civilian=0 enemy=0 police=0 other=23] attitude[hostile=0 unknown=9 valid=28427 invalid=0] dead=11 categorized=0 categoryEnabled=0 projected=12 front=3 poseBounds=3 skeletonLines=0 depthRange=[10.00,11.28] maxDistance=300.0 distanceRejected=0 withinDistance=3 drawn=0 enabled=1 camera=1 health[valid=455661 invalid=160768 bars=1] nativeHighlight[queued=5 cleared=0 failures=0] visibility[on=1 available=1 occluded=0 unknown=0 casts=188 clear=1 blocked=94 dropped=0]
[14:52:47.689][tid=32932] no-recoil target: path=waiting-for-equipped-weapon playerId=0x1 weaponId=0x0 targetId=0x1 runtimeValidationRisk=0
[14:52:48.600][tid=32932] phase1 lifetime summary: registerCallbacks=697 registered=691 registerTid=27332 registerChanges=665 registerOnMain=26 registerOffMain=671 mainTickCalls=90624 mainTickTid=32932 mainTickChanges=0 unregisterCalls=253 unregisterTid=29008 unregisterChanges=242 unregisterOnMain=6 unregisterOffMain=247 unregisterTracked=16 unregisterUntracked=237 unregisterTrackingUnknown=0 unregisterNoId=0 lastRegister=(000001DBAB47ADC0,0x9B04E0) lastUnregister=(000001DBAC176500,0x9B04DE) unregisterHook=1 componentEntities=0 componentSkipped=0 componentSamples=0 layoutRejects=0 nullInstance=0 nullRefCount=0 truncated=0 attitudeAttempts=28519 attitudeSourceBlocked=0 attitudeAcquire=28519 attitudeExpiredInvalid=0 attitudeAgent=39175 attitudeUnknown=0 attitudeFailClosed=0
[14:52:49.623][tid=32932] attitude path: work=0 phase2Enabled=1
[14:52:49.623][tid=32932] visibility tick: threadId=32932 processed=0 queued=0 casts=188 visible=1 occluded=94 dropped=0
[14:52:49.670][tid=17972] ESP diagnostics: snapshots=23 categories[civilian=0 enemy=0 police=0 other=23] attitude[hostile=0 unknown=9 valid=28571 invalid=0] dead=11 categorized=0 categoryEnabled=0 projected=12 front=3 poseBounds=3 skeletonLines=0 depthRange=[10.00,11.28] maxDistance=300.0 distanceRejected=0 withinDistance=3 drawn=0 enabled=1 camera=1 health[valid=459214 invalid=162023 bars=1] nativeHighlight[queued=5 cleared=0 failures=0] visibility[on=1 available=1 occluded=0 unknown=0 casts=188 clear=1 blocked=94 dropped=0]
[14:52:50.688][tid=32932] no-recoil target: path=waiting-for-equipped-weapon playerId=0x1 weaponId=0x0 targetId=0x1 runtimeValidationRisk=0
[14:52:51.625][tid=32932] profile present (5000ms): snapshot[n=996 avg=46.6us max=283.8us] snapLockWait[n=996 avg=0.1us max=0.4us] snapCount[n=996 avg=23.0 max=23] poseSlots[n=2438 avg=5.1us max=120.6us] esp[n=996 avg=2.3us max=43.0us] aimbot[n=996 avg=0.7us max=86.3us]
[14:52:51.625][tid=32932] profile tick (5000ms): tickTotal[n=996 avg=30.6us max=103.6us] health[n=996 avg=19.2us max=52.7us] attitude[n=996 avg=8.3us max=89.1us] highlight[n=996 avg=1.2us max=7.8us] playerMods[n=996 avg=1.4us max=7.6us] visibility[n=996 avg=0.2us max=7.3us]
[14:52:51.625][tid=32932] profile tickdetail (5000ms): healthCollect[n=996 avg=0.2us max=5.3us] healthInvoke[n=996 avg=18.6us max=51.8us] attitudeCollect[n=996 avg=0.4us max=2.8us] attitudeInvoke[n=996 avg=1.0us max=25.8us] highlightCollect[n=996 avg=0.3us max=6.6us]
[14:52:51.808][tid=32932] phase1 lifetime summary: registerCallbacks=697 registered=691 registerTid=27332 registerChanges=665 registerOnMain=26 registerOffMain=671 mainTickCalls=91264 mainTickTid=32932 mainTickChanges=0 unregisterCalls=253 unregisterTid=29008 unregisterChanges=242 unregisterOnMain=6 unregisterOffMain=247 unregisterTracked=16 unregisterUntracked=237 unregisterTrackingUnknown=0 unregisterNoId=0 lastRegister=(000001DBAB47ADC0,0x9B04E0) lastUnregister=(000001DBAC176500,0x9B04DE) unregisterHook=1 componentEntities=0 componentSkipped=0 componentSamples=0 layoutRejects=0 nullInstance=0 nullRefCount=0 truncated=0 attitudeAttempts=28671 attitudeSourceBlocked=0 attitudeAcquire=28671 attitudeExpiredInvalid=0 attitudeAgent=39365 attitudeUnknown=0 attitudeFailClosed=0
[14:52:52.626][tid=32932] attitude path: work=0 phase2Enabled=1
[14:52:52.626][tid=32932] visibility tick: threadId=32932 processed=0 queued=0 casts=188 visible=1 occluded=94 dropped=0
[14:52:52.673][tid=29008] ESP diagnostics: snapshots=23 categories[civilian=0 enemy=0 police=0 other=23] attitude[hostile=0 unknown=9 valid=28715 invalid=0] dead=11 categorized=0 categoryEnabled=0 projected=12 front=3 poseBounds=3 skeletonLines=0 depthRange=[10.00,11.28] maxDistance=300.0 distanceRejected=0 withinDistance=3 drawn=0 enabled=1 camera=1 health[valid=462792 invalid=163285 bars=1] nativeHighlight[queued=5 cleared=0 failures=0] visibility[on=1 available=1 occluded=0 unknown=0 casts=188 clear=1 blocked=94 dropped=0]
[14:52:53.696][tid=32932] no-recoil target: path=waiting-for-equipped-weapon playerId=0x1 weaponId=0x0 targetId=0x1 runtimeValidationRisk=0
[14:52:55.109][tid=32932] phase1 lifetime summary: registerCallbacks=698 registered=692 registerTid=29076 registerChanges=666 registerOnMain=26 registerOffMain=672 mainTickCalls=91904 mainTickTid=32932 mainTickChanges=0 unregisterCalls=254 unregisterTid=29076 unregisterChanges=243 unregisterOnMain=6 unregisterOffMain=248 unregisterTracked=16 unregisterUntracked=238 unregisterTrackingUnknown=0 unregisterNoId=0 lastRegister=(000001DBC8635740,0x9B04E2) lastUnregister=(000001DBAB47ADC0,0x9B04E0) unregisterHook=1 componentEntities=0 componentSkipped=0 componentSamples=0 layoutRejects=0 nullInstance=0 nullRefCount=0 truncated=0 attitudeAttempts=28827 attitudeSourceBlocked=0 attitudeAcquire=28827 attitudeExpiredInvalid=0 attitudeAgent=39560 attitudeUnknown=0 attitudeFailClosed=0
[14:52:55.625][tid=32932] attitude path: work=0 phase2Enabled=1
[14:52:55.625][tid=32932] visibility tick: threadId=32932 processed=0 queued=0 casts=188 visible=1 occluded=94 dropped=0
[14:52:55.670][tid=26900] ESP diagnostics: snapshots=23 categories[civilian=0 enemy=0 police=0 other=23] attitude[hostile=0 unknown=9 valid=28859 invalid=0] dead=11 categorized=0 categoryEnabled=0 projected=12 front=3 poseBounds=3 skeletonLines=0 depthRange=[10.00,11.28] maxDistance=300.0 distanceRejected=0 withinDistance=3 drawn=0 enabled=1 camera=1 health[valid=466192 invalid=164485 bars=1] nativeHighlight[queued=5 cleared=0 failures=0] visibility[on=1 available=1 occluded=0 unknown=0 casts=188 clear=1 blocked=94 dropped=0]
[14:52:56.626][tid=32932] profile present (5000ms): snapshot[n=981 avg=47.9us max=246.5us] snapLockWait[n=981 avg=0.1us max=0.3us] snapCount[n=981 avg=23.0 max=23] poseSlots[n=2461 avg=5.3us max=47.5us] esp[n=981 avg=2.3us max=12.7us] aimbot[n=981 avg=1.1us max=120.1us]
[14:52:56.626][tid=32932] profile tick (5000ms): tickTotal[n=981 avg=30.6us max=135.1us] health[n=981 avg=19.3us max=125.1us] attitude[n=981 avg=8.2us max=96.4us] highlight[n=981 avg=1.2us max=4.8us] playerMods[n=981 avg=1.5us max=58.4us] visibility[n=981 avg=0.2us max=2.8us]
[14:52:56.626][tid=32932] profile tickdetail (5000ms): healthCollect[n=981 avg=0.2us max=0.8us] healthInvoke[n=981 avg=18.6us max=124.2us] attitudeCollect[n=981 avg=0.4us max=0.9us] attitudeInvoke[n=981 avg=1.0us max=23.5us] highlightCollect[n=981 avg=0.3us max=0.8us]
[14:52:56.689][tid=32932] no-recoil target: path=waiting-for-equipped-weapon playerId=0x1 weaponId=0x0 targetId=0x1 runtimeValidationRisk=0
[14:52:58.154][tid=32932] phase1 lifetime summary: registerCallbacks=698 registered=692 registerTid=29076 registerChanges=666 registerOnMain=26 registerOffMain=672 mainTickCalls=92544 mainTickTid=32932 mainTickChanges=0 unregisterCalls=254 unregisterTid=29076 unregisterChanges=243 unregisterOnMain=6 unregisterOffMain=248 unregisterTracked=16 unregisterUntracked=238 unregisterTrackingUnknown=0 unregisterNoId=0 lastRegister=(000001DBC8635740,0x9B04E2) lastUnregister=(000001DBAB47ADC0,0x9B04E0) unregisterHook=1 componentEntities=0 componentSkipped=0 componentSamples=0 layoutRejects=0 nullInstance=0 nullRefCount=0 truncated=0 attitudeAttempts=28975 attitudeSourceBlocked=0 attitudeAcquire=28975 attitudeExpiredInvalid=0 attitudeAgent=39745 attitudeUnknown=0 attitudeFailClosed=0
[14:52:58.623][tid=32932] attitude path: work=0 phase2Enabled=1
[14:52:58.623][tid=32932] visibility tick: threadId=32932 processed=0 queued=0 casts=188 visible=1 occluded=94 dropped=0
[14:52:58.674][tid=33564] ESP diagnostics: snapshots=23 categories[civilian=0 enemy=0 police=0 other=23] attitude[hostile=0 unknown=9 valid=29003 invalid=0] dead=11 categorized=0 categoryEnabled=0 projected=12 front=3 poseBounds=3 skeletonLines=0 depthRange=[10.00,11.28] maxDistance=300.0 distanceRejected=0 withinDistance=3 drawn=0 enabled=1 camera=1 health[valid=469970 invalid=165819 bars=1] nativeHighlight[queued=5 cleared=0 failures=0] visibility[on=1 available=1 occluded=0 unknown=0 casts=188 clear=1 blocked=94 dropped=0]
[14:52:59.687][tid=32932] no-recoil target: path=waiting-for-equipped-weapon playerId=0x1 weaponId=0x0 targetId=0x1 runtimeValidationRisk=0
[14:53:01.384][tid=32932] phase1 lifetime summary: registerCallbacks=698 registered=692 registerTid=29076 registerChanges=666 registerOnMain=26 registerOffMain=672 mainTickCalls=93312 mainTickTid=32932 mainTickChanges=0 unregisterCalls=254 unregisterTid=29076 unregisterChanges=243 unregisterOnMain=6 unregisterOffMain=248 unregisterTracked=16 unregisterUntracked=238 unregisterTrackingUnknown=0 unregisterNoId=0 lastRegister=(000001DBC8635740,0x9B04E2) lastUnregister=(000001DBAB47ADC0,0x9B04E0) unregisterHook=1 componentEntities=0 componentSkipped=0 componentSamples=0 layoutRejects=0 nullInstance=0 nullRefCount=0 truncated=0 attitudeAttempts=29131 attitudeSourceBlocked=0 attitudeAcquire=29131 attitudeExpiredInvalid=0 attitudeAgent=39940 attitudeUnknown=0 attitudeFailClosed=0
[14:53:01.624][tid=32932] attitude path: work=0 phase2Enabled=1
[14:53:01.624][tid=32932] visibility tick: threadId=32932 processed=0 queued=0 casts=188 visible=1 occluded=94 dropped=0
[14:53:01.624][tid=32932] profile present (5000ms): snapshot[n=1166 avg=44.1us max=268.9us] snapLockWait[n=1166 avg=0.1us max=0.2us] snapCount[n=1166 avg=23.0 max=23] poseSlots[n=2438 avg=5.5us max=66.4us] esp[n=1166 avg=2.3us max=12.6us] aimbot[n=1166 avg=0.7us max=19.2us]
[14:53:01.624][tid=32932] profile tick (5000ms): tickTotal[n=1166 avg=28.6us max=200.3us] health[n=1166 avg=17.9us max=191.2us] attitude[n=1166 avg=7.7us max=67.1us] highlight[n=1166 avg=1.2us max=73.8us] playerMods[n=1166 avg=1.4us max=8.6us] visibility[n=1166 avg=0.2us max=2.2us]
[14:53:01.624][tid=32932] profile tickdetail (5000ms): healthCollect[n=1166 avg=0.2us max=30.1us] healthInvoke[n=1166 avg=17.2us max=190.4us] attitudeCollect[n=1166 avg=0.4us max=13.5us] attitudeInvoke[n=1166 avg=0.8us max=54.6us] highlightCollect[n=1166 avg=0.3us max=0.9us]
[14:53:01.673][tid=33564] ESP diagnostics: snapshots=23 categories[civilian=0 enemy=0 police=0 other=23] attitude[hostile=0 unknown=9 valid=29151 invalid=0] dead=11 categorized=0 categoryEnabled=0 projected=12 front=3 poseBounds=3 skeletonLines=0 depthRange=[10.00,11.28] maxDistance=300.0 distanceRejected=0 withinDistance=3 drawn=0 enabled=1 camera=1 health[valid=474270 invalid=167335 bars=1] nativeHighlight[queued=5 cleared=0 failures=0] visibility[on=1 available=1 occluded=0 unknown=0 casts=188 clear=1 blocked=94 dropped=0]
[14:53:02.686][tid=32932] no-recoil target: path=waiting-for-equipped-weapon playerId=0x1 weaponId=0x0 targetId=0x1 runtimeValidationRisk=0
[14:53:04.449][tid=32932] phase1 lifetime summary: registerCallbacks=698 registered=692 registerTid=29076 registerChanges=666 registerOnMain=26 registerOffMain=672 mainTickCalls=94080 mainTickTid=32932 mainTickChanges=0 unregisterCalls=254 unregisterTid=29076 unregisterChanges=243 unregisterOnMain=6 unregisterOffMain=248 unregisterTracked=16 unregisterUntracked=238 unregisterTrackingUnknown=0 unregisterNoId=0 lastRegister=(000001DBC8635740,0x9B04E2) lastUnregister=(000001DBAB47ADC0,0x9B04E0) unregisterHook=1 componentEntities=0 componentSkipped=0 componentSamples=0 layoutRejects=0 nullInstance=0 nullRefCount=0 truncated=0 attitudeAttempts=29283 attitudeSourceBlocked=0 attitudeAcquire=29283 attitudeExpiredInvalid=0 attitudeAgent=40130 attitudeUnknown=0 attitudeFailClosed=0
[14:53:04.624][tid=32932] attitude path: work=0 phase2Enabled=1
[14:53:04.624][tid=32932] visibility tick: threadId=32932 processed=0 queued=0 casts=188 visible=1 occluded=94 dropped=0
[14:53:04.669][tid=296] ESP diagnostics: snapshots=23 categories[civilian=0 enemy=0 police=0 other=23] attitude[hostile=0 unknown=9 valid=29291 invalid=0] dead=11 categorized=0 categoryEnabled=0 projected=12 front=3 poseBounds=3 skeletonLines=0 depthRange=[10.00,11.28] maxDistance=300.0 distanceRejected=0 withinDistance=3 drawn=0 enabled=1 camera=1 health[valid=478615 invalid=168870 bars=1] nativeHighlight[queued=5 cleared=0 failures=0] visibility[on=1 available=1 occluded=0 unknown=0 casts=188 clear=1 blocked=94 dropped=0]
[14:53:05.689][tid=32932] no-recoil target: path=waiting-for-equipped-weapon playerId=0x1 weaponId=0x0 targetId=0x1 runtimeValidationRisk=0
[14:53:06.625][tid=32932] profile present (5000ms): snapshot[n=1104 avg=45.9us max=384.6us] snapLockWait[n=1104 avg=0.1us max=0.3us] snapCount[n=1104 avg=23.0 max=23] poseSlots[n=2461 avg=5.5us max=42.4us] esp[n=1104 avg=2.3us max=13.4us] aimbot[n=1104 avg=1.1us max=38.2us]
[14:53:06.625][tid=32932] profile tick (5000ms): tickTotal[n=1104 avg=28.3us max=192.3us] health[n=1104 avg=17.6us max=183.4us] attitude[n=1104 avg=7.7us max=46.9us] highlight[n=1104 avg=1.1us max=3.7us] playerMods[n=1104 avg=1.4us max=7.9us] visibility[n=1104 avg=0.1us max=2.5us]
[14:53:06.625][tid=32932] profile tickdetail (5000ms): healthCollect[n=1104 avg=0.2us max=0.8us] healthInvoke[n=1104 avg=16.9us max=182.7us] attitudeCollect[n=1104 avg=0.4us max=1.1us] attitudeInvoke[n=1104 avg=0.8us max=30.0us] highlightCollect[n=1104 avg=0.3us max=0.8us]
[14:53:07.625][tid=32932] attitude path: work=0 phase2Enabled=1
[14:53:07.625][tid=32932] visibility tick: threadId=32932 processed=0 queued=0 casts=188 visible=1 occluded=94 dropped=0
[14:53:07.671][tid=29008] ESP diagnostics: snapshots=23 categories[civilian=0 enemy=0 police=0 other=23] attitude[hostile=0 unknown=9 valid=29435 invalid=0] dead=11 categorized=0 categoryEnabled=0 projected=12 front=3 poseBounds=3 skeletonLines=0 depthRange=[10.00,11.28] maxDistance=300.0 distanceRejected=0 withinDistance=3 drawn=0 enabled=1 camera=1 health[valid=481950 invalid=170047 bars=1] nativeHighlight[queued=5 cleared=0 failures=0] visibility[on=1 available=1 occluded=0 unknown=0 casts=188 clear=1 blocked=94 dropped=0]
[14:53:07.853][tid=32932] phase1 lifetime summary: registerCallbacks=698 registered=692 registerTid=29076 registerChanges=666 registerOnMain=26 registerOffMain=672 mainTickCalls=94720 mainTickTid=32932 mainTickChanges=0 unregisterCalls=254 unregisterTid=29076 unregisterChanges=243 unregisterOnMain=6 unregisterOffMain=248 unregisterTracked=16 unregisterUntracked=238 unregisterTrackingUnknown=0 unregisterNoId=0 lastRegister=(000001DBC8635740,0x9B04E2) lastUnregister=(000001DBAB47ADC0,0x9B04E0) unregisterHook=1 componentEntities=0 componentSkipped=0 componentSamples=0 layoutRejects=0 nullInstance=0 nullRefCount=0 truncated=0 attitudeAttempts=29439 attitudeSourceBlocked=0 attitudeAcquire=29439 attitudeExpiredInvalid=0 attitudeAgent=40325 attitudeUnknown=0 attitudeFailClosed=0
[14:53:08.691][tid=32932] no-recoil target: path=waiting-for-equipped-weapon playerId=0x1 weaponId=0x0 targetId=0x1 runtimeValidationRisk=0
[14:53:10.622][tid=32932] attitude path: work=0 phase2Enabled=1
[14:53:10.622][tid=32932] visibility tick: threadId=32932 processed=0 queued=0 casts=188 visible=1 occluded=94 dropped=0
[14:53:10.671][tid=33784] ESP diagnostics: snapshots=23 categories[civilian=0 enemy=0 police=0 other=23] attitude[hostile=0 unknown=9 valid=29575 invalid=0] dead=11 categorized=0 categoryEnabled=0 projected=12 front=3 poseBounds=3 skeletonLines=0 depthRange=[10.00,11.28] maxDistance=300.0 distanceRejected=0 withinDistance=3 drawn=0 enabled=1 camera=1 health[valid=485404 invalid=171265 bars=1] nativeHighlight[queued=5 cleared=0 failures=0] visibility[on=1 available=1 occluded=0 unknown=0 casts=188 clear=1 blocked=94 dropped=0]
[14:53:11.129][tid=32932] phase1 lifetime summary: registerCallbacks=698 registered=692 registerTid=29076 registerChanges=666 registerOnMain=26 registerOffMain=672 mainTickCalls=95360 mainTickTid=32932 mainTickChanges=0 unregisterCalls=254 unregisterTid=29076 unregisterChanges=243 unregisterOnMain=6 unregisterOffMain=248 unregisterTracked=16 unregisterUntracked=238 unregisterTrackingUnknown=0 unregisterNoId=0 lastRegister=(000001DBC8635740,0x9B04E2) lastUnregister=(000001DBAB47ADC0,0x9B04E0) unregisterHook=1 componentEntities=0 componentSkipped=0 componentSamples=0 layoutRejects=0 nullInstance=0 nullRefCount=0 truncated=0 attitudeAttempts=29599 attitudeSourceBlocked=0 attitudeAcquire=29599 attitudeExpiredInvalid=0 attitudeAgent=40525 attitudeUnknown=0 attitudeFailClosed=0
[14:53:11.623][tid=32932] profile present (5000ms): snapshot[n=981 avg=46.8us max=307.4us] snapLockWait[n=981 avg=0.1us max=0.5us] snapCount[n=981 avg=23.0 max=23] poseSlots[n=2438 avg=5.3us max=126.8us] esp[n=981 avg=2.3us max=13.1us] aimbot[n=981 avg=0.6us max=2.1us]
[14:53:11.623][tid=32932] profile tick (5000ms): tickTotal[n=981 avg=30.3us max=186.5us] health[n=981 avg=19.0us max=177.4us] attitude[n=981 avg=8.4us max=155.7us] highlight[n=981 avg=1.2us max=8.8us] playerMods[n=981 avg=1.4us max=8.6us] visibility[n=981 avg=0.2us max=2.6us]
[14:53:11.623][tid=32932] profile tickdetail (5000ms): healthCollect[n=981 avg=0.2us max=0.7us] healthInvoke[n=981 avg=18.3us max=176.5us] attitudeCollect[n=981 avg=0.6us max=149.2us] attitudeInvoke[n=981 avg=1.0us max=26.2us] highlightCollect[n=981 avg=0.3us max=7.5us]
[14:53:11.688][tid=32932] no-recoil target: path=waiting-for-equipped-weapon playerId=0x1 weaponId=0x0 targetId=0x1 runtimeValidationRisk=0
[14:53:13.624][tid=32932] attitude path: work=0 phase2Enabled=1
[14:53:13.624][tid=32932] visibility tick: threadId=32932 processed=0 queued=0 casts=188 visible=1 occluded=94 dropped=0
[14:53:13.673][tid=30248] ESP diagnostics: snapshots=23 categories[civilian=0 enemy=0 police=0 other=23] attitude[hostile=0 unknown=9 valid=29719 invalid=0] dead=11 categorized=0 categoryEnabled=0 projected=12 front=3 poseBounds=3 skeletonLines=0 depthRange=[10.00,11.28] maxDistance=300.0 distanceRejected=0 withinDistance=3 drawn=0 enabled=1 camera=1 health[valid=488958 invalid=172519 bars=1] nativeHighlight[queued=5 cleared=0 failures=0] visibility[on=1 available=1 occluded=0 unknown=0 casts=188 clear=1 blocked=94 dropped=0]
[14:53:14.298][tid=32932] phase1 lifetime summary: registerCallbacks=698 registered=692 registerTid=29076 registerChanges=666 registerOnMain=26 registerOffMain=672 mainTickCalls=96000 mainTickTid=32932 mainTickChanges=0 unregisterCalls=254 unregisterTid=29076 unregisterChanges=243 unregisterOnMain=6 unregisterOffMain=248 unregisterTracked=16 unregisterUntracked=238 unregisterTrackingUnknown=0 unregisterNoId=0 lastRegister=(000001DBC8635740,0x9B04E2) lastUnregister=(000001DBAB47ADC0,0x9B04E0) unregisterHook=1 componentEntities=0 componentSkipped=0 componentSamples=0 layoutRejects=0 nullInstance=0 nullRefCount=0 truncated=0 attitudeAttempts=29751 attitudeSourceBlocked=0 attitudeAcquire=29751 attitudeExpiredInvalid=0 attitudeAgent=40715 attitudeUnknown=0 attitudeFailClosed=0
[14:53:14.690][tid=32932] no-recoil target: path=waiting-for-equipped-weapon playerId=0x1 weaponId=0x0 targetId=0x1 runtimeValidationRisk=0
[14:53:16.626][tid=32932] attitude path: work=0 phase2Enabled=1
[14:53:16.626][tid=32932] visibility tick: threadId=32932 processed=0 queued=0 casts=188 visible=1 occluded=94 dropped=0
[14:53:16.626][tid=32932] profile present (5000ms): snapshot[n=1019 avg=45.6us max=305.4us] snapLockWait[n=1019 avg=0.1us max=0.2us] snapCount[n=1019 avg=23.0 max=23] poseSlots[n=2461 avg=5.1us max=51.2us] esp[n=1019 avg=2.3us max=23.7us] aimbot[n=1019 avg=0.7us max=6.8us]
[14:53:16.626][tid=32932] profile tick (5000ms): tickTotal[n=1019 avg=29.9us max=106.9us] health[n=1019 avg=18.8us max=95.3us] attitude[n=1019 avg=8.0us max=43.9us] highlight[n=1019 avg=1.2us max=41.3us] playerMods[n=1019 avg=1.4us max=8.7us] visibility[n=1019 avg=0.2us max=2.3us]
[14:53:16.626][tid=32932] profile tickdetail (5000ms): healthCollect[n=1019 avg=0.2us max=20.4us] healthInvoke[n=1019 avg=18.1us max=74.3us] attitudeCollect[n=1019 avg=0.4us max=4.1us] attitudeInvoke[n=1019 avg=0.9us max=25.2us] highlightCollect[n=1019 avg=0.3us max=0.8us]
[14:53:16.674][tid=33564] ESP diagnostics: snapshots=23 categories[civilian=0 enemy=0 police=0 other=23] attitude[hostile=0 unknown=9 valid=29867 invalid=0] dead=11 categorized=0 categoryEnabled=0 projected=12 front=3 poseBounds=3 skeletonLines=0 depthRange=[10.00,11.28] maxDistance=300.0 distanceRejected=0 withinDistance=3 drawn=0 enabled=1 camera=1 health[valid=492605 invalid=173808 bars=1] nativeHighlight[queued=5 cleared=0 failures=0] visibility[on=1 available=1 occluded=0 unknown=0 casts=188 clear=1 blocked=94 dropped=0]
[14:53:17.468][tid=32932] phase1 lifetime summary: registerCallbacks=698 registered=692 registerTid=29076 registerChanges=666 registerOnMain=26 registerOffMain=672 mainTickCalls=96640 mainTickTid=32932 mainTickChanges=0 unregisterCalls=254 unregisterTid=29076 unregisterChanges=243 unregisterOnMain=6 unregisterOffMain=248 unregisterTracked=16 unregisterUntracked=238 unregisterTrackingUnknown=0 unregisterNoId=0 lastRegister=(000001DBC8635740,0x9B04E2) lastUnregister=(000001DBAB47ADC0,0x9B04E0) unregisterHook=1 componentEntities=0 componentSkipped=0 componentSamples=0 layoutRejects=0 nullInstance=0 nullRefCount=0 truncated=0 attitudeAttempts=29907 attitudeSourceBlocked=0 attitudeAcquire=29907 attitudeExpiredInvalid=0 attitudeAgent=40910 attitudeUnknown=0 attitudeFailClosed=0
[14:53:17.685][tid=32932] no-recoil target: path=waiting-for-equipped-weapon playerId=0x1 weaponId=0x0 targetId=0x1 runtimeValidationRisk=0
[14:53:19.627][tid=32932] attitude path: work=0 phase2Enabled=1
[14:53:19.627][tid=32932] visibility tick: threadId=32932 processed=0 queued=0 casts=188 visible=1 occluded=94 dropped=0
[14:53:19.676][tid=3100] ESP diagnostics: snapshots=23 categories[civilian=0 enemy=0 police=0 other=23] attitude[hostile=0 unknown=9 valid=30011 invalid=0] dead=11 categorized=0 categoryEnabled=0 projected=12 front=3 poseBounds=3 skeletonLines=0 depthRange=[9.93,11.19] maxDistance=300.0 distanceRejected=0 withinDistance=3 drawn=0 enabled=1 camera=1 health[valid=496154 invalid=175059 bars=1] nativeHighlight[queued=5 cleared=0 failures=0] visibility[on=1 available=1 occluded=0 unknown=0 casts=188 clear=1 blocked=94 dropped=0]
[14:53:20.487][tid=32932] phase1 lifetime summary: registerCallbacks=698 registered=692 registerTid=29076 registerChanges=666 registerOnMain=26 registerOffMain=672 mainTickCalls=97152 mainTickTid=32932 mainTickChanges=0 unregisterCalls=254 unregisterTid=29076 unregisterChanges=243 unregisterOnMain=6 unregisterOffMain=248 unregisterTracked=16 unregisterUntracked=238 unregisterTrackingUnknown=0 unregisterNoId=0 lastRegister=(000001DBC8635740,0x9B04E2) lastUnregister=(000001DBAB47ADC0,0x9B04E0) unregisterHook=1 componentEntities=0 componentSkipped=0 componentSamples=0 layoutRejects=0 nullInstance=0 nullRefCount=0 truncated=0 attitudeAttempts=30051 attitudeSourceBlocked=0 attitudeAcquire=30051 attitudeExpiredInvalid=0 attitudeAgent=41090 attitudeUnknown=0 attitudeFailClosed=0
[14:53:20.689][tid=32932] no-recoil target: path=waiting-for-equipped-weapon playerId=0x1 weaponId=0x0 targetId=0x1 runtimeValidationRisk=0
[14:53:21.622][tid=32932] profile present (5000ms): snapshot[n=946 avg=49.3us max=310.4us] snapLockWait[n=946 avg=0.1us max=0.8us] snapCount[n=946 avg=23.0 max=23] poseSlots[n=2438 avg=5.4us max=119.1us] esp[n=946 avg=2.3us max=31.5us] aimbot[n=946 avg=0.8us max=8.4us]
[14:53:21.622][tid=32932] profile tick (5000ms): tickTotal[n=821 avg=33.0us max=398.2us] health[n=821 avg=21.2us max=387.8us] attitude[n=821 avg=8.7us max=52.1us] highlight[n=821 avg=1.2us max=10.2us] playerMods[n=821 avg=1.5us max=9.4us] visibility[n=821 avg=0.2us max=7.2us]
[14:53:21.622][tid=32932] profile tickdetail (5000ms): healthCollect[n=821 avg=0.6us max=187.2us] healthInvoke[n=821 avg=19.8us max=387.0us] attitudeCollect[n=821 avg=0.4us max=1.0us] attitudeInvoke[n=821 avg=1.2us max=25.3us] highlightCollect[n=821 avg=0.3us max=0.7us]
[14:53:22.623][tid=32932] attitude path: work=0 phase2Enabled=1
[14:53:22.623][tid=32932] visibility tick: threadId=32932 processed=0 queued=0 casts=188 visible=1 occluded=94 dropped=0
[14:53:22.670][tid=33784] ESP diagnostics: snapshots=23 categories[civilian=0 enemy=0 police=0 other=23] attitude[hostile=0 unknown=9 valid=30151 invalid=0] dead=11 categorized=0 categoryEnabled=0 projected=12 front=3 poseBounds=3 skeletonLines=0 depthRange=[6.97,7.78] maxDistance=300.0 distanceRejected=0 withinDistance=3 drawn=0 enabled=1 camera=1 health[valid=498784 invalid=175989 bars=1] nativeHighlight[queued=5 cleared=0 failures=0] visibility[on=1 available=1 occluded=0 unknown=0 casts=188 clear=1 blocked=94 dropped=0]
[14:53:23.686][tid=32932] no-recoil target: path=waiting-for-equipped-weapon playerId=0x1 weaponId=0x0 targetId=0x1 runtimeValidationRisk=0
[14:53:23.922][tid=32932] phase1 lifetime summary: registerCallbacks=698 registered=692 registerTid=29076 registerChanges=666 registerOnMain=26 registerOffMain=672 mainTickCalls=97792 mainTickTid=32932 mainTickChanges=0 unregisterCalls=254 unregisterTid=29076 unregisterChanges=243 unregisterOnMain=6 unregisterOffMain=248 unregisterTracked=16 unregisterUntracked=238 unregisterTrackingUnknown=0 unregisterNoId=0 lastRegister=(000001DBC8635740,0x9B04E2) lastUnregister=(000001DBAB47ADC0,0x9B04E0) unregisterHook=1 componentEntities=0 componentSkipped=0 componentSamples=0 layoutRejects=0 nullInstance=0 nullRefCount=0 truncated=0 attitudeAttempts=30211 attitudeSourceBlocked=0 attitudeAcquire=30211 attitudeExpiredInvalid=0 attitudeAgent=41290 attitudeUnknown=0 attitudeFailClosed=0
[14:53:25.625][tid=32932] attitude path: work=0 phase2Enabled=1
[14:53:25.625][tid=32932] visibility tick: threadId=32932 processed=0 queued=0 casts=188 visible=1 occluded=94 dropped=0
[14:53:25.671][tid=17972] ESP diagnostics: snapshots=23 categories[civilian=0 enemy=0 police=0 other=23] attitude[hostile=0 unknown=9 valid=30299 invalid=0] dead=11 categorized=0 categoryEnabled=0 projected=12 front=3 poseBounds=3 skeletonLines=0 depthRange=[6.97,7.78] maxDistance=300.0 distanceRejected=0 withinDistance=3 drawn=0 enabled=1 camera=1 health[valid=502764 invalid=177393 bars=1] nativeHighlight[queued=5 cleared=0 failures=0] visibility[on=1 available=1 occluded=0 unknown=0 casts=188 clear=1 blocked=94 dropped=0]
[14:53:26.623][tid=32932] profile present (5000ms): snapshot[n=1172 avg=44.3us max=304.8us] snapLockWait[n=1172 avg=0.1us max=0.3us] snapCount[n=1172 avg=23.0 max=23] poseSlots[n=2438 avg=5.3us max=36.1us] esp[n=1172 avg=2.3us max=39.8us] aimbot[n=1172 avg=0.8us max=138.4us]
[14:53:26.623][tid=32932] profile tick (5000ms): tickTotal[n=1172 avg=28.1us max=90.2us] health[n=1172 avg=17.5us max=62.1us] attitude[n=1172 avg=7.6us max=42.8us] highlight[n=1172 avg=1.2us max=7.2us] playerMods[n=1172 avg=1.4us max=38.0us] visibility[n=1172 avg=0.2us max=2.9us]
[14:53:26.623][tid=32932] profile tickdetail (5000ms): healthCollect[n=1172 avg=0.2us max=0.7us] healthInvoke[n=1172 avg=16.9us max=61.4us] attitudeCollect[n=1172 avg=0.4us max=7.6us] attitudeInvoke[n=1172 avg=0.8us max=22.9us] highlightCollect[n=1172 avg=0.3us max=5.9us]
[14:53:26.687][tid=32932] no-recoil target: path=waiting-for-equipped-weapon playerId=0x1 weaponId=0x0 targetId=0x1 runtimeValidationRisk=0
[14:53:26.965][tid=32932] phase1 lifetime summary: registerCallbacks=698 registered=692 registerTid=29076 registerChanges=666 registerOnMain=26 registerOffMain=672 mainTickCalls=98560 mainTickTid=32932 mainTickChanges=0 unregisterCalls=254 unregisterTid=29076 unregisterChanges=243 unregisterOnMain=6 unregisterOffMain=248 unregisterTracked=16 unregisterUntracked=238 unregisterTrackingUnknown=0 unregisterNoId=0 lastRegister=(000001DBC8635740,0x9B04E2) lastUnregister=(000001DBAB47ADC0,0x9B04E0) unregisterHook=1 componentEntities=0 componentSkipped=0 componentSamples=0 layoutRejects=0 nullInstance=0 nullRefCount=0 truncated=0 attitudeAttempts=30363 attitudeSourceBlocked=0 attitudeAcquire=30363 attitudeExpiredInvalid=0 attitudeAgent=41480 attitudeUnknown=0 attitudeFailClosed=0
[14:53:28.623][tid=32932] attitude path: work=0 phase2Enabled=1
[14:53:28.623][tid=32932] visibility tick: threadId=32932 processed=0 queued=0 casts=188 visible=1 occluded=94 dropped=0
[14:53:28.673][tid=30248] ESP diagnostics: snapshots=23 categories[civilian=0 enemy=0 police=0 other=23] attitude[hostile=0 unknown=9 valid=30443 invalid=0] dead=11 categorized=0 categoryEnabled=0 projected=12 front=3 poseBounds=3 skeletonLines=0 depthRange=[6.97,7.78] maxDistance=300.0 distanceRejected=0 withinDistance=3 drawn=0 enabled=1 camera=1 health[valid=507306 invalid=178995 bars=1] nativeHighlight[queued=5 cleared=0 failures=0] visibility[on=1 available=1 occluded=0 unknown=0 casts=188 clear=1 blocked=94 dropped=0]
[14:53:29.687][tid=32932] no-recoil target: path=waiting-for-equipped-weapon playerId=0x1 weaponId=0x0 targetId=0x1 runtimeValidationRisk=0
[14:53:30.221][tid=32932] phase1 lifetime summary: registerCallbacks=698 registered=692 registerTid=29076 registerChanges=666 registerOnMain=26 registerOffMain=672 mainTickCalls=99328 mainTickTid=32932 mainTickChanges=0 unregisterCalls=254 unregisterTid=29076 unregisterChanges=243 unregisterOnMain=6 unregisterOffMain=248 unregisterTracked=16 unregisterUntracked=238 unregisterTrackingUnknown=0 unregisterNoId=0 lastRegister=(000001DBC8635740,0x9B04E2) lastUnregister=(000001DBAB47ADC0,0x9B04E0) unregisterHook=1 componentEntities=0 componentSkipped=0 componentSamples=0 layoutRejects=0 nullInstance=0 nullRefCount=0 truncated=0 attitudeAttempts=30519 attitudeSourceBlocked=0 attitudeAcquire=30519 attitudeExpiredInvalid=0 attitudeAgent=41675 attitudeUnknown=0 attitudeFailClosed=0
[14:53:31.625][tid=32932] attitude path: work=0 phase2Enabled=1
[14:53:31.625][tid=32932] visibility tick: threadId=32932 processed=0 queued=0 casts=188 visible=1 occluded=94 dropped=0
[14:53:31.625][tid=32932] profile present (5000ms): snapshot[n=1195 avg=42.4us max=213.6us] snapLockWait[n=1195 avg=0.1us max=0.3us] snapCount[n=1195 avg=23.0 max=23] poseSlots[n=2438 avg=5.2us max=16.8us] esp[n=1195 avg=2.3us max=13.4us] aimbot[n=1195 avg=0.7us max=31.1us]
[14:53:31.625][tid=32932] profile tick (5000ms): tickTotal[n=1195 avg=26.7us max=100.4us] health[n=1195 avg=16.4us max=51.9us] attitude[n=1195 avg=7.4us max=57.4us] highlight[n=1195 avg=1.2us max=14.5us] playerMods[n=1195 avg=1.4us max=13.0us] visibility[n=1195 avg=0.1us max=2.3us]
[14:53:31.625][tid=32932] profile tickdetail (5000ms): healthCollect[n=1195 avg=0.2us max=3.4us] healthInvoke[n=1195 avg=15.7us max=50.9us] attitudeCollect[n=1195 avg=0.4us max=3.1us] attitudeInvoke[n=1195 avg=0.8us max=26.3us] highlightCollect[n=1195 avg=0.3us max=13.7us]
[14:53:31.669][tid=28432] ESP diagnostics: snapshots=23 categories[civilian=0 enemy=0 police=0 other=23] attitude[hostile=0 unknown=9 valid=30583 invalid=0] dead=11 categorized=0 categoryEnabled=0 projected=12 front=3 poseBounds=3 skeletonLines=0 depthRange=[6.97,7.78] maxDistance=300.0 distanceRejected=0 withinDistance=3 drawn=0 enabled=1 camera=1 health[valid=511462 invalid=180463 bars=1] nativeHighlight[queued=5 cleared=0 failures=0] visibility[on=1 available=1 occluded=0 unknown=0 casts=188 clear=1 blocked=94 dropped=0]
[14:53:32.687][tid=32932] no-recoil target: path=waiting-for-equipped-weapon playerId=0x1 weaponId=0x0 targetId=0x1 runtimeValidationRisk=0
[14:53:33.550][tid=32932] phase1 lifetime summary: registerCallbacks=698 registered=692 registerTid=29076 registerChanges=666 registerOnMain=26 registerOffMain=672 mainTickCalls=100096 mainTickTid=32932 mainTickChanges=0 unregisterCalls=254 unregisterTid=29076 unregisterChanges=243 unregisterOnMain=6 unregisterOffMain=248 unregisterTracked=16 unregisterUntracked=238 unregisterTrackingUnknown=0 unregisterNoId=0 lastRegister=(000001DBC8635740,0x9B04E2) lastUnregister=(000001DBAB47ADC0,0x9B04E0) unregisterHook=1 componentEntities=0 componentSkipped=0 componentSamples=0 layoutRejects=0 nullInstance=0 nullRefCount=0 truncated=0 attitudeAttempts=30675 attitudeSourceBlocked=0 attitudeAcquire=30675 attitudeExpiredInvalid=0 attitudeAgent=41870 attitudeUnknown=0 attitudeFailClosed=0
[14:53:34.631][tid=32932] attitude path: work=4 phase2Enabled=1
[14:53:34.631][tid=32932] visibility tick: threadId=32932 processed=0 queued=0 casts=188 visible=1 occluded=94 dropped=0
[14:53:34.674][tid=3100] ESP diagnostics: snapshots=23 categories[civilian=0 enemy=0 police=0 other=23] attitude[hostile=0 unknown=9 valid=30727 invalid=0] dead=11 categorized=0 categoryEnabled=0 projected=12 front=0 poseBounds=0 skeletonLines=0 depthRange=[0.00,0.00] maxDistance=300.0 distanceRejected=0 withinDistance=0 drawn=0 enabled=1 camera=1 health[valid=515045 invalid=181728 bars=1] nativeHighlight[queued=5 cleared=0 failures=0] visibility[on=1 available=1 occluded=0 unknown=0 casts=188 clear=1 blocked=94 dropped=0]
[14:53:35.702][tid=32932] no-recoil target: path=waiting-for-equipped-weapon playerId=0x1 weaponId=0x0 targetId=0x1 runtimeValidationRisk=0
[14:53:36.625][tid=32932] profile present (5000ms): snapshot[n=974 avg=50.1us max=430.5us] snapLockWait[n=974 avg=0.1us max=0.4us] snapCount[n=974 avg=23.0 max=23] poseSlots[n=2438 avg=5.7us max=98.4us] esp[n=974 avg=2.4us max=18.0us] aimbot[n=974 avg=1.6us max=366.9us]
[14:53:36.625][tid=32932] profile tick (5000ms): tickTotal[n=779 avg=31.6us max=322.5us] health[n=779 avg=19.7us max=311.0us] attitude[n=779 avg=8.8us max=53.5us] highlight[n=779 avg=1.2us max=4.3us] playerMods[n=779 avg=1.4us max=9.3us] visibility[n=779 avg=0.2us max=2.2us]
[14:53:36.625][tid=32932] profile tickdetail (5000ms): healthCollect[n=779 avg=0.4us max=96.4us] healthInvoke[n=779 avg=18.7us max=310.3us] attitudeCollect[n=779 avg=0.4us max=0.9us] attitudeInvoke[n=779 avg=1.2us max=26.7us] highlightCollect[n=779 avg=0.3us max=0.7us]
[14:53:37.040][tid=32932] phase1 lifetime summary: registerCallbacks=698 registered=692 registerTid=29076 registerChanges=666 registerOnMain=26 registerOffMain=672 mainTickCalls=100480 mainTickTid=32932 mainTickChanges=0 unregisterCalls=254 unregisterTid=29076 unregisterChanges=243 unregisterOnMain=6 unregisterOffMain=248 unregisterTracked=16 unregisterUntracked=238 unregisterTrackingUnknown=0 unregisterNoId=0 lastRegister=(000001DBC8635740,0x9B04E2) lastUnregister=(000001DBAB47ADC0,0x9B04E0) unregisterHook=1 componentEntities=0 componentSkipped=0 componentSamples=0 layoutRejects=0 nullInstance=0 nullRefCount=0 truncated=0 attitudeAttempts=30843 attitudeSourceBlocked=0 attitudeAcquire=30843 attitudeExpiredInvalid=0 attitudeAgent=42080 attitudeUnknown=0 attitudeFailClosed=0
[14:53:37.630][tid=32932] attitude path: work=4 phase2Enabled=1
[14:53:37.630][tid=32932] visibility tick: threadId=32932 processed=0 queued=0 casts=188 visible=1 occluded=94 dropped=0
[14:53:37.670][tid=3100] ESP diagnostics: snapshots=23 categories[civilian=0 enemy=0 police=0 other=23] attitude[hostile=0 unknown=9 valid=30871 invalid=0] dead=11 categorized=0 categoryEnabled=0 projected=3 front=0 poseBounds=0 skeletonLines=0 depthRange=[0.00,0.00] maxDistance=300.0 distanceRejected=0 withinDistance=0 drawn=0 enabled=1 camera=1 health[valid=516530 invalid=182251 bars=1] nativeHighlight[queued=5 cleared=0 failures=0] visibility[on=1 available=1 occluded=0 unknown=0 casts=188 clear=1 blocked=94 dropped=0]
[14:53:38.701][tid=32932] no-recoil target: path=waiting-for-equipped-weapon playerId=0x1 weaponId=0x0 targetId=0x1 runtimeValidationRisk=0
[14:53:38.927][tid=32932] no-recoil modifiers applied: targetId=0x9B04E1 count=11
[14:53:39.668][tid=32624] entity unregister observed: total=256 ptr=000001DBA1555EC0 id=0x9B03A8 identity=1 trackedKnown=1 trackedBefore=0 result=1
[14:53:40.219][tid=32932] phase1 lifetime summary: registerCallbacks=701 registered=695 registerTid=32624 registerChanges=669 registerOnMain=26 registerOffMain=675 mainTickCalls=100736 mainTickTid=32932 mainTickChanges=0 unregisterCalls=257 unregisterTid=32624 unregisterChanges=245 unregisterOnMain=6 unregisterOffMain=251 unregisterTracked=16 unregisterUntracked=241 unregisterTrackingUnknown=0 unregisterNoId=0 lastRegister=(000001DBA1555EC0,0x9B04E5) lastUnregister=(000001DBC1476480,0x5A675DE46F14694C) unregisterHook=1 componentEntities=0 componentSkipped=0 componentSamples=0 layoutRejects=0 nullInstance=0 nullRefCount=0 truncated=0 attitudeAttempts=30995 attitudeSourceBlocked=0 attitudeAcquire=30995 attitudeExpiredInvalid=0 attitudeAgent=42270 attitudeUnknown=0 attitudeFailClosed=0
[14:53:40.640][tid=32932] attitude path: work=4 phase2Enabled=1
[14:53:40.640][tid=32932] visibility tick: threadId=32932 processed=0 queued=0 casts=188 visible=1 occluded=94 dropped=0
[14:53:40.674][tid=3100] ESP diagnostics: snapshots=23 categories[civilian=0 enemy=0 police=0 other=23] attitude[hostile=0 unknown=9 valid=31015 invalid=0] dead=11 categorized=0 categoryEnabled=0 projected=3 front=0 poseBounds=0 skeletonLines=0 depthRange=[0.00,0.00] maxDistance=300.0 distanceRejected=0 withinDistance=0 drawn=0 enabled=1 camera=1 health[valid=517943 invalid=182750 bars=1] nativeHighlight[queued=5 cleared=0 failures=0] visibility[on=1 available=1 occluded=0 unknown=0 casts=188 clear=1 blocked=94 dropped=0]
[14:53:41.623][tid=32932] profile present (5000ms): snapshot[n=810 avg=64.1us max=368.5us] snapLockWait[n=810 avg=0.1us max=0.3us] snapCount[n=810 avg=23.0 max=23] poseSlots[n=2461 avg=6.4us max=90.9us] esp[n=810 avg=3.1us max=14.1us] aimbot[n=810 avg=0.6us max=37.3us]
[14:53:41.623][tid=32932] profile tick (5000ms): tickTotal[n=405 avg=46.1us max=421.9us] health[n=405 avg=27.1us max=250.7us] attitude[n=405 avg=14.5us max=210.5us] highlight[n=405 avg=1.6us max=5.6us] playerMods[n=405 avg=2.1us max=62.4us] visibility[n=405 avg=0.3us max=2.7us]
[14:53:41.623][tid=32932] profile tickdetail (5000ms): healthCollect[n=405 avg=1.0us max=239.3us] healthInvoke[n=405 avg=25.2us max=206.1us] attitudeCollect[n=405 avg=1.0us max=200.2us] attitudeInvoke[n=405 avg=2.6us max=29.2us] highlightCollect[n=405 avg=0.4us max=0.8us]
[14:53:41.707][tid=32932] no-recoil target: path=equipped-weapon playerId=0x1 weaponId=0x9B04E1 targetId=0x9B04E1 runtimeValidationRisk=0
[14:53:43.377][tid=32932] phase1 lifetime summary: registerCallbacks=706 registered=700 registerTid=32624 registerChanges=673 registerOnMain=26 registerOffMain=680 mainTickCalls=100992 mainTickTid=32932 mainTickChanges=0 unregisterCalls=270 unregisterTid=33564 unregisterChanges=257 unregisterOnMain=6 unregisterOffMain=264 unregisterTracked=16 unregisterUntracked=254 unregisterTrackingUnknown=0 unregisterNoId=0 lastRegister=(000001DB9D395430,0x57B12EE27DD9456E) lastUnregister=(000001DBAC4F9250,0x70CB8609CC0D532E) unregisterHook=1 componentEntities=0 componentSkipped=0 componentSamples=0 layoutRejects=0 nullInstance=0 nullRefCount=0 truncated=0 attitudeAttempts=31143 attitudeSourceBlocked=0 attitudeAcquire=31143 attitudeExpiredInvalid=0 attitudeAgent=42455 attitudeUnknown=0 attitudeFailClosed=0
[14:53:43.648][tid=32932] attitude path: work=4 phase2Enabled=1
[14:53:43.648][tid=32932] visibility tick: threadId=32932 processed=0 queued=0 casts=188 visible=1 occluded=94 dropped=0
[14:53:43.678][tid=3100] ESP diagnostics: snapshots=23 categories[civilian=0 enemy=0 police=0 other=23] attitude[hostile=0 unknown=9 valid=31159 invalid=0] dead=11 categorized=0 categoryEnabled=0 projected=3 front=0 poseBounds=0 skeletonLines=0 depthRange=[0.00,0.00] maxDistance=300.0 distanceRejected=0 withinDistance=0 drawn=0 enabled=1 camera=1 health[valid=519392 invalid=183261 bars=1] nativeHighlight[queued=5 cleared=0 failures=0] visibility[on=1 available=1 occluded=0 unknown=0 casts=188 clear=1 blocked=94 dropped=0]
[14:53:44.700][tid=32932] no-recoil target: path=equipped-weapon playerId=0x1 weaponId=0x9B04E1 targetId=0x9B04E1 runtimeValidationRisk=0
[14:53:45.540][tid=32932] native highlight braindance mode: 1
[14:53:45.556][tid=32932] native highlight braindance mode: 1
[14:53:45.570][tid=32932] native highlight braindance mode: 1
[14:53:45.582][tid=32932] native highlight braindance mode: 1
[14:53:45.596][tid=32932] native highlight braindance mode: 1
[14:53:46.577][tid=32932] phase1 lifetime summary: registerCallbacks=735 registered=729 registerTid=17972 registerChanges=701 registerOnMain=28 registerOffMain=707 mainTickCalls=101248 mainTickTid=32932 mainTickChanges=0 unregisterCalls=286 unregisterTid=296 unregisterChanges=270 unregisterOnMain=6 unregisterOffMain=280 unregisterTracked=26 unregisterUntracked=260 unregisterTrackingUnknown=0 unregisterNoId=0 lastRegister=(000001DBA9911760,0x89720D) lastUnregister=(000001DBA1DFF1F0,0x36945FF4A83B11C8) unregisterHook=1 componentEntities=0 componentSkipped=0 componentSamples=0 layoutRejects=0 nullInstance=0 nullRefCount=0 truncated=0 attitudeAttempts=31391 attitudeSourceBlocked=0 attitudeAcquire=31391 attitudeExpiredInvalid=0 attitudeAgent=42765 attitudeUnknown=0 attitudeFailClosed=0
[14:53:46.627][tid=32932] profile present (5000ms): snapshot[n=806 avg=69.7us max=516.0us] snapLockWait[n=806 avg=0.1us max=0.4us] snapCount[n=806 avg=23.8 max=33] poseSlots[n=2510 avg=6.8us max=206.7us] esp[n=806 avg=6.3us max=162.9us] aimbot[n=806 avg=0.8us max=9.1us]
[14:53:46.627][tid=32932] profile tick (5000ms): tickTotal[n=403 avg=49.7us max=286.5us] health[n=403 avg=28.5us max=185.6us] attitude[n=403 avg=16.4us max=94.4us] highlight[n=403 avg=1.8us max=37.1us] playerMods[n=403 avg=1.9us max=9.0us] visibility[n=403 avg=0.7us max=19.5us]
[14:53:46.627][tid=32932] profile tickdetail (5000ms): healthCollect[n=403 avg=0.2us max=0.8us] healthInvoke[n=403 avg=27.5us max=184.1us] attitudeCollect[n=403 avg=0.4us max=1.0us] attitudeInvoke[n=403 avg=3.8us max=30.5us] highlightCollect[n=403 avg=0.4us max=1.2us]
[14:53:46.639][tid=32932] attitude path: work=4 phase2Enabled=1
[14:53:46.639][tid=32932] visibility tick: threadId=32932 processed=1 queued=0 casts=218 visible=4 occluded=106 dropped=0
[14:53:46.680][tid=3100] ESP diagnostics: snapshots=33 categories[civilian=15 enemy=5 police=0 other=13] attitude[hostile=0 unknown=1 valid=31403 invalid=0] dead=1 categorized=20 categoryEnabled=5 projected=23 front=20 poseBounds=20 skeletonLines=0 depthRange=[136.90,145.97] maxDistance=300.0 distanceRejected=0 withinDistance=20 drawn=5 enabled=1 camera=1 health[valid=520781 invalid=183792 bars=1] nativeHighlight[queued=12 cleared=1 failures=0] visibility[on=1 available=1 occluded=5 unknown=0 casts=218 clear=4 blocked=106 dropped=0]
[14:53:47.711][tid=32932] no-recoil target: path=equipped-weapon playerId=0x1 weaponId=0x9B04E1 targetId=0x9B04E1 runtimeValidationRisk=0
[14:53:47.773][tid=32932] native highlight braindance mode: 0
[14:53:48.394][tid=32932] native highlight braindance mode: 1
[14:53:48.407][tid=32932] native highlight braindance mode: 1
[14:53:48.423][tid=32932] native highlight braindance mode: 1
[14:53:49.639][tid=32932] attitude path: work=4 phase2Enabled=1
[14:53:49.639][tid=32932] visibility tick: threadId=32932 processed=0 queued=0 casts=262 visible=6 occluded=126 dropped=0
[14:53:49.680][tid=3100] ESP diagnostics: snapshots=33 categories[civilian=15 enemy=4 police=0 other=14] attitude[hostile=0 unknown=1 valid=31739 invalid=0] dead=1 categorized=19 categoryEnabled=4 projected=23 front=20 poseBounds=20 skeletonLines=0 depthRange=[62.51,71.57] maxDistance=300.0 distanceRejected=0 withinDistance=20 drawn=4 enabled=1 camera=1 health[valid=522223 invalid=184254 bars=1] nativeHighlight[queued=16 cleared=1 failures=0] visibility[on=1 available=1 occluded=4 unknown=0 casts=262 clear=6 blocked=126 dropped=0]
[14:53:49.799][tid=32932] phase1 lifetime summary: registerCallbacks=763 registered=757 registerTid=27332 registerChanges=728 registerOnMain=28 registerOffMain=735 mainTickCalls=101504 mainTickTid=32932 mainTickChanges=0 unregisterCalls=313 unregisterTid=27332 unregisterChanges=296 unregisterOnMain=6 unregisterOffMain=307 unregisterTracked=46 unregisterUntracked=267 unregisterTrackingUnknown=0 unregisterNoId=0 lastRegister=(000001DBB27201D0,0x15B530E278E1898F) lastUnregister=(000001DBA2FF8A90,0x897175) unregisterHook=1 componentEntities=0 componentSkipped=0 componentSamples=0 layoutRejects=0 nullInstance=0 nullRefCount=0 truncated=0 attitudeAttempts=31755 attitudeSourceBlocked=0 attitudeAcquire=31755 attitudeExpiredInvalid=0 attitudeAgent=43220 attitudeUnknown=0 attitudeFailClosed=0
[14:53:50.703][tid=32932] no-recoil target: path=equipped-weapon playerId=0x1 weaponId=0x9B04E1 targetId=0x9B04E1 runtimeValidationRisk=0
[14:53:51.629][tid=32932] profile present (5000ms): snapshot[n=794 avg=78.2us max=306.1us] snapLockWait[n=794 avg=0.1us max=0.4us] snapCount[n=794 avg=29.4 max=33] poseSlots[n=3156 avg=6.8us max=70.8us] esp[n=794 avg=14.4us max=122.0us] aimbot[n=794 avg=1.3us max=16.8us]
[14:53:51.629][tid=32932] profile tick (5000ms): tickTotal[n=397 avg=59.3us max=212.7us] health[n=397 avg=32.7us max=75.1us] attitude[n=397 avg=21.2us max=179.2us] highlight[n=397 avg=1.4us max=39.8us] playerMods[n=397 avg=2.0us max=10.7us] visibility[n=397 avg=1.6us max=94.4us]
[14:53:51.629][tid=32932] profile tickdetail (5000ms): healthCollect[n=397 avg=0.3us max=24.0us] healthInvoke[n=397 avg=31.6us max=73.9us] attitudeCollect[n=397 avg=0.4us max=1.0us] attitudeInvoke[n=397 avg=6.5us max=34.1us] highlightCollect[n=397 avg=0.5us max=1.5us]
[14:53:52.650][tid=32932] attitude path: work=3 phase2Enabled=1
[14:53:52.650][tid=32932] visibility tick: threadId=32932 processed=0 queued=0 casts=300 visible=16 occluded=136 dropped=0
[14:53:52.672][tid=3100] ESP diagnostics: snapshots=30 categories[civilian=15 enemy=4 police=0 other=11] attitude[hostile=2 unknown=1 valid=32089 invalid=0] dead=2 categorized=19 categoryEnabled=4 projected=19 front=0 poseBounds=0 skeletonLines=0 depthRange=[0.00,0.00] maxDistance=300.0 distanceRejected=0 withinDistance=0 drawn=0 enabled=1 camera=1 health[valid=523703 invalid=184614 bars=1] nativeHighlight[queued=16 cleared=1 failures=0] visibility[on=1 available=1 occluded=0 unknown=0 casts=300 clear=16 blocked=136 dropped=0]
[14:53:53.123][tid=32932] phase1 lifetime summary: registerCallbacks=767 registered=761 registerTid=29008 registerChanges=731 registerOnMain=28 registerOffMain=739 mainTickCalls=101760 mainTickTid=32932 mainTickChanges=0 unregisterCalls=317 unregisterTid=32624 unregisterChanges=299 unregisterOnMain=6 unregisterOffMain=311 unregisterTracked=49 unregisterUntracked=268 unregisterTrackingUnknown=0 unregisterNoId=0 lastRegister=(000001DBB2DE5BE0,0x9B04F9) lastUnregister=(000001DBACFD8A90,0x541E6273231DDCB8) unregisterHook=1 componentEntities=0 componentSkipped=0 componentSamples=0 layoutRejects=0 nullInstance=0 nullRefCount=0 truncated=0 attitudeAttempts=32134 attitudeSourceBlocked=0 attitudeAcquire=32134 attitudeExpiredInvalid=0 attitudeAgent=43703 attitudeUnknown=0 attitudeFailClosed=0
[14:53:53.429][tid=3100] silent aim armed: target=0000000000897200 world=(1619.74,-1069.26,57.10) healthValid=1 health=292.50/292.50 dead=0 candidates=4 eligible=4 noPool=0 overCap=0 occluded=0 crosshairCoreHook=1 calls=82 redirects=0 rejected=0
[14:53:53.493][tid=32932] native highlight braindance mode: 1
[14:53:53.702][tid=32932] no-recoil target: path=equipped-weapon playerId=0x1 weaponId=0x9B04E1 targetId=0x9B04E1 runtimeValidationRisk=0
[14:53:53.853][tid=32932] native highlight braindance mode: 1
[14:53:54.253][tid=32932] native highlight braindance mode: 1
[14:53:54.674][tid=32932] native highlight braindance mode: 1
[14:53:54.674][tid=32932] native highlight braindance mode: 0
[14:53:55.643][tid=32932] attitude path: work=3 phase2Enabled=1
[14:53:55.643][tid=32932] visibility tick: threadId=32932 processed=0 queued=0 casts=312 visible=27 occluded=136 dropped=0
[14:53:55.678][tid=3100] ESP diagnostics: snapshots=30 categories[civilian=15 enemy=4 police=0 other=11] attitude[hostile=4 unknown=1 valid=32400 invalid=0] dead=6 categorized=19 categoryEnabled=4 projected=24 front=15 poseBounds=15 skeletonLines=0 depthRange=[11.28,45.65] maxDistance=300.0 distanceRejected=0 withinDistance=15 drawn=0 enabled=1 camera=1 health[valid=525130 invalid=184971 bars=1] nativeHighlight[queued=20 cleared=5 failures=0] visibility[on=1 available=1 occluded=0 unknown=0 casts=312 clear=27 blocked=136 dropped=0]
[14:53:56.533][tid=32932] phase1 lifetime summary: registerCallbacks=771 registered=765 registerTid=296 registerChanges=735 registerOnMain=28 registerOffMain=743 mainTickCalls=102016 mainTickTid=32932 mainTickChanges=0 unregisterCalls=321 unregisterTid=32932 unregisterChanges=303 unregisterOnMain=7 unregisterOffMain=314 unregisterTracked=49 unregisterUntracked=272 unregisterTrackingUnknown=0 unregisterNoId=0 lastRegister=(000001DBAB2B7440,0x9B04FD) lastUnregister=(000001DBB11A2DA0,0x9B04E7) unregisterHook=1 componentEntities=0 componentSkipped=0 componentSamples=0 layoutRejects=0 nullInstance=0 nullRefCount=0 truncated=0 attitudeAttempts=32486 attitudeSourceBlocked=0 attitudeAcquire=32486 attitudeExpiredInvalid=0 attitudeAgent=44158 attitudeUnknown=0 attitudeFailClosed=0
[14:53:56.624][tid=32932] profile present (5000ms): snapshot[n=748 avg=79.9us max=540.8us] snapLockWait[n=748 avg=0.1us max=48.4us] snapCount[n=748 avg=30.0 max=30] poseSlots[n=3150 avg=6.0us max=98.0us] esp[n=748 avg=8.5us max=38.8us] aimbot[n=748 avg=1.7us max=121.6us]
[14:53:56.624][tid=32932] profile tick (5000ms): tickTotal[n=374 avg=58.4us max=653.2us] health[n=374 avg=32.0us max=608.1us] attitude[n=374 avg=21.8us max=324.3us] highlight[n=374 avg=1.8us max=53.0us] playerMods[n=374 avg=1.8us max=9.5us] visibility[n=374 avg=0.5us max=11.5us]
[14:53:56.624][tid=32932] profile tickdetail (5000ms): healthCollect[n=374 avg=0.7us max=94.0us] healthInvoke[n=374 avg=30.4us max=607.1us] attitudeCollect[n=374 avg=0.5us max=10.3us] attitudeInvoke[n=374 avg=6.1us max=33.9us] highlightCollect[n=374 avg=0.5us max=1.1us]
[14:53:56.701][tid=32932] no-recoil target: path=equipped-weapon playerId=0x1 weaponId=0x9B04E1 targetId=0x9B04E1 runtimeValidationRisk=0
[14:53:58.647][tid=32932] attitude path: work=3 phase2Enabled=1
[14:53:58.647][tid=32932] visibility tick: threadId=32932 processed=0 queued=0 casts=312 visible=27 occluded=136 dropped=0
[14:53:58.676][tid=3100] ESP diagnostics: snapshots=30 categories[civilian=15 enemy=4 police=0 other=11] attitude[hostile=4 unknown=1 valid=32691 invalid=0] dead=6 categorized=19 categoryEnabled=4 projected=24 front=13 poseBounds=13 skeletonLines=0 depthRange=[1.95,46.09] maxDistance=300.0 distanceRejected=0 withinDistance=13 drawn=0 enabled=1 camera=1 health[valid=526684 invalid=185361 bars=1] nativeHighlight[queued=20 cleared=5 failures=0] visibility[on=1 available=1 occluded=0 unknown=0 casts=312 clear=27 blocked=136 dropped=0]
[14:53:59.694][tid=32932] phase1 lifetime summary: registerCallbacks=771 registered=765 registerTid=296 registerChanges=735 registerOnMain=28 registerOffMain=743 mainTickCalls=102272 mainTickTid=32932 mainTickChanges=0 unregisterCalls=321 unregisterTid=32932 unregisterChanges=303 unregisterOnMain=7 unregisterOffMain=314 unregisterTracked=49 unregisterUntracked=272 unregisterTrackingUnknown=0 unregisterNoId=0 lastRegister=(000001DBAB2B7440,0x9B04FD) lastUnregister=(000001DBB11A2DA0,0x9B04E7) unregisterHook=1 componentEntities=0 componentSkipped=0 componentSamples=0 layoutRejects=0 nullInstance=0 nullRefCount=0 truncated=0 attitudeAttempts=32787 attitudeSourceBlocked=0 attitudeAcquire=32787 attitudeExpiredInvalid=0 attitudeAgent=44547 attitudeUnknown=0 attitudeFailClosed=0
[14:53:59.706][tid=32932] no-recoil target: path=equipped-weapon playerId=0x1 weaponId=0x9B04E1 targetId=0x9B04E1 runtimeValidationRisk=0
[14:53:59.898][tid=32932] native highlight braindance mode: 1
[14:54:00.598][tid=3100] silent aim armed: target=0000000000897202 world=(1620.39,-1060.76,56.32) healthValid=1 health=215.21/292.50 dead=0 candidates=1 eligible=1 noPool=0 overCap=0 occluded=0 crosshairCoreHook=1 calls=279 redirects=38 rejected=0
[14:54:00.660][tid=32932] native highlight braindance mode: 1
[14:54:00.660][tid=32932] native highlight braindance mode: 0
[14:54:01.632][tid=32932] profile present (5000ms): snapshot[n=794 avg=74.7us max=510.6us] snapLockWait[n=794 avg=0.1us max=0.4us] snapCount[n=794 avg=30.0 max=30] poseSlots[n=3210 avg=6.0us max=66.4us] esp[n=794 avg=5.3us max=78.0us] aimbot[n=794 avg=1.1us max=100.3us]
[14:54:01.632][tid=32932] profile tick (5000ms): tickTotal[n=397 avg=54.0us max=500.1us] health[n=397 avg=29.8us max=459.9us] attitude[n=397 avg=19.8us max=166.2us] highlight[n=397 avg=1.8us max=29.6us] playerMods[n=397 avg=1.8us max=9.1us] visibility[n=397 avg=0.3us max=6.6us]
[14:54:01.632][tid=32932] profile tickdetail (5000ms): healthCollect[n=397 avg=0.2us max=0.8us] healthInvoke[n=397 avg=28.9us max=459.0us] attitudeCollect[n=397 avg=0.5us max=14.4us] attitudeInvoke[n=397 avg=5.8us max=100.5us] highlightCollect[n=397 avg=0.5us max=8.4us]
[14:54:01.645][tid=32932] attitude path: work=2 phase2Enabled=1
[14:54:01.645][tid=32932] visibility tick: threadId=32932 processed=0 queued=0 casts=314 visible=29 occluded=136 dropped=0
[14:54:01.677][tid=3100] ESP diagnostics: snapshots=30 categories[civilian=15 enemy=5 police=0 other=10] attitude[hostile=5 unknown=1 valid=32975 invalid=0] dead=7 categorized=20 categoryEnabled=5 projected=23 front=9 poseBounds=9 skeletonLines=0 depthRange=[4.41,29.05] maxDistance=300.0 distanceRejected=0 withinDistance=9 drawn=0 enabled=1 camera=1 health[valid=528176 invalid=185733 bars=1] nativeHighlight[queued=22 cleared=6 failures=0] visibility[on=1 available=1 occluded=0 unknown=0 casts=314 clear=29 blocked=136 dropped=0]
[14:54:02.707][tid=32932] no-recoil target: path=equipped-weapon playerId=0x1 weaponId=0x9B04E1 targetId=0x9B04E1 runtimeValidationRisk=0
[14:54:02.996][tid=32932] phase1 lifetime summary: registerCallbacks=773 registered=767 registerTid=17972 registerChanges=737 registerOnMain=28 registerOffMain=745 mainTickCalls=102528 mainTickTid=32932 mainTickChanges=0 unregisterCalls=321 unregisterTid=32932 unregisterChanges=303 unregisterOnMain=7 unregisterOffMain=314 unregisterTracked=49 unregisterUntracked=272 unregisterTrackingUnknown=0 unregisterNoId=0 lastRegister=(000001DBA28FB120,0x9B04FF) lastUnregister=(000001DBB11A2DA0,0x9B04E7) unregisterHook=1 componentEntities=0 componentSkipped=0 componentSamples=0 layoutRejects=0 nullInstance=0 nullRefCount=0 truncated=0 attitudeAttempts=33094 attitudeSourceBlocked=0 attitudeAcquire=33094 attitudeExpiredInvalid=0 attitudeAgent=44946 attitudeUnknown=0 attitudeFailClosed=0
[14:54:04.639][tid=32932] attitude path: work=2 phase2Enabled=1
[14:54:04.639][tid=32932] visibility tick: threadId=32932 processed=0 queued=0 casts=314 visible=29 occluded=136 dropped=0
[14:54:04.681][tid=32932] no-recoil modifiers removed: targetId=0x9B04E1 count=11
[14:54:04.688][tid=3100] ESP diagnostics: snapshots=30 categories[civilian=15 enemy=5 police=0 other=10] attitude[hostile=5 unknown=1 valid=33251 invalid=0] dead=7 categorized=20 categoryEnabled=5 projected=23 front=10 poseBounds=10 skeletonLines=0 depthRange=[3.75,31.83] maxDistance=300.0 distanceRejected=0 withinDistance=10 drawn=0 enabled=1 camera=1 health[valid=529667 invalid=186106 bars=1] nativeHighlight[queued=22 cleared=6 failures=0] visibility[on=1 available=1 occluded=0 unknown=0 casts=314 clear=29 blocked=136 dropped=0]
[14:54:05.708][tid=32932] no-recoil target: path=waiting-for-equipped-weapon playerId=0x1 weaponId=0x0 targetId=0x1 runtimeValidationRisk=0
[14:54:06.254][tid=32932] phase1 lifetime summary: registerCallbacks=773 registered=767 registerTid=17972 registerChanges=737 registerOnMain=28 registerOffMain=745 mainTickCalls=102784 mainTickTid=32932 mainTickChanges=0 unregisterCalls=323 unregisterTid=29008 unregisterChanges=305 unregisterOnMain=7 unregisterOffMain=316 unregisterTracked=49 unregisterUntracked=274 unregisterTrackingUnknown=0 unregisterNoId=0 lastRegister=(000001DBA28FB120,0x9B04FF) lastUnregister=(000001DBB135AF30,0x9B04E4) unregisterHook=1 componentEntities=0 componentSkipped=0 componentSamples=0 layoutRejects=0 nullInstance=0 nullRefCount=0 truncated=0 attitudeAttempts=33393 attitudeSourceBlocked=0 attitudeAcquire=33393 attitudeExpiredInvalid=0 attitudeAgent=45336 attitudeUnknown=0 attitudeFailClosed=0
[14:54:06.629][tid=32932] profile present (5000ms): snapshot[n=792 avg=72.2us max=432.1us] snapLockWait[n=792 avg=0.1us max=0.5us] snapCount[n=792 avg=30.0 max=30] poseSlots[n=3180 avg=6.2us max=142.1us] esp[n=792 avg=4.1us max=19.9us] aimbot[n=792 avg=0.6us max=1.6us]
[14:54:06.629][tid=32932] profile tick (5000ms): tickTotal[n=396 avg=53.0us max=224.8us] health[n=396 avg=29.7us max=127.9us] attitude[n=396 avg=18.4us max=122.1us] highlight[n=396 avg=2.2us max=99.3us] playerMods[n=396 avg=1.9us max=29.8us] visibility[n=396 avg=0.3us max=2.8us]
[14:54:06.629][tid=32932] profile tickdetail (5000ms): healthCollect[n=396 avg=0.2us max=0.9us] healthInvoke[n=396 avg=28.6us max=127.2us] attitudeCollect[n=396 avg=0.5us max=1.3us] attitudeInvoke[n=396 avg=5.1us max=44.0us] highlightCollect[n=396 avg=0.8us max=98.0us]
[14:54:06.679][tid=32932] no-recoil modifiers applied: targetId=0x9B04E1 count=11
[14:54:07.651][tid=32932] attitude path: work=2 phase2Enabled=1
[14:54:07.651][tid=32932] visibility tick: threadId=32932 processed=0 queued=0 casts=314 visible=29 occluded=136 dropped=0
[14:54:07.691][tid=3100] ESP diagnostics: snapshots=30 categories[civilian=15 enemy=5 police=0 other=10] attitude[hostile=5 unknown=1 valid=33527 invalid=0] dead=7 categorized=20 categoryEnabled=5 projected=23 front=10 poseBounds=10 skeletonLines=0 depthRange=[13.74,26.45] maxDistance=300.0 distanceRejected=0 withinDistance=10 drawn=0 enabled=1 camera=1 health[valid=531216 invalid=186493 bars=1] nativeHighlight[queued=22 cleared=6 failures=0] visibility[on=1 available=1 occluded=0 unknown=0 casts=314 clear=29 blocked=136 dropped=0]
[14:54:08.704][tid=32932] no-recoil target: path=equipped-weapon playerId=0x1 weaponId=0x9B04E1 targetId=0x9B04E1 runtimeValidationRisk=0
[14:54:09.556][tid=32932] phase1 lifetime summary: registerCallbacks=778 registered=772 registerTid=26900 registerChanges=742 registerOnMain=28 registerOffMain=750 mainTickCalls=103040 mainTickTid=32932 mainTickChanges=0 unregisterCalls=329 unregisterTid=29008 unregisterChanges=311 unregisterOnMain=7 unregisterOffMain=322 unregisterTracked=49 unregisterUntracked=280 unregisterTrackingUnknown=0 unregisterNoId=0 lastRegister=(000001DBC3B8ED50,0x541E6273231DDCB8) lastUnregister=(000001DBACFFC9B0,0x541E6273231DDCB8) unregisterHook=1 componentEntities=0 componentSkipped=0 componentSamples=0 layoutRejects=0 nullInstance=0 nullRefCount=0 truncated=0 attitudeAttempts=33699 attitudeSourceBlocked=0 attitudeAcquire=33699 attitudeExpiredInvalid=0 attitudeAgent=45732 attitudeUnknown=0 attitudeFailClosed=0
[14:54:10.644][tid=32932] attitude path: work=0 phase2Enabled=1
[14:54:10.645][tid=32932] visibility tick: threadId=32932 processed=0 queued=0 casts=314 visible=29 occluded=136 dropped=0
[14:54:10.694][tid=3100] ESP diagnostics: snapshots=30 categories[civilian=15 enemy=5 police=0 other=10] attitude[hostile=5 unknown=1 valid=33799 invalid=0] dead=7 categorized=20 categoryEnabled=5 projected=22 front=2 poseBounds=2 skeletonLines=0 depthRange=[1.10,606.47] maxDistance=300.0 distanceRejected=1 withinDistance=1 drawn=0 enabled=1 camera=1 health[valid=532675 invalid=186858 bars=1] nativeHighlight[queued=22 cleared=6 failures=0] visibility[on=1 available=1 occluded=0 unknown=0 casts=314 clear=29 blocked=136 dropped=0]
[14:54:11.623][tid=32932] profile present (5000ms): snapshot[n=754 avg=76.7us max=394.6us] snapLockWait[n=754 avg=0.1us max=0.7us] snapCount[n=754 avg=30.0 max=30] poseSlots[n=3180 avg=6.3us max=25.1us] esp[n=754 avg=4.1us max=17.0us] aimbot[n=754 avg=0.7us max=1.8us]
[14:54:11.623][tid=32932] profile tick (5000ms): tickTotal[n=377 avg=55.1us max=230.1us] health[n=377 avg=31.2us max=181.8us] attitude[n=377 avg=18.5us max=81.8us] highlight[n=377 avg=2.1us max=5.0us] playerMods[n=377 avg=2.5us max=147.1us] visibility[n=377 avg=0.3us max=2.3us]
[14:54:11.623][tid=32932] profile tickdetail (5000ms): healthCollect[n=377 avg=1.7us max=135.0us] healthInvoke[n=377 avg=28.3us max=73.1us] attitudeCollect[n=377 avg=0.6us max=1.6us] attitudeInvoke[n=377 avg=5.2us max=25.2us] highlightCollect[n=377 avg=0.6us max=1.5us]
[14:54:11.711][tid=32932] no-recoil target: path=equipped-weapon playerId=0x1 weaponId=0x9B04E1 targetId=0x9B04E1 runtimeValidationRisk=0
[14:54:12.880][tid=32932] phase1 lifetime summary: registerCallbacks=778 registered=772 registerTid=26900 registerChanges=742 registerOnMain=28 registerOffMain=750 mainTickCalls=103296 mainTickTid=32932 mainTickChanges=0 unregisterCalls=331 unregisterTid=23524 unregisterChanges=313 unregisterOnMain=7 unregisterOffMain=324 unregisterTracked=49 unregisterUntracked=282 unregisterTrackingUnknown=0 unregisterNoId=0 lastRegister=(000001DBC3B8ED50,0x541E6273231DDCB8) lastUnregister=(000001DBC3B8ED50,0x541E6273231DDCB8) unregisterHook=1 componentEntities=0 componentSkipped=0 componentSamples=0 layoutRejects=0 nullInstance=0 nullRefCount=0 truncated=0 attitudeAttempts=33998 attitudeSourceBlocked=0 attitudeAcquire=33998 attitudeExpiredInvalid=0 attitudeAgent=46109 attitudeUnknown=0 attitudeFailClosed=0
[14:54:13.640][tid=32932] attitude path: work=0 phase2Enabled=1
[14:54:13.640][tid=32932] no-recoil modifiers removed: targetId=0x9B04E1 count=11
[14:54:13.640][tid=32932] visibility tick: threadId=32932 processed=0 queued=0 casts=314 visible=29 occluded=136 dropped=0
[14:54:13.690][tid=3100] ESP diagnostics: snapshots=30 categories[civilian=15 enemy=5 police=0 other=10] attitude[hostile=5 unknown=1 valid=34075 invalid=0] dead=7 categorized=20 categoryEnabled=5 projected=23 front=10 poseBounds=10 skeletonLines=0 depthRange=[13.14,26.90] maxDistance=300.0 distanceRejected=0 withinDistance=10 drawn=0 enabled=1 camera=1 health[valid=534192 invalid=187237 bars=1] nativeHighlight[queued=22 cleared=6 failures=0] visibility[on=1 available=1 occluded=0 unknown=0 casts=314 clear=29 blocked=136 dropped=0]
[14:54:14.710][tid=32932] no-recoil target: path=waiting-for-equipped-weapon playerId=0x1 weaponId=0x0 targetId=0x1 runtimeValidationRisk=0
[14:54:16.023][tid=32932] phase1 lifetime summary: registerCallbacks=778 registered=772 registerTid=26900 registerChanges=742 registerOnMain=28 registerOffMain=750 mainTickCalls=103552 mainTickTid=32932 mainTickChanges=0 unregisterCalls=333 unregisterTid=17972 unregisterChanges=315 unregisterOnMain=7 unregisterOffMain=326 unregisterTracked=49 unregisterUntracked=284 unregisterTrackingUnknown=0 unregisterNoId=0 lastRegister=(000001DBC3B8ED50,0x541E6273231DDCB8) lastUnregister=(000001DBBBB316F0,0x9B0500) unregisterHook=1 componentEntities=0 componentSkipped=0 componentSamples=0 layoutRejects=0 nullInstance=0 nullRefCount=0 truncated=0 attitudeAttempts=34290 attitudeSourceBlocked=0 attitudeAcquire=34290 attitudeExpiredInvalid=0 attitudeAgent=46477 attitudeUnknown=0 attitudeFailClosed=0
[14:54:16.627][tid=32932] profile present (5000ms): snapshot[n=816 avg=69.6us max=363.9us] snapLockWait[n=816 avg=0.1us max=0.4us] snapCount[n=816 avg=30.0 max=30] poseSlots[n=3180 avg=6.0us max=63.2us] esp[n=816 avg=4.5us max=15.0us] aimbot[n=816 avg=0.7us max=10.7us]
[14:54:16.627][tid=32932] profile tick (5000ms): tickTotal[n=408 avg=52.9us max=379.5us] health[n=408 avg=30.0us max=179.6us] attitude[n=408 avg=17.4us max=167.8us] highlight[n=408 avg=2.4us max=169.4us] playerMods[n=408 avg=2.0us max=23.6us] visibility[n=408 avg=0.3us max=1.9us]
[14:54:16.627][tid=32932] profile tickdetail (5000ms): healthCollect[n=408 avg=1.1us max=147.0us] healthInvoke[n=408 avg=27.8us max=178.2us] attitudeCollect[n=408 avg=0.5us max=11.4us] attitudeInvoke[n=408 avg=4.4us max=28.0us] highlightCollect[n=408 avg=0.6us max=1.5us]
[14:54:16.640][tid=32932] attitude path: work=0 phase2Enabled=1
[14:54:16.640][tid=32932] visibility tick: threadId=32932 processed=0 queued=0 casts=314 visible=29 occluded=136 dropped=0
[14:54:16.693][tid=3100] ESP diagnostics: snapshots=30 categories[civilian=15 enemy=5 police=0 other=10] attitude[hostile=5 unknown=1 valid=34351 invalid=0] dead=7 categorized=20 categoryEnabled=5 projected=23 front=11 poseBounds=11 skeletonLines=0 depthRange=[4.32,35.42] maxDistance=300.0 distanceRejected=0 withinDistance=11 drawn=0 enabled=1 camera=1 health[valid=535747 invalid=187626 bars=1] nativeHighlight[queued=22 cleared=6 failures=0] visibility[on=1 available=1 occluded=0 unknown=0 casts=314 clear=29 blocked=136 dropped=0]
[14:54:17.709][tid=32932] no-recoil target: path=waiting-for-equipped-weapon playerId=0x1 weaponId=0x0 targetId=0x1 runtimeValidationRisk=0
[14:54:19.185][tid=32932] phase1 lifetime summary: registerCallbacks=779 registered=773 registerTid=27332 registerChanges=743 registerOnMain=28 registerOffMain=751 mainTickCalls=103808 mainTickTid=32932 mainTickChanges=0 unregisterCalls=333 unregisterTid=17972 unregisterChanges=315 unregisterOnMain=7 unregisterOffMain=326 unregisterTracked=49 unregisterUntracked=284 unregisterTrackingUnknown=0 unregisterNoId=0 lastRegister=(000001DBBFB609D0,0x541E6273231DDCB8) lastUnregister=(000001DBBBB316F0,0x9B0500) unregisterHook=1 componentEntities=0 componentSkipped=0 componentSamples=0 layoutRejects=0 nullInstance=0 nullRefCount=0 truncated=0 attitudeAttempts=34581 attitudeSourceBlocked=0 attitudeAcquire=34581 attitudeExpiredInvalid=0 attitudeAgent=46844 attitudeUnknown=0 attitudeFailClosed=0
[14:54:19.639][tid=32932] attitude path: work=0 phase2Enabled=1
[14:54:19.639][tid=32932] visibility tick: threadId=32932 processed=0 queued=0 casts=314 visible=29 occluded=136 dropped=0
[14:54:19.695][tid=3100] ESP diagnostics: snapshots=30 categories[civilian=15 enemy=5 police=0 other=10] attitude[hostile=5 unknown=1 valid=34627 invalid=0] dead=7 categorized=20 categoryEnabled=5 projected=14 front=4 poseBounds=4 skeletonLines=0 depthRange=[6.43,42.53] maxDistance=300.0 distanceRejected=0 withinDistance=4 drawn=0 enabled=1 camera=1 health[valid=537290 invalid=188011 bars=1] nativeHighlight[queued=22 cleared=6 failures=0] visibility[on=1 available=1 occluded=0 unknown=0 casts=314 clear=29 blocked=136 dropped=0]
[14:54:20.713][tid=32932] no-recoil target: path=waiting-for-equipped-weapon playerId=0x1 weaponId=0x0 targetId=0x1 runtimeValidationRisk=0
[14:54:21.627][tid=32932] profile present (5000ms): snapshot[n=794 avg=73.8us max=373.4us] snapLockWait[n=794 avg=0.1us max=1.1us] snapCount[n=794 avg=30.0 max=30] poseSlots[n=3210 avg=6.1us max=103.2us] esp[n=794 avg=4.4us max=19.5us] aimbot[n=794 avg=0.7us max=3.2us]
[14:54:21.627][tid=32932] profile tick (5000ms): tickTotal[n=397 avg=56.8us max=595.1us] health[n=397 avg=31.9us max=337.4us] attitude[n=397 avg=20.3us max=568.4us] highlight[n=397 avg=1.9us max=9.1us] playerMods[n=397 avg=1.9us max=9.5us] visibility[n=397 avg=0.3us max=2.7us]
[14:54:21.627][tid=32932] profile tickdetail (5000ms): healthCollect[n=397 avg=0.2us max=1.3us] healthInvoke[n=397 avg=30.9us max=336.1us] attitudeCollect[n=397 avg=0.5us max=26.4us] attitudeInvoke[n=397 avg=5.1us max=35.4us] highlightCollect[n=397 avg=0.6us max=6.9us]
[14:54:22.411][tid=32932] phase1 lifetime summary: registerCallbacks=779 registered=773 registerTid=27332 registerChanges=743 registerOnMain=28 registerOffMain=751 mainTickCalls=104064 mainTickTid=32932 mainTickChanges=0 unregisterCalls=334 unregisterTid=28432 unregisterChanges=316 unregisterOnMain=7 unregisterOffMain=327 unregisterTracked=49 unregisterUntracked=285 unregisterTrackingUnknown=0 unregisterNoId=0 lastRegister=(000001DBBFB609D0,0x541E6273231DDCB8) lastUnregister=(000001DBBFB609D0,0x541E6273231DDCB8) unregisterHook=1 componentEntities=0 componentSkipped=0 componentSamples=0 layoutRejects=0 nullInstance=0 nullRefCount=0 truncated=0 attitudeAttempts=34876 attitudeSourceBlocked=0 attitudeAcquire=34876 attitudeExpiredInvalid=0 attitudeAgent=47216 attitudeUnknown=0 attitudeFailClosed=0
[14:54:22.643][tid=32932] attitude path: work=0 phase2Enabled=1
[14:54:22.643][tid=32932] visibility tick: threadId=32932 processed=0 queued=0 casts=314 visible=29 occluded=136 dropped=0
[14:54:22.685][tid=3100] ESP diagnostics: snapshots=30 categories[civilian=15 enemy=5 police=0 other=10] attitude[hostile=5 unknown=1 valid=34903 invalid=0] dead=7 categorized=20 categoryEnabled=5 projected=14 front=2 poseBounds=2 skeletonLines=0 depthRange=[1.43,5.76] maxDistance=300.0 distanceRejected=0 withinDistance=2 drawn=0 enabled=1 camera=1 health[valid=538826 invalid=188395 bars=1] nativeHighlight[queued=22 cleared=6 failures=0] visibility[on=1 available=1 occluded=0 unknown=0 casts=314 clear=29 blocked=136 dropped=0]
[14:54:23.706][tid=32932] no-recoil target: path=waiting-for-equipped-weapon playerId=0x1 weaponId=0x0 targetId=0x1 runtimeValidationRisk=0
[14:54:25.468][tid=32932] phase1 lifetime summary: registerCallbacks=791 registered=785 registerTid=26900 registerChanges=755 registerOnMain=29 registerOffMain=762 mainTickCalls=104320 mainTickTid=32932 mainTickChanges=0 unregisterCalls=346 unregisterTid=27332 unregisterChanges=328 unregisterOnMain=8 unregisterOffMain=338 unregisterTracked=60 unregisterUntracked=286 unregisterTrackingUnknown=0 unregisterNoId=0 lastRegister=(000001DBB9F4EF40,0x89720F) lastUnregister=(000001DBB2D15660,0x9B04E6) unregisterHook=1 componentEntities=0 componentSkipped=0 componentSamples=0 layoutRejects=0 nullInstance=0 nullRefCount=0 truncated=0 attitudeAttempts=35098 attitudeSourceBlocked=0 attitudeAcquire=35098 attitudeExpiredInvalid=0 attitudeAgent=47503 attitudeUnknown=0 attitudeFailClosed=0
[14:54:25.647][tid=32932] attitude path: work=3 phase2Enabled=1
[14:54:25.647][tid=32932] visibility tick: threadId=32932 processed=0 queued=0 casts=314 visible=29 occluded=136 dropped=0
[14:54:25.685][tid=3100] ESP diagnostics: snapshots=29 categories[civilian=14 enemy=5 police=0 other=10] attitude[hostile=5 unknown=1 valid=35120 invalid=0] dead=7 categorized=19 categoryEnabled=5 projected=13 front=0 poseBounds=0 skeletonLines=0 depthRange=[0.00,0.00] maxDistance=300.0 distanceRejected=0 withinDistance=0 drawn=0 enabled=1 camera=1 health[valid=540322 invalid=188907 bars=1] nativeHighlight[queued=22 cleared=6 failures=0] visibility[on=1 available=1 occluded=0 unknown=0 casts=314 clear=29 blocked=136 dropped=0]
[14:54:26.634][tid=32932] profile present (5000ms): snapshot[n=834 avg=68.2us max=639.0us] snapLockWait[n=834 avg=0.1us max=0.4us] snapCount[n=834 avg=24.8 max=30] poseSlots[n=2645 avg=6.7us max=187.6us] esp[n=834 avg=3.8us max=61.7us] aimbot[n=834 avg=0.6us max=3.9us]
[14:54:26.634][tid=32932] profile tick (5000ms): tickTotal[n=417 avg=53.6us max=245.9us] health[n=417 avg=31.9us max=201.8us] attitude[n=417 avg=17.0us max=168.0us] highlight[n=417 avg=1.9us max=13.1us] playerMods[n=417 avg=1.9us max=9.0us] visibility[n=417 avg=0.3us max=3.1us]
[14:54:26.634][tid=32932] profile tickdetail (5000ms): healthCollect[n=417 avg=0.3us max=7.9us] healthInvoke[n=417 avg=30.8us max=193.1us] attitudeCollect[n=417 avg=0.5us max=5.8us] attitudeInvoke[n=417 avg=4.0us max=26.6us] highlightCollect[n=417 avg=0.6us max=3.0us]
[14:54:26.705][tid=32932] no-recoil target: path=waiting-for-equipped-weapon playerId=0x1 weaponId=0x0 targetId=0x1 runtimeValidationRisk=0
[14:54:27.228][tid=32932] no-recoil modifiers applied: targetId=0x9B04E1 count=11
[14:54:28.650][tid=32932] attitude path: work=0 phase2Enabled=1
[14:54:28.650][tid=32932] visibility tick: threadId=32932 processed=0 queued=0 casts=314 visible=29 occluded=136 dropped=0
[14:54:28.661][tid=32932] phase1 lifetime summary: registerCallbacks=794 registered=788 registerTid=29076 registerChanges=758 registerOnMain=29 registerOffMain=765 mainTickCalls=104576 mainTickTid=32932 mainTickChanges=0 unregisterCalls=365 unregisterTid=29008 unregisterChanges=346 unregisterOnMain=8 unregisterOffMain=357 unregisterTracked=74 unregisterUntracked=291 unregisterTrackingUnknown=0 unregisterNoId=0 lastRegister=(000001DBA2FF8A90,0x897212) lastUnregister=(000001DBA2FF8A90,0x897212) unregisterHook=1 componentEntities=0 componentSkipped=0 componentSamples=0 layoutRejects=0 nullInstance=0 nullRefCount=0 truncated=0 attitudeAttempts=35240 attitudeSourceBlocked=0 attitudeAcquire=35240 attitudeExpiredInvalid=0 attitudeAgent=47701 attitudeUnknown=0 attitudeFailClosed=0
[14:54:28.690][tid=3100] ESP diagnostics: snapshots=16 categories[civilian=1 enemy=5 police=0 other=10] attitude[hostile=5 unknown=1 valid=35241 invalid=0] dead=7 categorized=6 categoryEnabled=5 projected=1 front=1 poseBounds=1 skeletonLines=0 depthRange=[863.14,863.14] maxDistance=300.0 distanceRejected=1 withinDistance=0 drawn=0 enabled=1 camera=1 health[valid=541573 invalid=189576 bars=1] nativeHighlight[queued=22 cleared=6 failures=0] visibility[on=1 available=1 occluded=0 unknown=0 casts=314 clear=29 blocked=136 dropped=0]
[14:54:29.701][tid=32932] no-recoil target: path=equipped-weapon playerId=0x1 weaponId=0x9B04E1 targetId=0x9B04E1 runtimeValidationRisk=0
[14:54:31.623][tid=32932] profile present (5000ms): snapshot[n=792 avg=55.2us max=281.8us] snapLockWait[n=792 avg=0.1us max=0.3us] snapCount[n=792 avg=16.3 max=19] poseSlots[n=1722 avg=6.2us max=20.4us] esp[n=792 avg=3.0us max=14.6us] aimbot[n=792 avg=0.6us max=3.2us]
[14:54:31.623][tid=32932] profile tick (5000ms): tickTotal[n=396 avg=52.1us max=346.3us] health[n=396 avg=31.6us max=326.9us] attitude[n=396 avg=15.6us max=237.4us] highlight[n=396 avg=1.9us max=4.8us] playerMods[n=396 avg=2.3us max=85.5us] visibility[n=396 avg=0.3us max=2.4us]
[14:54:31.623][tid=32932] profile tickdetail (5000ms): healthCollect[n=396 avg=0.3us max=0.9us] healthInvoke[n=396 avg=30.4us max=325.7us] attitudeCollect[n=396 avg=0.5us max=1.0us] attitudeInvoke[n=396 avg=3.2us max=75.8us] highlightCollect[n=396 avg=0.5us max=0.9us]
[14:54:31.649][tid=32932] attitude path: work=0 phase2Enabled=1
[14:54:31.649][tid=32932] visibility tick: threadId=32932 processed=0 queued=0 casts=314 visible=29 occluded=136 dropped=0
[14:54:31.687][tid=3100] ESP diagnostics: snapshots=11 categories[civilian=1 enemy=0 police=0 other=10] attitude[hostile=0 unknown=1 valid=35356 invalid=0] dead=2 categorized=1 categoryEnabled=0 projected=1 front=1 poseBounds=1 skeletonLines=0 depthRange=[823.94,823.94] maxDistance=300.0 distanceRejected=1 withinDistance=0 drawn=0 enabled=1 camera=1 health[valid=542753 invalid=190300 bars=1] nativeHighlight[queued=22 cleared=6 failures=0] visibility[on=1 available=1 occluded=0 unknown=0 casts=314 clear=29 blocked=136 dropped=0]
[14:54:31.871][tid=32932] phase1 lifetime summary: registerCallbacks=800 registered=794 registerTid=29008 registerChanges=763 registerOnMain=29 registerOffMain=771 mainTickCalls=104832 mainTickTid=32932 mainTickChanges=0 unregisterCalls=375 unregisterTid=29076 unregisterChanges=356 unregisterOnMain=8 unregisterOffMain=367 unregisterTracked=82 unregisterUntracked=293 unregisterTrackingUnknown=0 unregisterNoId=0 lastRegister=(000001DBA2FF8A90,0x995568) lastUnregister=(000001DBC1463F70,0x897202) unregisterHook=1 componentEntities=0 componentSkipped=0 componentSamples=0 layoutRejects=0 nullInstance=0 nullRefCount=0 truncated=0 attitudeAttempts=35364 attitudeSourceBlocked=0 attitudeAcquire=35364 attitudeExpiredInvalid=0 attitudeAgent=47878 attitudeUnknown=0 attitudeFailClosed=0
[14:54:32.704][tid=32932] no-recoil target: path=equipped-weapon playerId=0x1 weaponId=0x9B04E1 targetId=0x9B04E1 runtimeValidationRisk=0
[14:54:34.650][tid=32932] attitude path: work=0 phase2Enabled=1
[14:54:34.650][tid=32932] visibility tick: threadId=32932 processed=0 queued=0 casts=314 visible=29 occluded=136 dropped=0
[14:54:34.690][tid=3100] ESP diagnostics: snapshots=10 categories[civilian=0 enemy=0 police=0 other=10] attitude[hostile=0 unknown=1 valid=35464 invalid=0] dead=1 categorized=0 categoryEnabled=0 projected=0 front=0 poseBounds=0 skeletonLines=0 depthRange=[0.00,0.00] maxDistance=300.0 distanceRejected=0 withinDistance=0 drawn=0 enabled=1 camera=1 health[valid=543589 invalid=191376 bars=1] nativeHighlight[queued=22 cleared=6 failures=0] visibility[on=1 available=1 occluded=0 unknown=0 casts=314 clear=29 blocked=136 dropped=0]
[14:54:35.094][tid=32932] phase1 lifetime summary: registerCallbacks=806 registered=800 registerTid=23524 registerChanges=768 registerOnMain=29 registerOffMain=777 mainTickCalls=105088 mainTickTid=32932 mainTickChanges=0 unregisterCalls=380 unregisterTid=31528 unregisterChanges=361 unregisterOnMain=8 unregisterOffMain=372 unregisterTracked=83 unregisterUntracked=297 unregisterTrackingUnknown=0 unregisterNoId=0 lastRegister=(000001DBC7011030,0x9B0513) lastUnregister=(000001DBC4B09E30,0x995568) unregisterHook=1 componentEntities=0 componentSkipped=0 componentSamples=0 layoutRejects=0 nullInstance=0 nullRefCount=0 truncated=0 attitudeAttempts=35481 attitudeSourceBlocked=0 attitudeAcquire=35481 attitudeExpiredInvalid=0 attitudeAgent=48047 attitudeUnknown=0 attitudeFailClosed=0
[14:54:35.706][tid=32932] no-recoil target: path=equipped-weapon playerId=0x1 weaponId=0x9B04E1 targetId=0x9B04E1 runtimeValidationRisk=0
[14:54:36.623][tid=32932] profile present (5000ms): snapshot[n=798 avg=52.3us max=228.2us] snapLockWait[n=798 avg=0.1us max=0.5us] snapCount[n=798 avg=10.4 max=11] poseSlots[n=1104 avg=5.9us max=27.1us] esp[n=798 avg=3.0us max=19.3us] aimbot[n=798 avg=0.6us max=4.2us]
[14:54:36.623][tid=32932] profile tick (5000ms): tickTotal[n=399 avg=62.6us max=418.5us] health[n=399 avg=41.8us max=276.9us] attitude[n=399 avg=15.6us max=214.8us] highlight[n=399 avg=1.7us max=4.5us] playerMods[n=399 avg=2.4us max=116.6us] visibility[n=399 avg=0.3us max=3.5us]
[14:54:36.623][tid=32932] profile tickdetail (5000ms): healthCollect[n=399 avg=0.4us max=1.2us] healthInvoke[n=399 avg=40.4us max=275.7us] attitudeCollect[n=399 avg=0.4us max=1.1us] attitudeInvoke[n=399 avg=3.0us max=57.1us] highlightCollect[n=399 avg=0.3us max=0.9us]
[14:54:37.638][tid=32932] attitude path: work=0 phase2Enabled=1
[14:54:37.638][tid=32932] visibility tick: threadId=32932 processed=0 queued=0 casts=314 visible=29 occluded=136 dropped=0
[14:54:37.688][tid=32624] ESP diagnostics: snapshots=10 categories[civilian=0 enemy=0 police=0 other=10] attitude[hostile=0 unknown=1 valid=35572 invalid=0] dead=1 categorized=0 categoryEnabled=0 projected=0 front=0 poseBounds=0 skeletonLines=0 depthRange=[0.00,0.00] maxDistance=300.0 distanceRejected=0 withinDistance=0 drawn=0 enabled=1 camera=1 health[valid=544682 invalid=193019 bars=1] nativeHighlight[queued=22 cleared=6 failures=0] visibility[on=1 available=1 occluded=0 unknown=0 casts=314 clear=29 blocked=136 dropped=0]
[14:54:38.634][tid=32932] phase1 lifetime summary: registerCallbacks=810 registered=804 registerTid=26900 registerChanges=772 registerOnMain=29 registerOffMain=781 mainTickCalls=105600 mainTickTid=32932 mainTickChanges=0 unregisterCalls=383 unregisterTid=31528 unregisterChanges=364 unregisterOnMain=8 unregisterOffMain=375 unregisterTracked=83 unregisterUntracked=300 unregisterTrackingUnknown=0 unregisterNoId=0 lastRegister=(000001DBB163ED50,0x995568) lastUnregister=(000001DBB2E076F0,0x9B050F) unregisterHook=1 componentEntities=0 componentSkipped=0 componentSamples=0 layoutRejects=0 nullInstance=0 nullRefCount=0 truncated=0 attitudeAttempts=35607 attitudeSourceBlocked=0 attitudeAcquire=35607 attitudeExpiredInvalid=0 attitudeAgent=48229 attitudeUnknown=0 attitudeFailClosed=0
[14:54:38.701][tid=32932] no-recoil target: path=equipped-weapon playerId=0x1 weaponId=0x9B04E1 targetId=0x9B04E1 runtimeValidationRisk=0
[14:54:40.642][tid=32932] attitude path: work=0 phase2Enabled=1
[14:54:40.642][tid=32932] visibility tick: threadId=32932 processed=0 queued=0 casts=314 visible=29 occluded=136 dropped=0
[14:54:40.688][tid=30248] ESP diagnostics: snapshots=10 categories[civilian=0 enemy=0 police=0 other=10] attitude[hostile=0 unknown=1 valid=35680 invalid=0] dead=1 categorized=0 categoryEnabled=0 projected=0 front=0 poseBounds=0 skeletonLines=0 depthRange=[0.00,0.00] maxDistance=300.0 distanceRejected=0 withinDistance=0 drawn=0 enabled=1 camera=1 health[valid=546775 invalid=196158 bars=1] nativeHighlight[queued=22 cleared=6 failures=0] visibility[on=1 available=1 occluded=0 unknown=0 casts=314 clear=29 blocked=136 dropped=0]
[14:54:41.624][tid=32932] profile present (5000ms): snapshot[n=1052 avg=35.9us max=230.5us] snapLockWait[n=1052 avg=0.1us max=0.3us] snapCount[n=1052 avg=10.0 max=10] poseSlots[n=1070 avg=5.2us max=27.6us] esp[n=1052 avg=2.5us max=14.0us] aimbot[n=1052 avg=0.7us max=30.1us]
[14:54:41.624][tid=32932] profile tick (5000ms): tickTotal[n=1040 avg=34.9us max=133.5us] health[n=1040 avg=24.1us max=124.9us] attitude[n=1040 avg=7.8us max=78.5us] highlight[n=1040 avg=1.2us max=7.7us] playerMods[n=1040 avg=1.4us max=11.0us] visibility[n=1040 avg=0.1us max=2.5us]
[14:54:41.624][tid=32932] profile tickdetail (5000ms): healthCollect[n=1040 avg=0.3us max=0.8us] healthInvoke[n=1040 avg=23.1us max=114.7us] attitudeCollect[n=1040 avg=0.4us max=4.2us] attitudeInvoke[n=1040 avg=1.0us max=63.8us] highlightCollect[n=1040 avg=0.3us max=0.5us]
[14:54:41.701][tid=32932] no-recoil target: path=equipped-weapon playerId=0x1 weaponId=0x9B04E1 targetId=0x9B04E1 runtimeValidationRisk=0
[14:54:42.120][tid=32932] phase1 lifetime summary: registerCallbacks=810 registered=804 registerTid=26900 registerChanges=772 registerOnMain=29 registerOffMain=781 mainTickCalls=106368 mainTickTid=32932 mainTickChanges=0 unregisterCalls=383 unregisterTid=31528 unregisterChanges=364 unregisterOnMain=8 unregisterOffMain=375 unregisterTracked=83 unregisterUntracked=300 unregisterTrackingUnknown=0 unregisterNoId=0 lastRegister=(000001DBB163ED50,0x995568) lastUnregister=(000001DBB2E076F0,0x9B050F) unregisterHook=1 componentEntities=0 componentSkipped=0 componentSamples=0 layoutRejects=0 nullInstance=0 nullRefCount=0 truncated=0 attitudeAttempts=35733 attitudeSourceBlocked=0 attitudeAcquire=35733 attitudeExpiredInvalid=0 attitudeAgent=48411 attitudeUnknown=0 attitudeFailClosed=0
[14:54:43.641][tid=32932] attitude path: work=0 phase2Enabled=1
[14:54:43.641][tid=32932] visibility tick: threadId=32932 processed=0 queued=0 casts=314 visible=29 occluded=136 dropped=0
[14:54:43.686][tid=29076] ESP diagnostics: snapshots=10 categories[civilian=0 enemy=0 police=0 other=10] attitude[hostile=0 unknown=1 valid=35788 invalid=0] dead=1 categorized=0 categoryEnabled=0 projected=0 front=0 poseBounds=0 skeletonLines=0 depthRange=[0.00,0.00] maxDistance=300.0 distanceRejected=0 withinDistance=0 drawn=0 enabled=1 camera=1 health[valid=548967 invalid=199446 bars=1] nativeHighlight[queued=22 cleared=6 failures=0] visibility[on=1 available=1 occluded=0 unknown=0 casts=314 clear=29 blocked=136 dropped=0]
[14:54:44.701][tid=32932] no-recoil target: path=equipped-weapon playerId=0x1 weaponId=0x9B04E1 targetId=0x9B04E1 runtimeValidationRisk=0
[14:54:45.756][tid=32932] phase1 lifetime summary: registerCallbacks=810 registered=804 registerTid=26900 registerChanges=772 registerOnMain=29 registerOffMain=781 mainTickCalls=107136 mainTickTid=32932 mainTickChanges=0 unregisterCalls=383 unregisterTid=31528 unregisterChanges=364 unregisterOnMain=8 unregisterOffMain=375 unregisterTracked=83 unregisterUntracked=300 unregisterTrackingUnknown=0 unregisterNoId=0 lastRegister=(000001DBB163ED50,0x995568) lastUnregister=(000001DBB2E076F0,0x9B050F) unregisterHook=1 componentEntities=0 componentSkipped=0 componentSamples=0 layoutRejects=0 nullInstance=0 nullRefCount=0 truncated=0 attitudeAttempts=35860 attitudeSourceBlocked=0 attitudeAcquire=35860 attitudeExpiredInvalid=0 attitudeAgent=48595 attitudeUnknown=0 attitudeFailClosed=0
[14:54:46.623][tid=32932] profile present (5000ms): snapshot[n=1053 avg=36.6us max=190.0us] snapLockWait[n=1053 avg=0.1us max=0.6us] snapCount[n=1053 avg=10.0 max=10] poseSlots[n=1060 avg=5.0us max=18.1us] esp[n=1053 avg=2.5us max=12.2us] aimbot[n=1053 avg=0.6us max=4.9us]
[14:54:46.623][tid=32932] profile tick (5000ms): tickTotal[n=957 avg=37.5us max=508.8us] health[n=957 avg=25.3us max=145.9us] attitude[n=957 avg=9.0us max=458.7us] highlight[n=957 avg=1.4us max=49.1us] playerMods[n=957 avg=1.4us max=8.2us] visibility[n=957 avg=0.2us max=2.2us]
[14:54:46.623][tid=32932] profile tickdetail (5000ms): healthCollect[n=957 avg=0.4us max=101.6us] healthInvoke[n=957 avg=24.3us max=111.2us] attitudeCollect[n=957 avg=0.4us max=0.9us] attitudeInvoke[n=957 avg=1.1us max=21.5us] highlightCollect[n=957 avg=0.3us max=14.8us]
[14:54:46.647][tid=32932] attitude path: work=0 phase2Enabled=1
[14:54:46.647][tid=32932] visibility tick: threadId=32932 processed=0 queued=0 casts=314 visible=29 occluded=136 dropped=0
[14:54:46.688][tid=3100] ESP diagnostics: snapshots=10 categories[civilian=0 enemy=0 police=0 other=10] attitude[hostile=0 unknown=1 valid=35895 invalid=0] dead=1 categorized=0 categoryEnabled=0 projected=0 front=0 poseBounds=0 skeletonLines=0 depthRange=[0.00,0.00] maxDistance=300.0 distanceRejected=0 withinDistance=0 drawn=0 enabled=1 camera=1 health[valid=550490 invalid=201731 bars=1] nativeHighlight[queued=22 cleared=6 failures=0] visibility[on=1 available=1 occluded=0 unknown=0 casts=314 clear=29 blocked=136 dropped=0]
[14:54:47.712][tid=32932] no-recoil target: path=equipped-weapon playerId=0x1 weaponId=0x9B04E1 targetId=0x9B04E1 runtimeValidationRisk=0
[14:54:48.924][tid=32932] phase1 lifetime summary: registerCallbacks=815 registered=809 registerTid=32624 registerChanges=777 registerOnMain=29 registerOffMain=786 mainTickCalls=107392 mainTickTid=32932 mainTickChanges=0 unregisterCalls=386 unregisterTid=28432 unregisterChanges=367 unregisterOnMain=8 unregisterOffMain=378 unregisterTracked=83 unregisterUntracked=303 unregisterTrackingUnknown=0 unregisterNoId=0 lastRegister=(000001DBAFBC3170,0x9B0514) lastUnregister=(000001DBB2E734E0,0x9B050E) unregisterHook=1 componentEntities=0 componentSkipped=0 componentSamples=0 layoutRejects=0 nullInstance=0 nullRefCount=0 truncated=0 attitudeAttempts=35976 attitudeSourceBlocked=0 attitudeAcquire=35976 attitudeExpiredInvalid=0 attitudeAgent=48762 attitudeUnknown=0 attitudeFailClosed=0
[14:54:49.639][tid=32932] attitude path: work=0 phase2Enabled=1
[14:54:49.639][tid=32932] visibility tick: threadId=32932 processed=0 queued=0 casts=314 visible=29 occluded=136 dropped=0
[14:54:49.691][tid=3100] ESP diagnostics: snapshots=10 categories[civilian=0 enemy=0 police=0 other=10] attitude[hostile=0 unknown=1 valid=36004 invalid=0] dead=1 categorized=0 categoryEnabled=0 projected=2 front=2 poseBounds=2 skeletonLines=0 depthRange=[355.88,516.24] maxDistance=300.0 distanceRejected=2 withinDistance=0 drawn=0 enabled=1 camera=1 health[valid=551269 invalid=202896 bars=1] nativeHighlight[queued=22 cleared=6 failures=0] visibility[on=1 available=1 occluded=0 unknown=0 casts=314 clear=29 blocked=136 dropped=0]
[14:54:50.702][tid=32932] no-recoil target: path=equipped-weapon playerId=0x1 weaponId=0x9B04E1 targetId=0x9B04E1 runtimeValidationRisk=0
[14:54:51.631][tid=32932] profile present (5000ms): snapshot[n=798 avg=51.8us max=250.5us] snapLockWait[n=798 avg=0.1us max=0.6us] snapCount[n=798 avg=10.0 max=10] poseSlots[n=1060 avg=6.0us max=52.4us] esp[n=798 avg=2.8us max=18.5us] aimbot[n=798 avg=0.6us max=2.4us]
[14:54:51.631][tid=32932] profile tick (5000ms): tickTotal[n=399 avg=58.3us max=121.7us] health[n=399 avg=38.8us max=96.5us] attitude[n=399 avg=15.0us max=52.0us] highlight[n=399 avg=1.7us max=4.3us] playerMods[n=399 avg=2.1us max=38.5us] visibility[n=399 avg=0.3us max=3.0us]
[14:54:51.631][tid=32932] profile tickdetail (5000ms): healthCollect[n=399 avg=0.4us max=1.0us] healthInvoke[n=399 avg=37.6us max=95.5us] attitudeCollect[n=399 avg=0.4us max=1.1us] attitudeInvoke[n=399 avg=2.8us max=23.7us] highlightCollect[n=399 avg=0.3us max=1.6us]
[14:54:52.163][tid=32932] phase1 lifetime summary: registerCallbacks=820 registered=814 registerTid=33784 registerChanges=781 registerOnMain=29 registerOffMain=791 mainTickCalls=107648 mainTickTid=32932 mainTickChanges=0 unregisterCalls=387 unregisterTid=296 unregisterChanges=368 unregisterOnMain=8 unregisterOffMain=379 unregisterTracked=83 unregisterUntracked=304 unregisterTrackingUnknown=0 unregisterNoId=0 lastRegister=(000001DBAF538440,0x896357) lastUnregister=(000001DBC1438350,0x896357) unregisterHook=1 componentEntities=0 componentSkipped=0 componentSamples=0 layoutRejects=0 nullInstance=0 nullRefCount=0 truncated=0 attitudeAttempts=36093 attitudeSourceBlocked=0 attitudeAcquire=36093 attitudeExpiredInvalid=0 attitudeAgent=48931 attitudeUnknown=0 attitudeFailClosed=0
[14:54:52.643][tid=32932] attitude path: work=0 phase2Enabled=1
[14:54:52.643][tid=32932] visibility tick: threadId=32932 processed=0 queued=0 casts=314 visible=29 occluded=136 dropped=0
[14:54:52.694][tid=3100] ESP diagnostics: snapshots=10 categories[civilian=0 enemy=0 police=0 other=10] attitude[hostile=0 unknown=1 valid=36112 invalid=0] dead=1 categorized=0 categoryEnabled=0 projected=0 front=0 poseBounds=0 skeletonLines=0 depthRange=[0.00,0.00] maxDistance=300.0 distanceRejected=0 withinDistance=0 drawn=0 enabled=1 camera=1 health[valid=552023 invalid=204030 bars=1] nativeHighlight[queued=22 cleared=6 failures=0] visibility[on=1 available=1 occluded=0 unknown=0 casts=314 clear=29 blocked=136 dropped=0]
[14:54:53.703][tid=32932] no-recoil target: path=equipped-weapon playerId=0x1 weaponId=0x9B04E1 targetId=0x9B04E1 runtimeValidationRisk=0
[14:54:54.203][tid=32932] native highlight braindance mode: 1
[14:54:54.226][tid=32932] native highlight braindance mode: 1
[14:54:54.311][tid=32932] native highlight braindance mode: 1
[14:54:54.324][tid=32932] native highlight braindance mode: 1
[14:54:54.412][tid=32932] native highlight braindance mode: 1
[14:54:55.353][tid=32932] phase1 lifetime summary: registerCallbacks=833 registered=827 registerTid=296 registerChanges=793 registerOnMain=29 registerOffMain=804 mainTickCalls=107904 mainTickTid=32932 mainTickChanges=0 unregisterCalls=388 unregisterTid=29008 unregisterChanges=369 unregisterOnMain=8 unregisterOffMain=380 unregisterTracked=83 unregisterUntracked=305 unregisterTrackingUnknown=0 unregisterNoId=0 lastRegister=(000001DBC3578690,0x9B054C) lastUnregister=(000001DBAE0B5230,0x49AC985D2E72B1E9) unregisterHook=1 componentEntities=0 componentSkipped=0 componentSamples=0 layoutRejects=0 nullInstance=0 nullRefCount=0 truncated=0 attitudeAttempts=36231 attitudeSourceBlocked=0 attitudeAcquire=36231 attitudeExpiredInvalid=0 attitudeAgent=49139 attitudeUnknown=0 attitudeFailClosed=0
[14:54:55.644][tid=32932] attitude path: work=0 phase2Enabled=1
[14:54:55.644][tid=32932] visibility tick: threadId=32932 processed=0 queued=0 casts=335 visible=41 occluded=139 dropped=0
[14:54:55.685][tid=3100] ESP diagnostics: snapshots=13 categories[civilian=0 enemy=3 police=0 other=10] attitude[hostile=0 unknown=1 valid=36248 invalid=0] dead=1 categorized=3 categoryEnabled=3 projected=3 front=0 poseBounds=0 skeletonLines=0 depthRange=[0.00,0.00] maxDistance=300.0 distanceRejected=0 withinDistance=0 drawn=0 enabled=1 camera=1 health[valid=552957 invalid=205008 bars=1] nativeHighlight[queued=27 cleared=6 failures=0] visibility[on=1 available=1 occluded=0 unknown=0 casts=335 clear=41 blocked=139 dropped=0]
[14:54:56.634][tid=32932] profile present (5000ms): snapshot[n=800 avg=57.0us max=608.9us] snapLockWait[n=800 avg=0.1us max=0.5us] snapCount[n=800 avg=12.2 max=15] poseSlots[n=1308 avg=6.7us max=229.0us] esp[n=800 avg=5.5us max=66.3us] aimbot[n=800 avg=0.8us max=4.5us]
[14:54:56.634][tid=32932] profile tick (5000ms): tickTotal[n=400 avg=64.1us max=478.2us] health[n=400 avg=40.2us max=323.5us] attitude[n=400 avg=18.0us max=215.4us] highlight[n=400 avg=2.2us max=78.8us] playerMods[n=400 avg=2.1us max=18.8us] visibility[n=400 avg=1.0us max=25.5us]
[14:54:56.634][tid=32932] profile tickdetail (5000ms): healthCollect[n=400 avg=0.4us max=1.1us] healthInvoke[n=400 avg=38.9us max=322.2us] attitudeCollect[n=400 avg=0.5us max=14.6us] attitudeInvoke[n=400 avg=4.0us max=73.9us] highlightCollect[n=400 avg=0.4us max=15.5us]
[14:54:56.700][tid=32932] no-recoil target: path=equipped-weapon playerId=0x1 weaponId=0x9B04E1 targetId=0x9B04E1 runtimeValidationRisk=0
[14:54:57.157][tid=32932] native highlight braindance mode: 0
[14:54:58.646][tid=32932] phase1 lifetime summary: registerCallbacks=909 registered=903 registerTid=29008 registerChanges=867 registerOnMain=34 registerOffMain=875 mainTickCalls=108160 mainTickTid=32932 mainTickChanges=0 unregisterCalls=405 unregisterTid=31528 unregisterChanges=384 unregisterOnMain=8 unregisterOffMain=397 unregisterTracked=88 unregisterUntracked=317 unregisterTrackingUnknown=0 unregisterNoId=0 lastRegister=(000001DBA0F5BCF0,0x9B055D) lastUnregister=(000001DBAB2A05E0,0xBACE27D7AF8F8127) unregisterHook=1 componentEntities=0 componentSkipped=0 componentSamples=0 layoutRejects=0 nullInstance=0 nullRefCount=0 truncated=0 attitudeAttempts=36397 attitudeSourceBlocked=0 attitudeAcquire=36397 attitudeExpiredInvalid=0 attitudeAgent=49391 attitudeUnknown=0 attitudeFailClosed=0
[14:54:58.646][tid=32932] attitude path: work=0 phase2Enabled=1
[14:54:58.646][tid=32932] visibility tick: threadId=32932 processed=0 queued=0 casts=335 visible=41 occluded=139 dropped=0
[14:54:58.689][tid=3100] ESP diagnostics: snapshots=12 categories[civilian=0 enemy=0 police=0 other=12] attitude[hostile=0 unknown=1 valid=36397 invalid=0] dead=1 categorized=0 categoryEnabled=0 projected=6 front=6 poseBounds=6 skeletonLines=0 depthRange=[39.23,908.55] maxDistance=300.0 distanceRejected=3 withinDistance=3 drawn=0 enabled=1 camera=1 health[valid=553975 invalid=205854 bars=1] nativeHighlight[queued=27 cleared=6 failures=0] visibility[on=1 available=1 occluded=0 unknown=0 casts=335 clear=41 blocked=139 dropped=0]
[14:54:59.710][tid=32932] no-recoil target: path=equipped-weapon playerId=0x1 weaponId=0x9B04E1 targetId=0x9B04E1 runtimeValidationRisk=0
[14:55:01.627][tid=32932] profile present (5000ms): snapshot[n=760 avg=59.6us max=304.0us] snapLockWait[n=760 avg=0.1us max=39.6us] snapCount[n=760 avg=12.7 max=15] poseSlots[n=1342 avg=6.6us max=97.7us] esp[n=760 avg=3.6us max=39.2us] aimbot[n=760 avg=0.7us max=9.4us]
[14:55:01.627][tid=32932] profile tick (5000ms): tickTotal[n=380 avg=64.3us max=458.7us] health[n=380 avg=41.3us max=383.7us] attitude[n=380 avg=18.1us max=78.9us] highlight[n=380 avg=1.8us max=19.9us] playerMods[n=380 avg=2.3us max=42.5us] visibility[n=380 avg=0.3us max=2.8us]
[14:55:01.627][tid=32932] profile tickdetail (5000ms): healthCollect[n=380 avg=0.4us max=1.5us] healthInvoke[n=380 avg=39.8us max=382.3us] attitudeCollect[n=380 avg=0.5us max=1.2us] attitudeInvoke[n=380 avg=4.4us max=35.8us] highlightCollect[n=380 avg=0.4us max=0.7us]
[14:55:01.640][tid=32932] attitude path: work=3 phase2Enabled=1
[14:55:01.640][tid=32932] visibility tick: threadId=32932 processed=0 queued=0 casts=335 visible=41 occluded=139 dropped=0
[14:55:01.687][tid=3100] ESP diagnostics: snapshots=13 categories[civilian=0 enemy=0 police=0 other=13] attitude[hostile=0 unknown=1 valid=36537 invalid=0] dead=1 categorized=0 categoryEnabled=0 projected=4 front=4 poseBounds=4 skeletonLines=0 depthRange=[22.24,733.39] maxDistance=300.0 distanceRejected=1 withinDistance=3 drawn=0 enabled=1 camera=1 health[valid=554925 invalid=206720 bars=1] nativeHighlight[queued=27 cleared=6 failures=0] visibility[on=1 available=1 occluded=0 unknown=0 casts=335 clear=41 blocked=139 dropped=0]
[14:55:02.033][tid=32932] phase1 lifetime summary: registerCallbacks=922 registered=916 registerTid=28432 registerChanges=880 registerOnMain=35 registerOffMain=887 mainTickCalls=108416 mainTickTid=32932 mainTickChanges=0 unregisterCalls=469 unregisterTid=29076 unregisterChanges=445 unregisterOnMain=9 unregisterOffMain=460 unregisterTracked=88 unregisterUntracked=381 unregisterTrackingUnknown=0 unregisterNoId=0 lastRegister=(000001DBB149D7B0,0x9B059F) lastUnregister=(000001DBB32D6DC0,0x70F7E6C0786A7008) unregisterHook=1 componentEntities=0 componentSkipped=0 componentSamples=0 layoutRejects=0 nullInstance=0 nullRefCount=0 truncated=0 attitudeAttempts=36551 attitudeSourceBlocked=0 attitudeAcquire=36551 attitudeExpiredInvalid=0 attitudeAgent=49625 attitudeUnknown=0 attitudeFailClosed=0
[14:55:02.499][tid=32932] native highlight braindance mode: 1
[14:55:02.567][tid=32932] native highlight braindance mode: 1
[14:55:02.702][tid=32932] no-recoil target: path=equipped-weapon playerId=0x1 weaponId=0x9B04E1 targetId=0x9B04E1 runtimeValidationRisk=0
[14:55:02.797][tid=32932] native highlight braindance mode: 1
[14:55:02.825][tid=32932] native highlight braindance mode: 1
[14:55:02.916][tid=32932] native highlight braindance mode: 1
[14:55:04.637][tid=32932] native highlight braindance mode: 1
[14:55:04.650][tid=32932] attitude path: work=4 phase2Enabled=1
[14:55:04.650][tid=32932] native highlight braindance mode: 1
[14:55:04.650][tid=32932] visibility tick: threadId=32932 processed=1 queued=1 casts=381 visible=41 occluded=162 dropped=0
[14:55:04.664][tid=32932] native highlight braindance mode: 1
[14:55:04.695][tid=3100] ESP diagnostics: snapshots=21 categories[civilian=0 enemy=8 police=0 other=13] attitude[hostile=0 unknown=1 valid=36731 invalid=0] dead=1 categorized=8 categoryEnabled=8 projected=12 front=12 poseBounds=12 skeletonLines=0 depthRange=[2.48,772.56] maxDistance=300.0 distanceRejected=1 withinDistance=11 drawn=8 enabled=1 camera=1 health[valid=556075 invalid=207394 bars=1] nativeHighlight[queued=35 cleared=6 failures=0] visibility[on=1 available=1 occluded=8 unknown=0 casts=385 clear=41 blocked=164 dropped=0]
[14:55:04.743][tid=32932] native highlight braindance mode: 1
[14:55:05.394][tid=32932] phase1 lifetime summary: registerCallbacks=957 registered=951 registerTid=296 registerChanges=914 registerOnMain=35 registerOffMain=922 mainTickCalls=108672 mainTickTid=32932 mainTickChanges=0 unregisterCalls=482 unregisterTid=28260 unregisterChanges=457 unregisterOnMain=9 unregisterOffMain=473 unregisterTracked=94 unregisterUntracked=388 unregisterTrackingUnknown=0 unregisterNoId=0 lastRegister=(000001DBB21556A0,0xE1AFFE98BAF2B117) lastUnregister=(000001DBAFBC3170,0x9B0514) unregisterHook=1 componentEntities=0 componentSkipped=0 componentSamples=0 layoutRejects=0 nullInstance=0 nullRefCount=0 truncated=0 attitudeAttempts=36781 attitudeSourceBlocked=0 attitudeAcquire=36781 attitudeExpiredInvalid=0 attitudeAgent=49961 attitudeUnknown=0 attitudeFailClosed=0
[14:55:05.535][tid=32932] native highlight braindance mode: 1
[14:55:05.591][tid=32932] no-recoil modifiers removed: targetId=0x9B04E1 count=11
[14:55:05.700][tid=32932] no-recoil target: path=waiting-for-equipped-weapon playerId=0x1 weaponId=0x0 targetId=0x1 runtimeValidationRisk=0
[14:55:05.827][tid=32932] native highlight braindance mode: 1
[14:55:05.901][tid=32932] native highlight braindance mode: 1
[14:55:06.632][tid=32932] profile present (5000ms): snapshot[n=772 avg=72.1us max=448.7us] snapLockWait[n=772 avg=0.1us max=1.0us] snapCount[n=772 avg=17.9 max=24] poseSlots[n=1914 avg=7.1us max=54.7us] esp[n=772 avg=12.7us max=104.2us] aimbot[n=772 avg=1.2us max=38.1us]
[14:55:06.632][tid=32932] profile tick (5000ms): tickTotal[n=386 avg=71.6us max=697.0us] health[n=386 avg=42.8us max=683.9us] attitude[n=386 avg=21.2us max=109.2us] highlight[n=386 avg=2.2us max=50.0us] playerMods[n=386 avg=2.4us max=30.1us] visibility[n=386 avg=2.4us max=30.2us]
[14:55:06.632][tid=32932] profile tickdetail (5000ms): healthCollect[n=386 avg=0.4us max=15.1us] healthInvoke[n=386 avg=41.4us max=683.0us] attitudeCollect[n=386 avg=0.5us max=1.1us] attitudeInvoke[n=386 avg=6.0us max=32.7us] highlightCollect[n=386 avg=0.5us max=1.4us]
[14:55:07.638][tid=32932] attitude path: work=4 phase2Enabled=1
[14:55:07.638][tid=32932] visibility tick: threadId=32932 processed=0 queued=0 casts=447 visible=41 occluded=195 dropped=0
[14:55:07.686][tid=3100] ESP diagnostics: snapshots=24 categories[civilian=0 enemy=4 police=0 other=20] attitude[hostile=0 unknown=1 valid=36982 invalid=0] dead=1 categorized=4 categoryEnabled=4 projected=15 front=13 poseBounds=13 skeletonLines=0 depthRange=[1.18,875.00] maxDistance=300.0 distanceRejected=1 withinDistance=12 drawn=4 enabled=1 camera=1 health[valid=557475 invalid=207954 bars=1] nativeHighlight[queued=40 cleared=6 failures=0] visibility[on=1 available=1 occluded=4 unknown=0 casts=447 clear=41 blocked=195 dropped=0]
[14:55:07.937][tid=32932] no-recoil modifiers applied: targetId=0x9B04E1 count=11
[14:55:08.486][tid=32932] phase1 lifetime summary: registerCallbacks=987 registered=981 registerTid=30248 registerChanges=940 registerOnMain=35 registerOffMain=952 mainTickCalls=108928 mainTickTid=32932 mainTickChanges=0 unregisterCalls=492 unregisterTid=23524 unregisterChanges=467 unregisterOnMain=9 unregisterOffMain=483 unregisterTracked=98 unregisterUntracked=394 unregisterTrackingUnknown=0 unregisterNoId=0 lastRegister=(000001DBB821EC40,0x9B05DC) lastUnregister=(000001DBBCA354B0,0x9B054F) unregisterHook=1 componentEntities=0 componentSkipped=0 componentSamples=0 layoutRejects=0 nullInstance=0 nullRefCount=0 truncated=0 attitudeAttempts=37053 attitudeSourceBlocked=0 attitudeAcquire=37053 attitudeExpiredInvalid=0 attitudeAgent=50334 attitudeUnknown=0 attitudeFailClosed=0
[14:55:08.702][tid=32932] no-recoil target: path=equipped-weapon playerId=0x1 weaponId=0x9B04E1 targetId=0x9B04E1 runtimeValidationRisk=0
[14:55:10.639][tid=32932] attitude path: work=3 phase2Enabled=1
[14:55:10.639][tid=32932] visibility tick: threadId=32932 processed=0 queued=0 casts=455 visible=41 occluded=199 dropped=0
[14:55:10.691][tid=3100] ESP diagnostics: snapshots=22 categories[civilian=0 enemy=2 police=0 other=20] attitude[hostile=0 unknown=1 valid=37244 invalid=0] dead=1 categorized=2 categoryEnabled=2 projected=15 front=5 poseBounds=5 skeletonLines=0 depthRange=[14.48,1324.39] maxDistance=300.0 distanceRejected=3 withinDistance=2 drawn=0 enabled=1 camera=1 health[valid=558880 invalid=208453 bars=1] nativeHighlight[queued=40 cleared=6 failures=0] visibility[on=1 available=1 occluded=0 unknown=0 casts=455 clear=41 blocked=199 dropped=0]
[14:55:10.811][tid=32932] native highlight braindance mode: 0
[14:55:10.830][tid=32932] no-recoil modifiers removed: targetId=0x9B04E1 count=11
[14:55:10.844][tid=32932] native highlight braindance mode: 1
[14:55:11.283][tid=32932] native highlight braindance mode: 1
[14:55:11.631][tid=32932] profile present (5000ms): snapshot[n=814 avg=71.5us max=444.2us] snapLockWait[n=814 avg=0.1us max=0.7us] snapCount[n=814 avg=22.9 max=24] poseSlots[n=2432 avg=7.2us max=139.2us] esp[n=814 avg=6.6us max=47.9us] aimbot[n=814 avg=0.9us max=8.4us]
[14:55:11.631][tid=32932] profile tick (5000ms): tickTotal[n=407 avg=59.7us max=373.6us] health[n=407 avg=35.5us max=215.4us] attitude[n=407 avg=19.7us max=335.9us] highlight[n=407 avg=1.1us max=37.8us] playerMods[n=407 avg=2.1us max=57.8us] visibility[n=407 avg=0.8us max=17.5us]
[14:55:11.631][tid=32932] profile tickdetail (5000ms): healthCollect[n=407 avg=1.6us max=177.4us] healthInvoke[n=407 avg=32.2us max=74.6us] attitudeCollect[n=407 avg=0.6us max=34.0us] attitudeInvoke[n=407 avg=6.3us max=302.8us] highlightCollect[n=407 avg=0.4us max=0.9us]
[14:55:11.692][tid=32932] phase1 lifetime summary: registerCallbacks=993 registered=987 registerTid=23524 registerChanges=945 registerOnMain=35 registerOffMain=958 mainTickCalls=109184 mainTickTid=32932 mainTickChanges=0 unregisterCalls=509 unregisterTid=17972 unregisterChanges=483 unregisterOnMain=10 unregisterOffMain=499 unregisterTracked=103 unregisterUntracked=406 unregisterTrackingUnknown=0 unregisterNoId=0 lastRegister=(000001DBC2EB00A0,0x8963F5) lastUnregister=(000001DBC0562650,0x8963F5) unregisterHook=1 componentEntities=0 componentSkipped=0 componentSamples=0 layoutRejects=0 nullInstance=0 nullRefCount=0 truncated=0 attitudeAttempts=37328 attitudeSourceBlocked=0 attitudeAcquire=37328 attitudeExpiredInvalid=0 attitudeAgent=50708 attitudeUnknown=0 attitudeFailClosed=0
[14:55:11.705][tid=32932] no-recoil target: path=waiting-for-equipped-weapon playerId=0x1 weaponId=0x0 targetId=0x1 runtimeValidationRisk=0
[14:55:12.632][tid=17972] entity unregister observed: total=512 ptr=000001DBB61CF6F0 id=0x9B05C7 identity=1 trackedKnown=1 trackedBefore=1 result=1
[14:55:13.638][tid=32932] attitude path: work=4 phase2Enabled=1
[14:55:13.638][tid=32932] visibility tick: threadId=32932 processed=0 queued=0 casts=479 visible=41 occluded=211 dropped=0
[14:55:13.665][tid=32932] native highlight braindance mode: 1
[14:55:13.696][tid=3100] ESP diagnostics: snapshots=29 categories[civilian=0 enemy=2 police=0 other=27] attitude[hostile=0 unknown=1 valid=37520 invalid=0] dead=1 categorized=2 categoryEnabled=2 projected=26 front=23 poseBounds=23 skeletonLines=0 depthRange=[16.41,644.51] maxDistance=300.0 distanceRejected=3 withinDistance=20 drawn=2 enabled=1 camera=1 health[valid=560262 invalid=208935 bars=1] nativeHighlight[queued=44 cleared=6 failures=0] visibility[on=1 available=1 occluded=2 unknown=0 casts=479 clear=41 blocked=211 dropped=0]
[14:55:13.770][tid=32932] native highlight braindance mode: 1
[14:55:13.783][tid=32932] native highlight braindance mode: 1
[14:55:13.821][tid=32932] native highlight braindance mode: 1
[14:55:14.459][tid=32932] native highlight braindance mode: 1
[14:55:14.595][tid=32932] native highlight braindance mode: 1
[14:55:14.703][tid=32932] no-recoil target: path=waiting-for-equipped-weapon playerId=0x1 weaponId=0x0 targetId=0x1 runtimeValidationRisk=0
[14:55:15.041][tid=32932] phase1 lifetime summary: registerCallbacks=1019 registered=1013 registerTid=33564 registerChanges=970 registerOnMain=35 registerOffMain=984 mainTickCalls=109440 mainTickTid=32932 mainTickChanges=0 unregisterCalls=520 unregisterTid=31528 unregisterChanges=494 unregisterOnMain=10 unregisterOffMain=510 unregisterTracked=109 unregisterUntracked=411 unregisterTrackingUnknown=0 unregisterNoId=0 lastRegister=(000001DBCA7775B0,0x9B063D) lastUnregister=(000001DBBF2CE900,0x7257BE60954AAA37) unregisterHook=1 componentEntities=0 componentSkipped=0 componentSamples=0 layoutRejects=0 nullInstance=0 nullRefCount=0 truncated=0 attitudeAttempts=37680 attitudeSourceBlocked=0 attitudeAcquire=37680 attitudeExpiredInvalid=0 attitudeAgent=51212 attitudeUnknown=0 attitudeFailClosed=0
[14:55:15.518][tid=32932] native highlight braindance mode: 1
[14:55:15.556][tid=32932] native highlight braindance mode: 1
[14:55:15.596][tid=26900] entity registered: total=1024 ptr=000001DBAF905F20 id=0x8963FA typeHash=0x317316F0865EA816 puppet=1 positioned=1 pos=(1032.26, -847.36, 29.75)
[14:55:15.605][tid=32932] native highlight braindance mode: 1
[14:55:15.628][tid=32932] native highlight braindance mode: 1
[14:55:15.655][tid=32932] native highlight braindance mode: 1
[14:55:16.625][tid=32932] profile present (5000ms): snapshot[n=774 avg=89.8us max=461.2us] snapLockWait[n=774 avg=0.1us max=0.5us] snapCount[n=774 avg=29.2 max=36] poseSlots[n=3093 avg=7.2us max=145.0us] esp[n=774 avg=17.0us max=253.3us] aimbot[n=774 avg=1.1us max=7.1us]
[14:55:16.625][tid=32932] profile tick (5000ms): tickTotal[n=387 avg=68.9us max=545.1us] health[n=387 avg=36.4us max=509.2us] attitude[n=387 avg=25.9us max=225.3us] highlight[n=387 avg=1.8us max=45.4us] playerMods[n=387 avg=1.7us max=8.1us] visibility[n=387 avg=2.5us max=251.0us]
[14:55:16.625][tid=32932] profile tickdetail (5000ms): healthCollect[n=387 avg=0.2us max=1.3us] healthInvoke[n=387 avg=35.3us max=508.4us] attitudeCollect[n=387 avg=0.5us max=1.2us] attitudeInvoke[n=387 avg=9.7us max=159.5us] highlightCollect[n=387 avg=0.5us max=6.5us]
[14:55:16.649][tid=32932] attitude path: work=3 phase2Enabled=1
[14:55:16.649][tid=32932] visibility tick: threadId=32932 processed=1 queued=1 casts=567 visible=41 occluded=255 dropped=0
[14:55:16.688][tid=3100] ESP diagnostics: snapshots=35 categories[civilian=0 enemy=11 police=0 other=24] attitude[hostile=0 unknown=1 valid=37904 invalid=0] dead=1 categorized=11 categoryEnabled=11 projected=29 front=27 poseBounds=27 skeletonLines=0 depthRange=[1.35,880.28] maxDistance=300.0 distanceRejected=3 withinDistance=24 drawn=11 enabled=1 camera=1 health[valid=561807 invalid=209286 bars=1] nativeHighlight[queued=57 cleared=6 failures=0] visibility[on=1 available=1 occluded=11 unknown=0 casts=573 clear=41 blocked=258 dropped=0]
[14:55:16.942][tid=32932] native highlight braindance mode: 1
[14:55:17.345][tid=32932] native highlight braindance mode: 1
[14:55:17.702][tid=32932] no-recoil target: path=waiting-for-equipped-weapon playerId=0x1 weaponId=0x0 targetId=0x1 runtimeValidationRisk=0
[14:55:18.239][tid=32932] phase1 lifetime summary: registerCallbacks=1061 registered=1055 registerTid=29076 registerChanges=1007 registerOnMain=36 registerOffMain=1025 mainTickCalls=109696 mainTickTid=32932 mainTickChanges=0 unregisterCalls=550 unregisterTid=26900 unregisterChanges=523 unregisterOnMain=11 unregisterOffMain=539 unregisterTracked=122 unregisterUntracked=428 unregisterTrackingUnknown=0 unregisterNoId=0 lastRegister=(000001DBC3E42560,0x660A150A75B2886D) lastUnregister=(000001DBAABAC6C0,0xD71A7FF3691428C2) unregisterHook=1 componentEntities=0 componentSkipped=0 componentSamples=0 layoutRejects=0 nullInstance=0 nullRefCount=0 truncated=0 attitudeAttempts=38095 attitudeSourceBlocked=0 attitudeAcquire=38095 attitudeExpiredInvalid=0 attitudeAgent=51788 attitudeUnknown=0 attitudeFailClosed=0
[14:55:18.703][tid=32932] no-recoil modifiers applied: targetId=0x9B04E1 count=11
[14:55:19.638][tid=32932] attitude path: work=4 phase2Enabled=1
[14:55:19.638][tid=32932] visibility tick: threadId=32932 processed=1 queued=0 casts=831 visible=41 occluded=387 dropped=32
[14:55:19.686][tid=3100] ESP diagnostics: snapshots=32 categories[civilian=0 enemy=11 police=0 other=21] attitude[hostile=0 unknown=1 valid=38277 invalid=0] dead=1 categorized=11 categoryEnabled=11 projected=25 front=14 poseBounds=14 skeletonLines=0 depthRange=[41.19,915.21] maxDistance=300.0 distanceRejected=3 withinDistance=11 drawn=11 enabled=1 camera=1 health[valid=563336 invalid=209637 bars=1] nativeHighlight[queued=64 cleared=6 failures=0] visibility[on=1 available=1 occluded=11 unknown=0 casts=835 clear=41 blocked=389 dropped=32]
[14:55:20.710][tid=32932] no-recoil target: path=equipped-weapon playerId=0x1 weaponId=0x9B04E1 targetId=0x9B04E1 runtimeValidationRisk=0
[14:55:21.523][tid=32932] phase1 lifetime summary: registerCallbacks=1089 registered=1083 registerTid=33784 registerChanges=1032 registerOnMain=37 registerOffMain=1052 mainTickCalls=109952 mainTickTid=32932 mainTickChanges=0 unregisterCalls=572 unregisterTid=33292 unregisterChanges=543 unregisterOnMain=11 unregisterOffMain=561 unregisterTracked=130 unregisterUntracked=442 unregisterTrackingUnknown=0 unregisterNoId=0 lastRegister=(000001DBB3732CB0,0xD43463E9B494798B) lastUnregister=(000001DBAF89FCE0,0x9B05C8) unregisterHook=1 componentEntities=0 componentSkipped=0 componentSamples=0 layoutRejects=0 nullInstance=0 nullRefCount=0 truncated=0 attitudeAttempts=38486 attitudeSourceBlocked=0 attitudeAcquire=38486 attitudeExpiredInvalid=0 attitudeAgent=52309 attitudeUnknown=0 attitudeFailClosed=0
[14:55:21.628][tid=32932] profile present (5000ms): snapshot[n=788 avg=89.3us max=785.2us] snapLockWait[n=788 avg=0.1us max=1.5us] snapCount[n=788 avg=31.0 max=35] poseSlots[n=3298 avg=7.3us max=186.4us] esp[n=788 avg=23.7us max=63.9us] aimbot[n=788 avg=1.5us max=11.0us]
[14:55:21.628][tid=32932] profile tick (5000ms): tickTotal[n=394 avg=68.0us max=244.7us] health[n=394 avg=35.0us max=147.9us] attitude[n=394 avg=23.3us max=57.8us] highlight[n=394 avg=1.3us max=73.3us] playerMods[n=394 avg=2.1us max=56.8us] visibility[n=394 avg=5.8us max=105.8us]
[14:55:21.628][tid=32932] profile tickdetail (5000ms): healthCollect[n=394 avg=0.2us max=0.7us] healthInvoke[n=394 avg=34.0us max=146.9us] attitudeCollect[n=394 avg=0.5us max=1.8us] attitudeInvoke[n=394 avg=8.1us max=33.5us] highlightCollect[n=394 avg=0.6us max=1.4us]
[14:55:21.935][tid=32932] native highlight braindance mode: 1
[14:55:21.953][tid=32932] native highlight braindance mode: 1
[14:55:22.642][tid=32932] attitude path: work=4 phase2Enabled=1
[14:55:22.642][tid=32932] visibility tick: threadId=32932 processed=0 queued=0 casts=970 visible=42 occluded=456 dropped=32
[14:55:22.697][tid=3100] ESP diagnostics: snapshots=28 categories[civilian=1 enemy=14 police=0 other=13] attitude[hostile=0 unknown=1 valid=38603 invalid=0] dead=1 categorized=15 categoryEnabled=14 projected=19 front=17 poseBounds=17 skeletonLines=0 depthRange=[4.26,720.09] maxDistance=300.0 distanceRejected=1 withinDistance=16 drawn=9 enabled=1 camera=1 health[valid=564777 invalid=210036 bars=1] nativeHighlight[queued=67 cleared=6 failures=0] visibility[on=1 available=1 occluded=5 unknown=0 casts=974 clear=45 blocked=456 dropped=32]
[14:55:22.895][tid=32932] native highlight braindance mode: 1
[14:55:23.701][tid=32932] no-recoil target: path=equipped-weapon playerId=0x1 weaponId=0x9B04E1 targetId=0x9B04E1 runtimeValidationRisk=0
[14:55:24.812][tid=32932] phase1 lifetime summary: registerCallbacks=1147 registered=1141 registerTid=32624 registerChanges=1088 registerOnMain=39 registerOffMain=1108 mainTickCalls=110208 mainTickTid=32932 mainTickChanges=0 unregisterCalls=617 unregisterTid=29008 unregisterChanges=586 unregisterOnMain=11 unregisterOffMain=606 unregisterTracked=142 unregisterUntracked=475 unregisterTrackingUnknown=0 unregisterNoId=0 lastRegister=(000001DBBEA15D90,0x8E72C59165BAEE70) lastUnregister=(000001DBCA75D580,0x9010EA361D05BC13) unregisterHook=1 componentEntities=0 componentSkipped=0 componentSamples=0 layoutRejects=0 nullInstance=0 nullRefCount=0 truncated=0 attitudeAttempts=38822 attitudeSourceBlocked=0 attitudeAcquire=38822 attitudeExpiredInvalid=0 attitudeAgent=52762 attitudeUnknown=0 attitudeFailClosed=0
[14:55:25.650][tid=32932] attitude path: work=3 phase2Enabled=1
[14:55:25.650][tid=32932] visibility tick: threadId=32932 processed=0 queued=0 casts=1049 visible=48 occluded=492 dropped=32
[14:55:25.691][tid=3100] ESP diagnostics: snapshots=24 categories[civilian=0 enemy=10 police=0 other=14] attitude[hostile=0 unknown=1 valid=38909 invalid=0] dead=1 categorized=10 categoryEnabled=10 projected=16 front=6 poseBounds=6 skeletonLines=0 depthRange=[10.10,955.49] maxDistance=300.0 distanceRejected=2 withinDistance=4 drawn=0 enabled=1 camera=1 health[valid=566279 invalid=210486 bars=1] nativeHighlight[queued=68 cleared=6 failures=0] visibility[on=1 available=1 occluded=0 unknown=0 casts=1049 clear=48 blocked=492 dropped=32]
[14:55:26.019][tid=32932] native highlight braindance mode: 1
[14:55:26.055][tid=32932] native highlight braindance mode: 1
[14:55:26.633][tid=32932] profile present (5000ms): snapshot[n=794 avg=82.1us max=430.1us] snapLockWait[n=794 avg=0.1us max=0.5us] snapCount[n=794 avg=25.7 max=29] poseSlots[n=2754 avg=7.3us max=67.6us] esp[n=794 avg=11.9us max=501.2us] aimbot[n=794 avg=1.5us max=9.1us]
[14:55:26.633][tid=32932] profile tick (5000ms): tickTotal[n=397 avg=64.6us max=334.2us] health[n=397 avg=36.0us max=269.4us] attitude[n=397 avg=22.2us max=94.4us] highlight[n=397 avg=1.6us max=54.5us] playerMods[n=397 avg=1.9us max=34.8us] visibility[n=397 avg=2.5us max=36.8us]
[14:55:26.634][tid=32932] profile tickdetail (5000ms): healthCollect[n=397 avg=0.2us max=1.0us] healthInvoke[n=397 avg=34.9us max=268.3us] attitudeCollect[n=397 avg=0.6us max=56.0us] attitudeInvoke[n=397 avg=7.2us max=74.9us] highlightCollect[n=397 avg=0.6us max=16.4us]
[14:55:26.714][tid=32932] no-recoil target: path=equipped-weapon playerId=0x1 weaponId=0x9B04E1 targetId=0x9B04E1 runtimeValidationRisk=0
[14:55:27.945][tid=32932] native highlight braindance mode: 0
[14:55:27.970][tid=32932] phase1 lifetime summary: registerCallbacks=1192 registered=1186 registerTid=23524 registerChanges=1129 registerOnMain=39 registerOffMain=1153 mainTickCalls=110464 mainTickTid=32932 mainTickChanges=0 unregisterCalls=696 unregisterTid=28260 unregisterChanges=659 unregisterOnMain=13 unregisterOffMain=683 unregisterTracked=158 unregisterUntracked=538 unregisterTrackingUnknown=0 unregisterNoId=0 lastRegister=(000001DBACF0ABB0,0x9B0702) lastUnregister=(000001DBC21E1060,0x9B06F7) unregisterHook=1 componentEntities=0 componentSkipped=0 componentSamples=0 layoutRejects=0 nullInstance=0 nullRefCount=0 truncated=0 attitudeAttempts=39089 attitudeSourceBlocked=0 attitudeAcquire=39089 attitudeExpiredInvalid=0 attitudeAgent=53155 attitudeUnknown=0 attitudeFailClosed=0
[14:55:28.649][tid=32932] attitude path: work=1 phase2Enabled=1
[14:55:28.650][tid=32932] visibility tick: threadId=32932 processed=0 queued=0 casts=1065 visible=48 occluded=500 dropped=32
[14:55:28.691][tid=3100] ESP diagnostics: snapshots=11 categories[civilian=0 enemy=0 police=0 other=11] attitude[hostile=0 unknown=1 valid=39119 invalid=0] dead=1 categorized=0 categoryEnabled=0 projected=8 front=5 poseBounds=5 skeletonLines=0 depthRange=[23.58,477.33] maxDistance=300.0 distanceRejected=3 withinDistance=2 drawn=0 enabled=1 camera=1 health[valid=567515 invalid=211170 bars=1] nativeHighlight[queued=70 cleared=6 failures=0] visibility[on=1 available=1 occluded=0 unknown=0 casts=1065 clear=48 blocked=500 dropped=32]
[14:55:29.075][tid=32932] native highlight braindance mode: 1
[14:55:29.089][tid=32932] native highlight braindance mode: 1
[14:55:29.109][tid=32932] native highlight braindance mode: 1
[14:55:29.311][tid=32932] native highlight braindance mode: 1
[14:55:29.325][tid=32932] native highlight braindance mode: 1
[14:55:29.339][tid=32932] native highlight braindance mode: 1
[14:55:29.710][tid=32932] no-recoil target: path=equipped-weapon playerId=0x1 weaponId=0x9B04E1 targetId=0x9B04E1 runtimeValidationRisk=0
[14:55:30.322][tid=32932] no-recoil modifiers removed: targetId=0x9B04E1 count=11
[14:55:31.211][tid=32932] phase1 lifetime summary: registerCallbacks=1251 registered=1245 registerTid=296 registerChanges=1185 registerOnMain=40 registerOffMain=1211 mainTickCalls=110720 mainTickTid=32932 mainTickChanges=0 unregisterCalls=721 unregisterTid=28260 unregisterChanges=683 unregisterOnMain=13 unregisterOffMain=708 unregisterTracked=158 unregisterUntracked=563 unregisterTrackingUnknown=0 unregisterNoId=0 lastRegister=(000001DBCFDA4D00,0x9B05ED) lastUnregister=(000001DBADD3DFE0,0x9B05DD) unregisterHook=1 componentEntities=0 componentSkipped=0 componentSamples=0 layoutRejects=0 nullInstance=0 nullRefCount=0 truncated=0 attitudeAttempts=39326 attitudeSourceBlocked=0 attitudeAcquire=39326 attitudeExpiredInvalid=0 attitudeAgent=53506 attitudeUnknown=0 attitudeFailClosed=0
[14:55:31.628][tid=32932] profile present (5000ms): snapshot[n=790 avg=71.2us max=315.0us] snapLockWait[n=790 avg=0.1us max=0.5us] snapCount[n=790 avg=19.2 max=24] poseSlots[n=2047 avg=7.0us max=61.4us] esp[n=790 avg=9.7us max=59.2us] aimbot[n=790 avg=1.2us max=4.8us]
[14:55:31.628][tid=32932] profile tick (5000ms): tickTotal[n=395 avg=66.5us max=309.9us] health[n=395 avg=39.1us max=277.3us] attitude[n=395 avg=21.4us max=121.1us] highlight[n=395 avg=1.7us max=55.5us] playerMods[n=395 avg=2.0us max=27.9us] visibility[n=395 avg=1.8us max=93.5us]
[14:55:31.628][tid=32932] profile tickdetail (5000ms): healthCollect[n=395 avg=0.3us max=0.8us] healthInvoke[n=395 avg=38.1us max=276.0us] attitudeCollect[n=395 avg=0.5us max=1.1us] attitudeInvoke[n=395 avg=6.3us max=29.5us] highlightCollect[n=395 avg=0.5us max=0.9us]
[14:55:31.639][tid=32932] attitude path: work=1 phase2Enabled=1
[14:55:31.639][tid=32932] visibility tick: threadId=32932 processed=0 queued=0 casts=1159 visible=48 occluded=547 dropped=32
[14:55:31.693][tid=3100] ESP diagnostics: snapshots=24 categories[civilian=0 enemy=9 police=0 other=15] attitude[hostile=0 unknown=1 valid=39372 invalid=0] dead=1 categorized=9 categoryEnabled=9 projected=23 front=13 poseBounds=13 skeletonLines=0 depthRange=[7.70,85.71] maxDistance=300.0 distanceRejected=0 withinDistance=13 drawn=3 enabled=1 camera=1 health[valid=568841 invalid=211740 bars=1] nativeHighlight[queued=79 cleared=6 failures=0] visibility[on=1 available=1 occluded=3 unknown=0 casts=1161 clear=48 blocked=548 dropped=32]
[14:55:32.324][tid=32932] no-recoil modifiers applied: targetId=0x9B04E1 count=11
[14:55:32.701][tid=32932] no-recoil target: path=equipped-weapon playerId=0x1 weaponId=0x9B04E1 targetId=0x9B04E1 runtimeValidationRisk=0
[14:55:34.359][tid=32932] phase1 lifetime summary: registerCallbacks=1284 registered=1278 registerTid=26900 registerChanges=1216 registerOnMain=41 registerOffMain=1243 mainTickCalls=110976 mainTickTid=32932 mainTickChanges=0 unregisterCalls=732 unregisterTid=28432 unregisterChanges=692 unregisterOnMain=13 unregisterOffMain=719 unregisterTracked=159 unregisterUntracked=573 unregisterTrackingUnknown=0 unregisterNoId=0 lastRegister=(000001DBA9DE1940,0x345B2F1BA0572C59) lastUnregister=(000001DBCC64E7C0,0x21C4FA10D9B442D4) unregisterHook=1 componentEntities=0 componentSkipped=0 componentSamples=0 layoutRejects=0 nullInstance=0 nullRefCount=0 truncated=0 attitudeAttempts=39619 attitudeSourceBlocked=0 attitudeAcquire=39619 attitudeExpiredInvalid=0 attitudeAgent=53926 attitudeUnknown=0 attitudeFailClosed=0
[14:55:34.599][tid=32932] native highlight braindance mode: 1
[14:55:34.639][tid=32932] attitude path: work=1 phase2Enabled=1
[14:55:34.639][tid=32932] visibility tick: threadId=32932 processed=1 queued=0 casts=1247 visible=68 occluded=580 dropped=32
[14:55:34.696][tid=3100] ESP diagnostics: snapshots=28 categories[civilian=3 enemy=10 police=0 other=15] attitude[hostile=0 unknown=1 valid=39657 invalid=0] dead=1 categorized=13 categoryEnabled=10 projected=27 front=15 poseBounds=15 skeletonLines=0 depthRange=[23.32,97.62] maxDistance=300.0 distanceRejected=0 withinDistance=15 drawn=7 enabled=1 camera=1 health[valid=570320 invalid=212221 bars=1] nativeHighlight[queued=80 cleared=6 failures=0] visibility[on=1 available=1 occluded=1 unknown=0 casts=1251 clear=68 blocked=582 dropped=32]
[14:55:34.797][tid=32932] native highlight braindance mode: 1
[14:55:34.898][tid=32932] native highlight braindance mode: 1
[14:55:35.704][tid=32932] no-recoil target: path=equipped-weapon playerId=0x1 weaponId=0x9B04E1 targetId=0x9B04E1 runtimeValidationRisk=0
[14:55:35.796][tid=32932] native highlight braindance mode: 1
[14:55:36.623][tid=32932] profile present (5000ms): snapshot[n=796 avg=83.8us max=377.7us] snapLockWait[n=796 avg=0.1us max=0.4us] snapCount[n=796 avg=26.3 max=30] poseSlots[n=2809 avg=7.2us max=24.0us] esp[n=796 avg=18.2us max=68.6us] aimbot[n=796 avg=2.3us max=11.4us]
[14:55:36.623][tid=32932] profile tick (5000ms): tickTotal[n=398 avg=72.8us max=332.6us] health[n=398 avg=39.3us max=276.3us] attitude[n=398 avg=24.7us max=188.0us] highlight[n=398 avg=1.4us max=34.7us] playerMods[n=398 avg=2.4us max=63.9us] visibility[n=398 avg=4.4us max=235.6us]
[14:55:36.623][tid=32932] profile tickdetail (5000ms): healthCollect[n=398 avg=0.5us max=59.4us] healthInvoke[n=398 avg=37.5us max=274.1us] attitudeCollect[n=398 avg=0.6us max=1.4us] attitudeInvoke[n=398 avg=8.5us max=163.7us] highlightCollect[n=398 avg=0.6us max=1.2us]
[14:55:36.737][tid=32932] native highlight braindance mode: 1
[14:55:37.641][tid=32932] attitude path: work=2 phase2Enabled=1
[14:55:37.641][tid=32932] visibility tick: threadId=32932 processed=0 queued=0 casts=1366 visible=110 occluded=615 dropped=32
[14:55:37.693][tid=3100] ESP diagnostics: snapshots=32 categories[civilian=3 enemy=14 police=0 other=15] attitude[hostile=0 unknown=1 valid=40006 invalid=0] dead=1 categorized=17 categoryEnabled=14 projected=31 front=19 poseBounds=19 skeletonLines=0 depthRange=[12.39,93.07] maxDistance=300.0 distanceRejected=0 withinDistance=19 drawn=11 enabled=1 camera=1 health[valid=571784 invalid=212589 bars=1] nativeHighlight[queued=84 cleared=6 failures=0] visibility[on=1 available=1 occluded=3 unknown=0 casts=1366 clear=110 blocked=615 dropped=32]
[14:55:37.693][tid=32932] phase1 lifetime summary: registerCallbacks=1315 registered=1309 registerTid=29076 registerChanges=1243 registerOnMain=41 registerOffMain=1274 mainTickCalls=111232 mainTickTid=32932 mainTickChanges=0 unregisterCalls=750 unregisterTid=31528 unregisterChanges=710 unregisterOnMain=13 unregisterOffMain=737 unregisterTracked=163 unregisterUntracked=587 unregisterTrackingUnknown=0 unregisterNoId=0 lastRegister=(000001DBC257F2D0,0x9B0682) lastUnregister=(000001DBC6AE6850,0x7C8A3A119DD3C85C) unregisterHook=1 componentEntities=0 componentSkipped=0 componentSamples=0 layoutRejects=0 nullInstance=0 nullRefCount=0 truncated=0 attitudeAttempts=40006 attitudeSourceBlocked=0 attitudeAcquire=40006 attitudeExpiredInvalid=0 attitudeAgent=54464 attitudeUnknown=0 attitudeFailClosed=0
[14:55:37.911][tid=32932] no-recoil modifiers removed: targetId=0x9B04E1 count=11
[14:55:37.928][tid=32932] no-recoil modifiers applied: targetId=0x9B04DF count=11
[14:55:38.705][tid=32932] no-recoil target: path=equipped-weapon playerId=0x1 weaponId=0x9B04DF targetId=0x9B04DF runtimeValidationRisk=0
[14:55:39.283][tid=3100] silent aim armed: target=00000000008963F7 world=(1032.99,-846.82,31.43) healthValid=1 health=292.50/292.50 dead=0 candidates=14 eligible=8 noPool=0 overCap=0 occluded=6 crosshairCoreHook=1 calls=412 redirects=47 rejected=0
[14:55:39.347][tid=32932] native highlight braindance mode: 1
[14:55:40.641][tid=32932] attitude path: work=4 phase2Enabled=1
[14:55:40.641][tid=32932] visibility tick: threadId=32932 processed=0 queued=0 casts=1483 visible=155 occluded=651 dropped=32
[14:55:40.696][tid=3100] ESP diagnostics: snapshots=35 categories[civilian=3 enemy=14 police=0 other=18] attitude[hostile=0 unknown=1 valid=40401 invalid=0] dead=2 categorized=17 categoryEnabled=14 projected=33 front=21 poseBounds=21 skeletonLines=0 depthRange=[16.37,88.98] maxDistance=300.0 distanceRejected=0 withinDistance=21 drawn=5 enabled=1 camera=1 health[valid=573201 invalid=212892 bars=1] nativeHighlight[queued=85 cleared=7 failures=0] visibility[on=1 available=1 occluded=0 unknown=0 casts=1483 clear=155 blocked=651 dropped=32]
[14:55:41.258][tid=32932] phase1 lifetime summary: registerCallbacks=1323 registered=1317 registerTid=33784 registerChanges=1250 registerOnMain=41 registerOffMain=1282 mainTickCalls=111488 mainTickTid=32932 mainTickChanges=0 unregisterCalls=762 unregisterTid=296 unregisterChanges=720 unregisterOnMain=13 unregisterOffMain=749 unregisterTracked=164 unregisterUntracked=598 unregisterTrackingUnknown=0 unregisterNoId=0 lastRegister=(000001DBD059BBC0,0x9B0795) lastUnregister=(000001DBB139ECD0,0x9B0640) unregisterHook=1 componentEntities=0 componentSkipped=0 componentSamples=0 layoutRejects=0 nullInstance=0 nullRefCount=0 truncated=0 attitudeAttempts=40469 attitudeSourceBlocked=0 attitudeAcquire=40469 attitudeExpiredInvalid=0 attitudeAgent=55092 attitudeUnknown=0 attitudeFailClosed=0
[14:55:41.314][tid=3100] silent aim armed: target=00000000008963F9 world=(1031.37,-849.19,31.30) healthValid=1 health=292.50/292.50 dead=0 candidates=13 eligible=7 noPool=0 overCap=0 occluded=6 crosshairCoreHook=1 calls=562 redirects=54 rejected=0
[14:55:41.623][tid=32932] profile present (5000ms): snapshot[n=730 avg=97.7us max=553.9us] snapLockWait[n=730 avg=0.1us max=1.7us] snapCount[n=730 avg=33.5 max=35] poseSlots[n=3513 avg=7.0us max=29.3us] esp[n=730 avg=20.2us max=83.1us] aimbot[n=730 avg=2.9us max=16.6us]
[14:55:41.623][tid=32932] profile tick (5000ms): tickTotal[n=365 avg=70.3us max=244.5us] health[n=365 avg=34.1us max=97.7us] attitude[n=365 avg=26.7us max=166.0us] highlight[n=365 avg=1.5us max=57.6us] playerMods[n=365 avg=2.1us max=70.6us] visibility[n=365 avg=5.2us max=143.4us]
[14:55:41.623][tid=32932] profile tickdetail (5000ms): healthCollect[n=365 avg=0.4us max=42.3us] healthInvoke[n=365 avg=32.8us max=95.8us] attitudeCollect[n=365 avg=0.6us max=1.4us] attitudeInvoke[n=365 avg=9.9us max=140.8us] highlightCollect[n=365 avg=0.8us max=57.0us]
[14:55:41.702][tid=32932] no-recoil target: path=equipped-weapon playerId=0x1 weaponId=0x9B04DF targetId=0x9B04DF runtimeValidationRisk=0
[14:55:42.223][tid=32932] native highlight braindance mode: 1
[14:55:43.640][tid=32932] attitude path: work=4 phase2Enabled=1
[14:55:43.640][tid=32932] visibility tick: threadId=32932 processed=1 queued=0 casts=1592 visible=192 occluded=687 dropped=32
[14:55:43.686][tid=3100] ESP diagnostics: snapshots=32 categories[civilian=3 enemy=14 police=0 other=15] attitude[hostile=0 unknown=1 valid=40774 invalid=0] dead=3 categorized=17 categoryEnabled=14 projected=29 front=20 poseBounds=20 skeletonLines=0 depthRange=[14.86,88.69] maxDistance=300.0 distanceRejected=0 withinDistance=20 drawn=4 enabled=1 camera=1 health[valid=574670 invalid=213207 bars=1] nativeHighlight[queued=86 cleared=8 failures=0] visibility[on=1 available=1 occluded=0 unknown=0 casts=1594 clear=194 blocked=687 dropped=32]
[14:55:44.678][tid=32932] phase1 lifetime summary: registerCallbacks=1336 registered=1330 registerTid=28432 registerChanges=1263 registerOnMain=41 registerOffMain=1295 mainTickCalls=111744 mainTickTid=32932 mainTickChanges=0 unregisterCalls=773 unregisterTid=26900 unregisterChanges=730 unregisterOnMain=13 unregisterOffMain=760 unregisterTracked=167 unregisterUntracked=606 unregisterTrackingUnknown=0 unregisterNoId=0 lastRegister=(000001DBA8B51010,0x9B05DF) lastUnregister=(000001DBA8B51010,0x9B0513) unregisterHook=1 componentEntities=0 componentSkipped=0 componentSamples=0 layoutRejects=0 nullInstance=0 nullRefCount=0 truncated=0 attitudeAttempts=40889 attitudeSourceBlocked=0 attitudeAcquire=40889 attitudeExpiredInvalid=0 attitudeAgent=55662 attitudeUnknown=0 attitudeFailClosed=0
[14:55:44.691][tid=3100] silent aim armed: target=00000000008963F6 world=(1032.13,-849.78,31.18) healthValid=1 health=292.50/292.50 dead=0 candidates=12 eligible=6 noPool=0 overCap=0 occluded=6 crosshairCoreHook=1 calls=829 redirects=74 rejected=0
[14:55:44.705][tid=32932] no-recoil target: path=equipped-weapon playerId=0x1 weaponId=0x9B04DF targetId=0x9B04DF runtimeValidationRisk=0
[14:55:44.998][tid=32932] native highlight braindance mode: 1
[14:55:46.635][tid=32932] profile present (5000ms): snapshot[n=750 avg=91.7us max=492.3us] snapLockWait[n=750 avg=0.1us max=0.4us] snapCount[n=750 avg=32.6 max=34] poseSlots[n=3493 avg=6.8us max=56.0us] esp[n=750 avg=14.8us max=39.2us] aimbot[n=750 avg=2.8us max=24.4us]
[14:55:46.635][tid=32932] profile tick (5000ms): tickTotal[n=375 avg=64.1us max=320.9us] health[n=375 avg=32.1us max=82.1us] attitude[n=375 avg=23.8us max=114.6us] highlight[n=375 avg=1.3us max=34.3us] playerMods[n=375 avg=1.9us max=9.1us] visibility[n=375 avg=4.4us max=124.8us]
[14:55:46.635][tid=32932] profile tickdetail (5000ms): healthCollect[n=375 avg=0.3us max=1.3us] healthInvoke[n=375 avg=30.9us max=79.5us] attitudeCollect[n=375 avg=0.7us max=1.7us] attitudeInvoke[n=375 avg=8.3us max=43.5us] highlightCollect[n=375 avg=0.7us max=1.2us]
[14:55:46.647][tid=32932] attitude path: work=4 phase2Enabled=1
[14:55:46.648][tid=32932] visibility tick: threadId=32932 processed=0 queued=0 casts=1694 visible=224 occluded=722 dropped=32
[14:55:46.690][tid=3100] ESP diagnostics: snapshots=32 categories[civilian=3 enemy=14 police=0 other=15] attitude[hostile=0 unknown=1 valid=41117 invalid=0] dead=4 categorized=17 categoryEnabled=14 projected=28 front=19 poseBounds=19 skeletonLines=0 depthRange=[10.85,87.05] maxDistance=300.0 distanceRejected=0 withinDistance=19 drawn=3 enabled=1 camera=1 health[valid=576131 invalid=213546 bars=1] nativeHighlight[queued=87 cleared=9 failures=0] visibility[on=1 available=1 occluded=0 unknown=0 casts=1694 clear=224 blocked=722 dropped=32]
[14:55:47.544][tid=3100] silent aim armed: target=00000000008963FB world=(1034.27,-848.63,31.29) healthValid=1 health=292.50/292.50 dead=0 candidates=11 eligible=5 noPool=0 overCap=0 occluded=6 crosshairCoreHook=1 calls=1054 redirects=92 rejected=0
[14:55:47.712][tid=32932] no-recoil target: path=equipped-weapon playerId=0x1 weaponId=0x9B04DF targetId=0x9B04DF runtimeValidationRisk=0
[14:55:47.990][tid=32932] native highlight braindance mode: 1
[14:55:48.129][tid=32932] phase1 lifetime summary: registerCallbacks=1341 registered=1335 registerTid=31528 registerChanges=1268 registerOnMain=41 registerOffMain=1300 mainTickCalls=112000 mainTickTid=32932 mainTickChanges=0 unregisterCalls=780 unregisterTid=296 unregisterChanges=737 unregisterOnMain=13 unregisterOffMain=767 unregisterTracked=167 unregisterUntracked=613 unregisterTrackingUnknown=0 unregisterNoId=0 lastRegister=(000001DBB67AB070,0x7C8A3A119DD3C85C) lastUnregister=(000001DBD410EBF0,0x9B0814) unregisterHook=1 componentEntities=0 componentSkipped=0 componentSamples=0 layoutRejects=0 nullInstance=0 nullRefCount=0 truncated=0 attitudeAttempts=41270 attitudeSourceBlocked=0 attitudeAcquire=41270 attitudeExpiredInvalid=0 attitudeAgent=56192 attitudeUnknown=0 attitudeFailClosed=0
[14:55:49.643][tid=32932] attitude path: work=0 phase2Enabled=1
[14:55:49.643][tid=32932] visibility tick: threadId=32932 processed=0 queued=0 casts=1793 visible=251 occluded=758 dropped=32
[14:55:49.686][tid=3100] ESP diagnostics: snapshots=32 categories[civilian=3 enemy=14 police=0 other=15] attitude[hostile=0 unknown=1 valid=41440 invalid=0] dead=5 categorized=17 categoryEnabled=14 projected=27 front=18 poseBounds=18 skeletonLines=0 depthRange=[9.84,84.62] maxDistance=300.0 distanceRejected=0 withinDistance=18 drawn=2 enabled=1 camera=1 health[valid=577587 invalid=213882 bars=1] nativeHighlight[queued=88 cleared=10 failures=0] visibility[on=1 available=1 occluded=0 unknown=0 casts=1793 clear=251 blocked=758 dropped=32]
[14:55:50.524][tid=3100] silent aim armed: target=00000000008963FA world=(1029.85,-850.02,31.32) healthValid=1 health=292.50/292.50 dead=0 candidates=10 eligible=4 noPool=0 overCap=0 occluded=6 crosshairCoreHook=1 calls=1295 redirects=107 rejected=0
[14:55:50.703][tid=32932] no-recoil target: path=equipped-weapon playerId=0x1 weaponId=0x9B04DF targetId=0x9B04DF runtimeValidationRisk=0
[14:55:50.833][tid=32932] native highlight braindance mode: 1
[14:55:51.483][tid=32932] phase1 lifetime summary: registerCallbacks=1346 registered=1340 registerTid=33784 registerChanges=1273 registerOnMain=41 registerOffMain=1305 mainTickCalls=112256 mainTickTid=32932 mainTickChanges=0 unregisterCalls=792 unregisterTid=30248 unregisterChanges=749 unregisterOnMain=13 unregisterOffMain=779 unregisterTracked=168 unregisterUntracked=624 unregisterTrackingUnknown=0 unregisterNoId=0 lastRegister=(000001DBB9B540C0,0x9B06CF) lastUnregister=(000001DBB3124F50,0x9B0718) unregisterHook=1 componentEntities=0 componentSkipped=0 componentSamples=0 layoutRejects=0 nullInstance=0 nullRefCount=0 truncated=0 attitudeAttempts=41630 attitudeSourceBlocked=0 attitudeAcquire=41630 attitudeExpiredInvalid=0 attitudeAgent=56673 attitudeUnknown=0 attitudeFailClosed=0
[14:55:51.625][tid=32932] profile present (5000ms): snapshot[n=754 avg=87.2us max=435.9us] snapLockWait[n=754 avg=0.1us max=0.4us] snapCount[n=754 avg=31.8 max=32] poseSlots[n=3367 avg=6.8us max=39.1us] esp[n=754 avg=11.9us max=23.4us] aimbot[n=754 avg=2.7us max=26.0us]
[14:55:51.625][tid=32932] profile tick (5000ms): tickTotal[n=377 avg=61.1us max=402.4us] health[n=377 avg=32.3us max=366.6us] attitude[n=377 avg=21.6us max=84.0us] highlight[n=377 avg=1.3us max=31.5us] playerMods[n=377 avg=1.9us max=8.3us] visibility[n=377 avg=3.5us max=33.6us]
[14:55:51.625][tid=32932] profile tickdetail (5000ms): healthCollect[n=377 avg=0.4us max=15.4us] healthInvoke[n=377 avg=30.9us max=365.3us] attitudeCollect[n=377 avg=0.6us max=2.0us] attitudeInvoke[n=377 avg=7.4us max=64.7us] highlightCollect[n=377 avg=0.7us max=1.1us]
[14:55:52.651][tid=32932] attitude path: work=0 phase2Enabled=1
[14:55:52.651][tid=32932] visibility tick: threadId=32932 processed=0 queued=0 casts=1885 visible=267 occluded=796 dropped=32
[14:55:52.695][tid=3100] ESP diagnostics: snapshots=35 categories[civilian=6 enemy=14 police=0 other=15] attitude[hostile=0 unknown=1 valid=41756 invalid=0] dead=6 categorized=20 categoryEnabled=14 projected=29 front=20 poseBounds=20 skeletonLines=0 depthRange=[9.15,83.28] maxDistance=300.0 distanceRejected=0 withinDistance=20 drawn=6 enabled=1 camera=1 health[valid=579076 invalid=214233 bars=1] nativeHighlight[queued=89 cleared=11 failures=0] visibility[on=1 available=1 occluded=5 unknown=0 casts=1889 clear=267 blocked=798 dropped=32]
[14:55:53.710][tid=32932] no-recoil target: path=equipped-weapon playerId=0x1 weaponId=0x9B04DF targetId=0x9B04DF runtimeValidationRisk=0
[14:55:54.861][tid=32932] phase1 lifetime summary: registerCallbacks=1362 registered=1356 registerTid=30248 registerChanges=1287 registerOnMain=41 registerOffMain=1321 mainTickCalls=112512 mainTickTid=32932 mainTickChanges=0 unregisterCalls=801 unregisterTid=29008 unregisterChanges=758 unregisterOnMain=13 unregisterOffMain=788 unregisterTracked=169 unregisterUntracked=632 unregisterTrackingUnknown=0 unregisterNoId=0 lastRegister=(000001DBB11094F0,0x9955FD) lastUnregister=(000001DBC293DF20,0x9B0516) unregisterHook=1 componentEntities=0 componentSkipped=0 componentSamples=0 layoutRejects=0 nullInstance=0 nullRefCount=0 truncated=0 attitudeAttempts=42000 attitudeSourceBlocked=0 attitudeAcquire=42000 attitudeExpiredInvalid=0 attitudeAgent=57191 attitudeUnknown=0 attitudeFailClosed=0
[14:55:55.647][tid=32932] attitude path: work=1 phase2Enabled=1
[14:55:55.647][tid=32932] visibility tick: threadId=32932 processed=1 queued=0 casts=1970 visible=288 occluded=826 dropped=32
[14:55:55.687][tid=3100] ESP diagnostics: snapshots=36 categories[civilian=4 enemy=14 police=0 other=18] attitude[hostile=0 unknown=1 valid=42105 invalid=0] dead=6 categorized=18 categoryEnabled=14 projected=30 front=21 poseBounds=21 skeletonLines=0 depthRange=[15.65,76.14] maxDistance=300.0 distanceRejected=0 withinDistance=21 drawn=6 enabled=1 camera=1 health[valid=580588 invalid=214545 bars=1] nativeHighlight[queued=89 cleared=11 failures=0] visibility[on=1 available=1 occluded=3 unknown=0 casts=1974 clear=289 blocked=827 dropped=32]
[14:55:56.627][tid=32932] profile present (5000ms): snapshot[n=756 avg=93.2us max=434.8us] snapLockWait[n=756 avg=0.1us max=0.5us] snapCount[n=756 avg=34.6 max=38] poseSlots[n=3645 avg=6.8us max=78.2us] esp[n=756 avg=16.5us max=84.3us] aimbot[n=756 avg=2.5us max=7.5us]
[14:55:56.627][tid=32932] profile tick (5000ms): tickTotal[n=378 avg=65.2us max=264.7us] health[n=378 avg=33.7us max=170.9us] attitude[n=378 avg=24.3us max=80.1us] highlight[n=378 avg=1.3us max=22.8us] playerMods[n=378 avg=2.0us max=9.3us] visibility[n=378 avg=3.5us max=87.1us]
[14:55:56.627][tid=32932] profile tickdetail (5000ms): healthCollect[n=378 avg=0.3us max=1.0us] healthInvoke[n=378 avg=32.5us max=169.6us] attitudeCollect[n=378 avg=0.6us max=1.9us] attitudeInvoke[n=378 avg=8.5us max=40.4us] highlightCollect[n=378 avg=0.7us max=1.4us]
[14:55:56.708][tid=32932] no-recoil target: path=equipped-weapon playerId=0x1 weaponId=0x9B04DF targetId=0x9B04DF runtimeValidationRisk=0
[14:55:57.849][tid=3100] silent aim armed: target=00000000008963F8 world=(1032.84,-848.86,31.29) healthValid=1 health=292.50/292.50 dead=0 candidates=9 eligible=3 noPool=0 overCap=0 occluded=6 crosshairCoreHook=1 calls=1369 redirects=122 rejected=0
[14:55:57.909][tid=32932] native highlight braindance mode: 1
[14:55:58.208][tid=32932] phase1 lifetime summary: registerCallbacks=1380 registered=1374 registerTid=29076 registerChanges=1303 registerOnMain=41 registerOffMain=1339 mainTickCalls=112768 mainTickTid=32932 mainTickChanges=0 unregisterCalls=808 unregisterTid=29076 unregisterChanges=763 unregisterOnMain=13 unregisterOffMain=795 unregisterTracked=170 unregisterUntracked=638 unregisterTrackingUnknown=0 unregisterNoId=0 lastRegister=(000001DBC05B70C0,0x5C1E38851335FFC) lastUnregister=(000001DBB698EB30,0x74F39DBEC8A8D56F) unregisterHook=1 componentEntities=0 componentSkipped=0 componentSamples=0 layoutRejects=0 nullInstance=0 nullRefCount=0 truncated=0 attitudeAttempts=42422 attitudeSourceBlocked=0 attitudeAcquire=42422 attitudeExpiredInvalid=0 attitudeAgent=57765 attitudeUnknown=0 attitudeFailClosed=0
[14:55:58.647][tid=32932] attitude path: work=1 phase2Enabled=1
[14:55:58.647][tid=32932] visibility tick: threadId=32932 processed=0 queued=0 casts=2055 visible=307 occluded=857 dropped=32
[14:55:58.691][tid=3100] ESP diagnostics: snapshots=38 categories[civilian=4 enemy=14 police=0 other=20] attitude[hostile=0 unknown=1 valid=42484 invalid=0] dead=7 categorized=18 categoryEnabled=14 projected=31 front=21 poseBounds=21 skeletonLines=0 depthRange=[1.50,78.59] maxDistance=300.0 distanceRejected=0 withinDistance=21 drawn=5 enabled=1 camera=1 health[valid=582121 invalid=214836 bars=1] nativeHighlight[queued=90 cleared=12 failures=0] visibility[on=1 available=1 occluded=4 unknown=0 casts=2057 clear=307 blocked=858 dropped=32]
[14:55:59.700][tid=32932] no-recoil target: path=equipped-weapon playerId=0x1 weaponId=0x9B04DF targetId=0x9B04DF runtimeValidationRisk=0
[14:56:00.645][tid=3100] silent aim armed: target=00000000008963F5 world=(1073.42,-836.77,31.17) healthValid=1 health=292.50/292.50 dead=0 candidates=8 eligible=2 noPool=0 overCap=0 occluded=3 crosshairCoreHook=1 calls=1561 redirects=130 rejected=0
[14:56:00.680][tid=32932] native highlight braindance mode: 1
[14:56:01.587][tid=32932] phase1 lifetime summary: registerCallbacks=1388 registered=1382 registerTid=296 registerChanges=1311 registerOnMain=41 registerOffMain=1347 mainTickCalls=113024 mainTickTid=32932 mainTickChanges=0 unregisterCalls=815 unregisterTid=23524 unregisterChanges=769 unregisterOnMain=13 unregisterOffMain=802 unregisterTracked=172 unregisterUntracked=643 unregisterTrackingUnknown=0 unregisterNoId=0 lastRegister=(000001DBB2217170,0xC7CBF9F95F492E7C) lastUnregister=(000001DBC2BF20C0,0x9B0872) unregisterHook=1 componentEntities=0 componentSkipped=0 componentSamples=0 layoutRejects=0 nullInstance=0 nullRefCount=0 truncated=0 attitudeAttempts=42828 attitudeSourceBlocked=0 attitudeAcquire=42828 attitudeExpiredInvalid=0 attitudeAgent=58314 attitudeUnknown=0 attitudeFailClosed=0
[14:56:01.625][tid=32932] profile present (5000ms): snapshot[n=764 avg=99.8us max=960.7us] snapLockWait[n=764 avg=0.1us max=0.4us] snapCount[n=764 avg=37.7 max=38] poseSlots[n=3962 avg=7.2us max=251.7us] esp[n=764 avg=16.9us max=184.2us] aimbot[n=764 avg=2.3us max=37.2us]
[14:56:01.625][tid=32932] profile tick (5000ms): tickTotal[n=382 avg=64.4us max=533.1us] health[n=382 avg=33.8us max=368.9us] attitude[n=382 avg=23.7us max=159.0us] highlight[n=382 avg=1.3us max=25.5us] playerMods[n=382 avg=2.4us max=119.8us] visibility[n=382 avg=2.7us max=141.2us]
[14:56:01.626][tid=32932] profile tickdetail (5000ms): healthCollect[n=382 avg=0.4us max=68.2us] healthInvoke[n=382 avg=32.5us max=367.9us] attitudeCollect[n=382 avg=0.6us max=1.8us] attitudeInvoke[n=382 avg=8.2us max=51.1us] highlightCollect[n=382 avg=0.7us max=1.2us]
[14:56:01.638][tid=32932] attitude path: work=1 phase2Enabled=1
[14:56:01.638][tid=32932] visibility tick: threadId=32932 processed=0 queued=0 casts=2111 visible=316 occluded=879 dropped=32
[14:56:01.694][tid=3100] ESP diagnostics: snapshots=37 categories[civilian=4 enemy=14 police=0 other=19] attitude[hostile=0 unknown=1 valid=42847 invalid=0] dead=8 categorized=18 categoryEnabled=14 projected=29 front=16 poseBounds=16 skeletonLines=0 depthRange=[5.65,75.79] maxDistance=300.0 distanceRejected=0 withinDistance=16 drawn=4 enabled=1 camera=1 health[valid=583654 invalid=215127 bars=1] nativeHighlight[queued=91 cleared=13 failures=0] visibility[on=1 available=1 occluded=3 unknown=0 casts=2111 clear=316 blocked=879 dropped=32]
[14:56:02.704][tid=32932] no-recoil target: path=equipped-weapon playerId=0x1 weaponId=0x9B04DF targetId=0x9B04DF runtimeValidationRisk=0
[14:56:03.316][tid=3100] silent aim armed: target=00000000008963F4 world=(1081.61,-840.06,31.01) healthValid=1 health=351.00/351.00 dead=0 candidates=7 eligible=1 noPool=0 overCap=0 occluded=3 crosshairCoreHook=1 calls=1767 redirects=138 rejected=0
[14:56:03.839][tid=32932] native highlight braindance mode: 1
[14:56:04.646][tid=32932] attitude path: work=1 phase2Enabled=1
[14:56:04.646][tid=32932] visibility tick: threadId=32932 processed=0 queued=0 casts=2157 visible=322 occluded=899 dropped=32
[14:56:04.687][tid=3100] ESP diagnostics: snapshots=38 categories[civilian=4 enemy=14 police=0 other=20] attitude[hostile=0 unknown=1 valid=43189 invalid=0] dead=9 categorized=18 categoryEnabled=14 projected=29 front=20 poseBounds=20 skeletonLines=0 depthRange=[4.64,59.24] maxDistance=300.0 distanceRejected=0 withinDistance=20 drawn=3 enabled=1 camera=1 health[valid=585155 invalid=215418 bars=1] nativeHighlight[queued=92 cleared=14 failures=0] visibility[on=1 available=1 occluded=3 unknown=0 casts=2157 clear=322 blocked=899 dropped=32]
[14:56:05.001][tid=32932] phase1 lifetime summary: registerCallbacks=1399 registered=1393 registerTid=23524 registerChanges=1322 registerOnMain=42 registerOffMain=1357 mainTickCalls=113280 mainTickTid=32932 mainTickChanges=0 unregisterCalls=826 unregisterTid=26900 unregisterChanges=779 unregisterOnMain=13 unregisterOffMain=813 unregisterTracked=174 unregisterUntracked=652 unregisterTrackingUnknown=0 unregisterNoId=0 lastRegister=(000001DBB3C0A3C0,0x9B0714) lastUnregister=(000001DBB3C0A3C0,0x9B0714) unregisterHook=1 componentEntities=0 componentSkipped=0 componentSamples=0 layoutRejects=0 nullInstance=0 nullRefCount=0 truncated=0 attitudeAttempts=43223 attitudeSourceBlocked=0 attitudeAcquire=43223 attitudeExpiredInvalid=0 attitudeAgent=58856 attitudeUnknown=0 attitudeFailClosed=0
[14:56:05.705][tid=32932] no-recoil target: path=equipped-weapon playerId=0x1 weaponId=0x9B04DF targetId=0x9B04DF runtimeValidationRisk=0
[14:56:06.625][tid=32932] profile present (5000ms): snapshot[n=758 avg=105.4us max=718.2us] snapLockWait[n=758 avg=0.1us max=0.7us] snapCount[n=758 avg=37.4 max=38] poseSlots[n=4000 avg=7.4us max=207.2us] esp[n=758 avg=15.1us max=234.8us] aimbot[n=758 avg=1.8us max=15.9us]
[14:56:06.625][tid=32932] profile tick (5000ms): tickTotal[n=379 avg=66.2us max=616.7us] health[n=379 avg=34.2us max=571.8us] attitude[n=379 avg=26.2us max=259.4us] highlight[n=379 avg=1.3us max=33.5us] playerMods[n=379 avg=2.1us max=8.6us] visibility[n=379 avg=1.9us max=163.5us]
[14:56:06.625][tid=32932] profile tickdetail (5000ms): healthCollect[n=379 avg=0.2us max=0.9us] healthInvoke[n=379 avg=33.0us max=570.8us] attitudeCollect[n=379 avg=1.0us max=130.7us] attitudeInvoke[n=379 avg=9.6us max=221.8us] highlightCollect[n=379 avg=0.7us max=1.2us]
[14:56:07.479][tid=32932] native highlight braindance mode: 1
[14:56:07.648][tid=32932] attitude path: work=1 phase2Enabled=1
[14:56:07.648][tid=32932] visibility tick: threadId=32932 processed=0 queued=0 casts=2193 visible=322 occluded=917 dropped=32
[14:56:07.691][tid=3100] ESP diagnostics: snapshots=38 categories[civilian=4 enemy=14 police=0 other=20] attitude[hostile=0 unknown=1 valid=43540 invalid=0] dead=10 categorized=18 categoryEnabled=14 projected=28 front=11 poseBounds=11 skeletonLines=0 depthRange=[22.96,75.64] maxDistance=300.0 distanceRejected=0 withinDistance=11 drawn=2 enabled=1 camera=1 health[valid=586732 invalid=215713 bars=1] nativeHighlight[queued=93 cleared=15 failures=0] visibility[on=1 available=1 occluded=2 unknown=0 casts=2193 clear=322 blocked=917 dropped=32]
[14:56:08.276][tid=32932] phase1 lifetime summary: registerCallbacks=1412 registered=1406 registerTid=296 registerChanges=1335 registerOnMain=42 registerOffMain=1370 mainTickCalls=113536 mainTickTid=32932 mainTickChanges=0 unregisterCalls=833 unregisterTid=29076 unregisterChanges=786 unregisterOnMain=14 unregisterOffMain=819 unregisterTracked=174 unregisterUntracked=659 unregisterTrackingUnknown=0 unregisterNoId=0 lastRegister=(000001DBABC9B410,0x9B08ED) lastUnregister=(000001DBBA1ABE20,0xBCBE30C43CE64909) unregisterHook=1 componentEntities=0 componentSkipped=0 componentSamples=0 layoutRejects=0 nullInstance=0 nullRefCount=0 truncated=0 attitudeAttempts=43602 attitudeSourceBlocked=0 attitudeAcquire=43602 attitudeExpiredInvalid=0 attitudeAgent=59367 attitudeUnknown=0 attitudeFailClosed=0
[14:56:08.708][tid=32932] no-recoil target: path=equipped-weapon playerId=0x1 weaponId=0x9B04DF targetId=0x9B04DF runtimeValidationRisk=0
[14:56:10.650][tid=32932] attitude path: work=3 phase2Enabled=1
[14:56:10.650][tid=32932] visibility tick: threadId=32932 processed=0 queued=0 casts=2217 visible=323 occluded=928 dropped=32
[14:56:10.678][tid=32932] native highlight braindance mode: 1
[14:56:10.685][tid=3100] ESP diagnostics: snapshots=40 categories[civilian=4 enemy=14 police=0 other=22] attitude[hostile=0 unknown=1 valid=43894 invalid=0] dead=11 categorized=18 categoryEnabled=14 projected=29 front=12 poseBounds=12 skeletonLines=0 depthRange=[15.31,68.53] maxDistance=300.0 distanceRejected=0 withinDistance=12 drawn=1 enabled=1 camera=1 health[valid=588307 invalid=215994 bars=1] nativeHighlight[queued=94 cleared=16 failures=0] visibility[on=1 available=1 occluded=1 unknown=0 casts=2217 clear=323 blocked=928 dropped=32]
[14:56:11.624][tid=32932] profile present (5000ms): snapshot[n=766 avg=105.0us max=615.7us] snapLockWait[n=766 avg=0.1us max=0.5us] snapCount[n=766 avg=39.5 max=42] poseSlots[n=4149 avg=7.0us max=60.4us] esp[n=766 avg=12.6us max=179.6us] aimbot[n=766 avg=1.3us max=28.9us]
[14:56:11.624][tid=32932] profile tick (5000ms): tickTotal[n=383 avg=59.9us max=190.9us] health[n=383 avg=31.4us max=117.1us] attitude[n=383 avg=23.7us max=108.5us] highlight[n=383 avg=1.4us max=36.7us] playerMods[n=383 avg=2.0us max=18.6us] visibility[n=383 avg=1.1us max=33.4us]
[14:56:11.624][tid=32932] profile tickdetail (5000ms): healthCollect[n=383 avg=0.2us max=0.7us] healthInvoke[n=383 avg=30.3us max=116.0us] attitudeCollect[n=383 avg=0.6us max=1.5us] attitudeInvoke[n=383 avg=7.9us max=85.3us] highlightCollect[n=383 avg=0.7us max=4.1us]
[14:56:11.661][tid=32932] phase1 lifetime summary: registerCallbacks=1425 registered=1419 registerTid=26900 registerChanges=1346 registerOnMain=42 registerOffMain=1383 mainTickCalls=113792 mainTickTid=32932 mainTickChanges=0 unregisterCalls=842 unregisterTid=23524 unregisterChanges=795 unregisterOnMain=14 unregisterOffMain=828 unregisterTracked=174 unregisterUntracked=668 unregisterTrackingUnknown=0 unregisterNoId=0 lastRegister=(000001DBBD370EF0,0x9B08D0) lastUnregister=(000001DBAC2644B0,0xCC7524E4F6E9DE8) unregisterHook=1 componentEntities=0 componentSkipped=0 componentSamples=0 layoutRejects=0 nullInstance=0 nullRefCount=0 truncated=0 attitudeAttempts=44006 attitudeSourceBlocked=0 attitudeAcquire=44006 attitudeExpiredInvalid=0 attitudeAgent=59909 attitudeUnknown=0 attitudeFailClosed=0
[14:56:11.701][tid=32932] no-recoil target: path=equipped-weapon playerId=0x1 weaponId=0x9B04DF targetId=0x9B04DF runtimeValidationRisk=0
[14:56:13.645][tid=32932] attitude path: work=4 phase2Enabled=1
[14:56:13.645][tid=32932] visibility tick: threadId=32932 processed=0 queued=0 casts=2232 visible=327 occluded=933 dropped=32
[14:56:13.686][tid=3100] ESP diagnostics: snapshots=44 categories[civilian=3 enemy=14 police=0 other=27] attitude[hostile=0 unknown=1 valid=44266 invalid=0] dead=11 categorized=17 categoryEnabled=14 projected=33 front=13 poseBounds=13 skeletonLines=0 depthRange=[5.07,50.81] maxDistance=300.0 distanceRejected=0 withinDistance=13 drawn=1 enabled=1 camera=1 health[valid=589860 invalid=216249 bars=1] nativeHighlight[queued=94 cleared=16 failures=0] visibility[on=1 available=1 occluded=1 unknown=0 casts=2232 clear=327 blocked=933 dropped=32]
[14:56:14.701][tid=32932] no-recoil target: path=equipped-weapon playerId=0x1 weaponId=0x9B04DF targetId=0x9B04DF runtimeValidationRisk=0
[14:56:14.955][tid=32932] phase1 lifetime summary: registerCallbacks=1450 registered=1444 registerTid=29008 registerChanges=1371 registerOnMain=42 registerOffMain=1408 mainTickCalls=114048 mainTickTid=32932 mainTickChanges=0 unregisterCalls=874 unregisterTid=17972 unregisterChanges=825 unregisterOnMain=15 unregisterOffMain=859 unregisterTracked=175 unregisterUntracked=699 unregisterTrackingUnknown=0 unregisterNoId=0 lastRegister=(000001DBC4D4C440,0x9B0901) lastUnregister=(000001DBD2CDEEE0,0x30A4A7C40E3FF546) unregisterHook=1 componentEntities=0 componentSkipped=0 componentSamples=0 layoutRejects=0 nullInstance=0 nullRefCount=0 truncated=0 attitudeAttempts=44436 attitudeSourceBlocked=0 attitudeAcquire=44436 attitudeExpiredInvalid=0 attitudeAgent=60482 attitudeUnknown=0 attitudeFailClosed=0
[14:56:16.633][tid=32932] profile present (5000ms): snapshot[n=788 avg=108.1us max=608.7us] snapLockWait[n=788 avg=0.1us max=0.5us] snapCount[n=788 avg=44.1 max=46] poseSlots[n=4723 avg=7.0us max=133.6us] esp[n=788 avg=10.5us max=219.0us] aimbot[n=788 avg=1.4us max=5.8us]
[14:56:16.633][tid=32932] profile tick (5000ms): tickTotal[n=394 avg=60.5us max=172.1us] health[n=394 avg=31.2us max=84.3us] attitude[n=394 avg=24.8us max=107.0us] highlight[n=394 avg=1.3us max=20.7us] playerMods[n=394 avg=2.0us max=12.4us] visibility[n=394 avg=0.7us max=28.0us]
[14:56:16.633][tid=32932] profile tickdetail (5000ms): healthCollect[n=394 avg=0.2us max=1.5us] healthInvoke[n=394 avg=30.1us max=80.1us] attitudeCollect[n=394 avg=0.7us max=1.9us] attitudeInvoke[n=394 avg=8.8us max=64.2us] highlightCollect[n=394 avg=0.7us max=2.9us]
[14:56:16.647][tid=32932] attitude path: work=4 phase2Enabled=1
[14:56:16.647][tid=32932] visibility tick: threadId=32932 processed=0 queued=0 casts=2249 visible=330 occluded=939 dropped=32
[14:56:16.694][tid=3100] ESP diagnostics: snapshots=45 categories[civilian=3 enemy=14 police=0 other=28] attitude[hostile=0 unknown=1 valid=44675 invalid=0] dead=11 categorized=17 categoryEnabled=14 projected=34 front=12 poseBounds=12 skeletonLines=0 depthRange=[4.21,61.45] maxDistance=300.0 distanceRejected=0 withinDistance=12 drawn=1 enabled=1 camera=1 health[valid=591516 invalid=216505 bars=1] nativeHighlight[queued=94 cleared=16 failures=0] visibility[on=1 available=1 occluded=1 unknown=0 casts=2249 clear=330 blocked=939 dropped=32]
[14:56:17.233][tid=3100] silent aim armed: target=00000000008963F2 world=(1065.90,-829.26,31.15) healthValid=1 health=292.50/292.50 dead=0 candidates=4 eligible=1 noPool=0 overCap=0 occluded=0 crosshairCoreHook=1 calls=2414 redirects=149 rejected=0
[14:56:17.709][tid=32932] no-recoil target: path=equipped-weapon playerId=0x1 weaponId=0x9B04DF targetId=0x9B04DF runtimeValidationRisk=0
[14:56:18.214][tid=32932] phase1 lifetime summary: registerCallbacks=1455 registered=1449 registerTid=23524 registerChanges=1375 registerOnMain=42 registerOffMain=1413 mainTickCalls=114304 mainTickTid=32932 mainTickChanges=0 unregisterCalls=881 unregisterTid=30248 unregisterChanges=830 unregisterOnMain=15 unregisterOffMain=866 unregisterTracked=176 unregisterUntracked=705 unregisterTrackingUnknown=0 unregisterNoId=0 lastRegister=(000001DBBB2F1420,0x896DE6) lastUnregister=(000001DBB2B0E180,0x9B0715) unregisterHook=1 componentEntities=0 componentSkipped=0 componentSamples=0 layoutRejects=0 nullInstance=0 nullRefCount=0 truncated=0 attitudeAttempts=44879 attitudeSourceBlocked=0 attitudeAcquire=44879 attitudeExpiredInvalid=0 attitudeAgent=61082 attitudeUnknown=0 attitudeFailClosed=0
[14:56:18.453][tid=32932] no-recoil modifiers removed: targetId=0x9B04DF count=11
[14:56:18.471][tid=32932] no-recoil modifiers applied: targetId=0x9B04E3 count=11
[14:56:19.024][tid=32932] native highlight braindance mode: 1
[14:56:19.640][tid=32932] attitude path: work=4 phase2Enabled=1
[14:56:19.640][tid=32932] visibility tick: threadId=32932 processed=0 queued=0 casts=2253 visible=334 occluded=939 dropped=32
[14:56:19.695][tid=3100] ESP diagnostics: snapshots=45 categories[civilian=3 enemy=14 police=0 other=28] attitude[hostile=1 unknown=1 valid=45080 invalid=0] dead=12 categorized=17 categoryEnabled=14 projected=33 front=9 poseBounds=9 skeletonLines=0 depthRange=[5.10,57.41] maxDistance=300.0 distanceRejected=0 withinDistance=9 drawn=0 enabled=1 camera=1 health[valid=593111 invalid=216750 bars=1] nativeHighlight[queued=95 cleared=17 failures=0] visibility[on=1 available=1 occluded=0 unknown=0 casts=2253 clear=334 blocked=939 dropped=32]
[14:56:20.570][tid=32932] native highlight braindance mode: 0
[14:56:20.713][tid=32932] no-recoil target: path=equipped-weapon playerId=0x1 weaponId=0x9B04E3 targetId=0x9B04E3 runtimeValidationRisk=0
[14:56:21.543][tid=32932] phase1 lifetime summary: registerCallbacks=1475 registered=1469 registerTid=27332 registerChanges=1394 registerOnMain=43 registerOffMain=1432 mainTickCalls=114560 mainTickTid=32932 mainTickChanges=0 unregisterCalls=906 unregisterTid=27332 unregisterChanges=854 unregisterOnMain=15 unregisterOffMain=891 unregisterTracked=181 unregisterUntracked=725 unregisterTrackingUnknown=0 unregisterNoId=0 lastRegister=(000001DBA4181980,0xD076987D15D2A61E) lastUnregister=(000001DBAA1F7DB0,0x5D256B293590B36F) unregisterHook=1 componentEntities=0 componentSkipped=0 componentSamples=0 layoutRejects=0 nullInstance=0 nullRefCount=0 truncated=0 attitudeAttempts=45304 attitudeSourceBlocked=0 attitudeAcquire=45304 attitudeExpiredInvalid=0 attitudeAgent=61653 attitudeUnknown=0 attitudeFailClosed=0
[14:56:21.626][tid=32932] profile present (5000ms): snapshot[n=766 avg=113.6us max=776.1us] snapLockWait[n=766 avg=0.1us max=0.4us] snapCount[n=766 avg=44.1 max=45] poseSlots[n=4677 avg=7.3us max=106.7us] esp[n=766 avg=7.9us max=27.4us] aimbot[n=766 avg=1.6us max=38.2us]
[14:56:21.626][tid=32932] profile tick (5000ms): tickTotal[n=383 avg=63.7us max=524.5us] health[n=383 avg=31.8us max=317.4us] attitude[n=383 avg=27.1us max=492.8us] highlight[n=383 avg=1.6us max=27.3us] playerMods[n=383 avg=2.3us max=69.4us] visibility[n=383 avg=0.4us max=18.2us]
[14:56:21.626][tid=32932] profile tickdetail (5000ms): healthCollect[n=383 avg=0.2us max=0.9us] healthInvoke[n=383 avg=30.7us max=316.3us] attitudeCollect[n=383 avg=0.7us max=23.1us] attitudeInvoke[n=383 avg=10.2us max=469.9us] highlightCollect[n=383 avg=0.8us max=25.3us]
[14:56:22.640][tid=32932] attitude path: work=1 phase2Enabled=1
[14:56:22.640][tid=32932] visibility tick: threadId=32932 processed=0 queued=0 casts=2256 visible=335 occluded=940 dropped=32
[14:56:22.695][tid=3100] ESP diagnostics: snapshots=41 categories[civilian=3 enemy=11 police=0 other=27] attitude[hostile=1 unknown=1 valid=45441 invalid=0] dead=12 categorized=14 categoryEnabled=11 projected=28 front=10 poseBounds=10 skeletonLines=0 depthRange=[5.42,62.45] maxDistance=300.0 distanceRejected=0 withinDistance=10 drawn=0 enabled=1 camera=1 health[valid=594695 invalid=217014 bars=1] nativeHighlight[queued=95 cleared=17 failures=0] visibility[on=1 available=1 occluded=0 unknown=0 casts=2256 clear=335 blocked=940 dropped=32]
[14:56:23.708][tid=32932] no-recoil target: path=equipped-weapon playerId=0x1 weaponId=0x9B04E3 targetId=0x9B04E3 runtimeValidationRisk=0
[14:56:24.926][tid=32932] phase1 lifetime summary: registerCallbacks=1485 registered=1479 registerTid=28432 registerChanges=1404 registerOnMain=44 registerOffMain=1441 mainTickCalls=114816 mainTickTid=32932 mainTickChanges=0 unregisterCalls=931 unregisterTid=28432 unregisterChanges=877 unregisterOnMain=15 unregisterOffMain=916 unregisterTracked=185 unregisterUntracked=746 unregisterTrackingUnknown=0 unregisterNoId=0 lastRegister=(000001DBB394E410,0x474561C4767A9EC8) lastUnregister=(000001DBC63F1010,0x429BC22BEB07A361) unregisterHook=1 componentEntities=0 componentSkipped=0 componentSamples=0 layoutRejects=0 nullInstance=0 nullRefCount=0 truncated=0 attitudeAttempts=45697 attitudeSourceBlocked=0 attitudeAcquire=45697 attitudeExpiredInvalid=0 attitudeAgent=62181 attitudeUnknown=0 attitudeFailClosed=0
[14:56:24.939][tid=32932] native highlight braindance mode: 1
[14:56:24.952][tid=32932] native highlight braindance mode: 1
[14:56:25.009][tid=32932] native highlight braindance mode: 1
[14:56:25.643][tid=32932] attitude path: work=1 phase2Enabled=1
[14:56:25.643][tid=32932] visibility tick: threadId=32932 processed=0 queued=0 casts=2265 visible=338 occluded=943 dropped=32
[14:56:25.694][tid=3100] ESP diagnostics: snapshots=48 categories[civilian=4 enemy=14 police=0 other=30] attitude[hostile=1 unknown=1 valid=45802 invalid=0] dead=12 categorized=18 categoryEnabled=14 projected=31 front=21 poseBounds=21 skeletonLines=0 depthRange=[5.72,851.79] maxDistance=300.0 distanceRejected=3 withinDistance=18 drawn=3 enabled=1 camera=1 health[valid=596229 invalid=217272 bars=1] nativeHighlight[queued=98 cleared=17 failures=0] visibility[on=1 available=1 occluded=1 unknown=0 casts=2265 clear=338 blocked=943 dropped=32]
[14:56:26.638][tid=32932] profile present (5016ms): snapshot[n=740 avg=115.1us max=667.4us] snapLockWait[n=740 avg=0.1us max=6.5us] snapCount[n=740 avg=42.5 max=48] poseSlots[n=4514 avg=7.4us max=100.7us] esp[n=740 avg=9.5us max=185.6us] aimbot[n=740 avg=1.1us max=12.2us]
[14:56:26.638][tid=32932] profile tick (5016ms): tickTotal[n=370 avg=66.0us max=586.6us] health[n=370 avg=31.9us max=168.1us] attitude[n=370 avg=28.4us max=554.4us] highlight[n=370 avg=2.2us max=26.7us] playerMods[n=370 avg=2.1us max=8.2us] visibility[n=370 avg=0.9us max=34.9us]
[14:56:26.638][tid=32932] profile tickdetail (5016ms): healthCollect[n=370 avg=0.2us max=0.9us] healthInvoke[n=370 avg=30.8us max=166.8us] attitudeCollect[n=370 avg=0.8us max=30.1us] attitudeInvoke[n=370 avg=10.9us max=537.1us] highlightCollect[n=370 avg=0.7us max=1.7us]
[14:56:26.703][tid=32932] no-recoil target: path=equipped-weapon playerId=0x1 weaponId=0x9B04E3 targetId=0x9B04E3 runtimeValidationRisk=0
[14:56:28.537][tid=32932] phase1 lifetime summary: registerCallbacks=1577 registered=1571 registerTid=33292 registerChanges=1487 registerOnMain=44 registerOffMain=1533 mainTickCalls=115072 mainTickTid=32932 mainTickChanges=0 unregisterCalls=965 unregisterTid=28432 unregisterChanges=907 unregisterOnMain=15 unregisterOffMain=950 unregisterTracked=191 unregisterUntracked=774 unregisterTrackingUnknown=0 unregisterNoId=0 lastRegister=(000001DBC6B04330,0x1DC4330DBE41613) lastUnregister=(000001DBC7011030,0x9B0561) unregisterHook=1 componentEntities=0 componentSkipped=0 componentSamples=0 layoutRejects=0 nullInstance=0 nullRefCount=0 truncated=0 attitudeAttempts=46174 attitudeSourceBlocked=0 attitudeAcquire=46174 attitudeExpiredInvalid=0 attitudeAgent=62807 attitudeUnknown=0 attitudeFailClosed=0
[14:56:28.644][tid=32932] attitude path: work=4 phase2Enabled=1
[14:56:28.644][tid=32932] visibility tick: threadId=32932 processed=0 queued=0 casts=2280 visible=348 occluded=945 dropped=32
[14:56:28.697][tid=3100] ESP diagnostics: snapshots=44 categories[civilian=6 enemy=14 police=0 other=24] attitude[hostile=1 unknown=1 valid=46191 invalid=0] dead=12 categorized=20 categoryEnabled=14 projected=32 front=8 poseBounds=8 skeletonLines=0 depthRange=[24.36,120.34] maxDistance=300.0 distanceRejected=0 withinDistance=8 drawn=0 enabled=1 camera=1 health[valid=597696 invalid=217501 bars=1] nativeHighlight[queued=98 cleared=17 failures=0] visibility[on=1 available=1 occluded=0 unknown=0 casts=2280 clear=348 blocked=945 dropped=32]
[14:56:29.700][tid=32932] no-recoil target: path=equipped-weapon playerId=0x1 weaponId=0x9B04E3 targetId=0x9B04E3 runtimeValidationRisk=0
[14:56:31.650][tid=32932] attitude path: work=4 phase2Enabled=1
[14:56:31.650][tid=32932] visibility tick: threadId=32932 processed=0 queued=0 casts=2296 visible=363 occluded=945 dropped=32
[14:56:31.650][tid=32932] profile present (5000ms): snapshot[n=744 avg=114.9us max=682.5us] snapLockWait[n=744 avg=0.1us max=0.4us] snapCount[n=744 avg=43.6 max=46] poseSlots[n=4629 avg=7.3us max=95.3us] esp[n=744 avg=10.3us max=190.0us] aimbot[n=744 avg=1.6us max=13.7us]
[14:56:31.650][tid=32932] profile tick (5000ms): tickTotal[n=372 avg=62.1us max=383.9us] health[n=372 avg=32.5us max=308.2us] attitude[n=372 avg=24.7us max=205.0us] highlight[n=372 avg=1.3us max=2.2us] playerMods[n=372 avg=2.2us max=17.4us] visibility[n=372 avg=0.9us max=18.9us]
[14:56:31.650][tid=32932] profile tickdetail (5000ms): healthCollect[n=372 avg=0.3us max=0.9us] healthInvoke[n=372 avg=31.2us max=306.6us] attitudeCollect[n=372 avg=0.8us max=2.0us] attitudeInvoke[n=372 avg=8.2us max=38.2us] highlightCollect[n=372 avg=0.7us max=1.3us]
[14:56:31.693][tid=3100] ESP diagnostics: snapshots=46 categories[civilian=8 enemy=14 police=0 other=24] attitude[hostile=1 unknown=1 valid=46577 invalid=0] dead=12 categorized=22 categoryEnabled=14 projected=32 front=21 poseBounds=21 skeletonLines=0 depthRange=[13.73,89.10] maxDistance=300.0 distanceRejected=0 withinDistance=21 drawn=3 enabled=1 camera=1 health[valid=599261 invalid=217752 bars=1] nativeHighlight[queued=98 cleared=17 failures=0] visibility[on=1 available=1 occluded=0 unknown=0 casts=2296 clear=363 blocked=945 dropped=32]
[14:56:31.922][tid=32932] phase1 lifetime summary: registerCallbacks=1619 registered=1613 registerTid=17972 registerChanges=1525 registerOnMain=44 registerOffMain=1575 mainTickCalls=115328 mainTickTid=32932 mainTickChanges=0 unregisterCalls=1002 unregisterTid=29076 unregisterChanges=937 unregisterOnMain=15 unregisterOffMain=987 unregisterTracked=194 unregisterUntracked=808 unregisterTrackingUnknown=0 unregisterNoId=0 lastRegister=(000001DBD1F02DD0,0x904754AA9B66DDA8) lastUnregister=(000001DBD1F02DD0,0x904754AA9B66DDA8) unregisterHook=1 componentEntities=0 componentSkipped=0 componentSamples=0 layoutRejects=0 nullInstance=0 nullRefCount=0 truncated=0 attitudeAttempts=46606 attitudeSourceBlocked=0 attitudeAcquire=46606 attitudeExpiredInvalid=0 attitudeAgent=63366 attitudeUnknown=0 attitudeFailClosed=0
[14:56:32.711][tid=32932] no-recoil target: path=equipped-weapon playerId=0x1 weaponId=0x9B04E3 targetId=0x9B04E3 runtimeValidationRisk=0
[14:56:33.569][tid=3100] silent aim armed: target=0000000000896404 world=(983.99,-905.67,30.74) healthValid=1 health=292.50/292.50 dead=0 candidates=3 eligible=2 noPool=0 overCap=0 occluded=1 crosshairCoreHook=1 calls=2684 redirects=161 rejected=0
[14:56:33.621][tid=32932] native highlight braindance mode: 1
[14:56:34.646][tid=32932] attitude path: work=4 phase2Enabled=1
[14:56:34.646][tid=32932] visibility tick: threadId=32932 processed=0 queued=0 casts=2317 visible=376 occluded=948 dropped=32
[14:56:34.689][tid=3100] ESP diagnostics: snapshots=47 categories[civilian=9 enemy=14 police=0 other=24] attitude[hostile=1 unknown=1 valid=46989 invalid=0] dead=13 categorized=23 categoryEnabled=14 projected=32 front=19 poseBounds=19 skeletonLines=0 depthRange=[8.88,59.39] maxDistance=300.0 distanceRejected=0 withinDistance=19 drawn=2 enabled=1 camera=1 health[valid=600809 invalid=217980 bars=1] nativeHighlight[queued=99 cleared=18 failures=0] visibility[on=1 available=1 occluded=1 unknown=0 casts=2317 clear=376 blocked=948 dropped=32]
[14:56:35.400][tid=32932] phase1 lifetime summary: registerCallbacks=1638 registered=1632 registerTid=33292 registerChanges=1543 registerOnMain=44 registerOffMain=1594 mainTickCalls=115584 mainTickTid=32932 mainTickChanges=0 unregisterCalls=1019 unregisterTid=29076 unregisterChanges=952 unregisterOnMain=15 unregisterOffMain=1004 unregisterTracked=195 unregisterUntracked=824 unregisterTrackingUnknown=0 unregisterNoId=0 lastRegister=(000001DBC2C56730,0xF51131E0499C0DB9) lastUnregister=(000001DBACE6B7E0,0x904754AA9B66DDA8) unregisterHook=1 componentEntities=0 componentSkipped=0 componentSamples=0 layoutRejects=0 nullInstance=0 nullRefCount=0 truncated=0 attitudeAttempts=47072 attitudeSourceBlocked=0 attitudeAcquire=47072 attitudeExpiredInvalid=0 attitudeAgent=63979 attitudeUnknown=0 attitudeFailClosed=0
[14:56:35.711][tid=32932] no-recoil target: path=equipped-weapon playerId=0x1 weaponId=0x9B04E3 targetId=0x9B04E3 runtimeValidationRisk=0
[14:56:35.871][tid=3100] silent aim armed: target=0000000000896403 world=(985.76,-903.65,31.10) healthValid=1 health=292.50/292.50 dead=0 candidates=2 eligible=2 noPool=0 overCap=0 occluded=0 crosshairCoreHook=1 calls=2726 redirects=166 rejected=0
[14:56:35.922][tid=32932] native highlight braindance mode: 1
[14:56:36.641][tid=32932] profile present (5000ms): snapshot[n=742 avg=119.2us max=695.2us] snapLockWait[n=742 avg=0.1us max=0.3us] snapCount[n=742 avg=46.9 max=48] poseSlots[n=4927 avg=7.4us max=25.8us] esp[n=742 avg=14.2us max=61.5us] aimbot[n=742 avg=2.4us max=18.5us]
[14:56:36.641][tid=32932] profile tick (5000ms): tickTotal[n=371 avg=65.1us max=441.8us] health[n=371 avg=31.8us max=263.1us] attitude[n=371 avg=28.0us max=380.2us] highlight[n=371 avg=1.5us max=39.2us] playerMods[n=371 avg=2.3us max=11.8us] visibility[n=371 avg=1.0us max=22.0us]
[14:56:36.641][tid=32932] profile tickdetail (5000ms): healthCollect[n=371 avg=0.3us max=0.9us] healthInvoke[n=371 avg=30.5us max=262.1us] attitudeCollect[n=371 avg=0.9us max=53.8us] attitudeInvoke[n=371 avg=10.1us max=334.5us] highlightCollect[n=371 avg=0.8us max=1.8us]
[14:56:37.092][tid=30248] entity unregister observed: total=1024 ptr=000001DBBBADA420 id=0x8963F5 identity=1 trackedKnown=1 trackedBefore=1 result=1
[14:56:37.647][tid=32932] attitude path: work=4 phase2Enabled=1
[14:56:37.647][tid=32932] visibility tick: threadId=32932 processed=0 queued=0 casts=2331 visible=380 occluded=952 dropped=32
[14:56:37.687][tid=3100] ESP diagnostics: snapshots=46 categories[civilian=9 enemy=12 police=0 other=25] attitude[hostile=1 unknown=1 valid=47387 invalid=0] dead=12 categorized=21 categoryEnabled=12 projected=33 front=20 poseBounds=20 skeletonLines=0 depthRange=[8.11,876.44] maxDistance=300.0 distanceRejected=1 withinDistance=19 drawn=1 enabled=1 camera=1 health[valid=602402 invalid=218211 bars=1] nativeHighlight[queued=100 cleared=19 failures=0] visibility[on=1 available=1 occluded=1 unknown=0 casts=2331 clear=380 blocked=952 dropped=32]
[14:56:38.711][tid=32932] phase1 lifetime summary: registerCallbacks=1647 registered=1641 registerTid=31528 registerChanges=1552 registerOnMain=45 registerOffMain=1602 mainTickCalls=115840 mainTickTid=32932 mainTickChanges=0 unregisterCalls=1027 unregisterTid=28432 unregisterChanges=960 unregisterOnMain=15 unregisterOffMain=1012 unregisterTracked=197 unregisterUntracked=830 unregisterTrackingUnknown=0 unregisterNoId=0 lastRegister=(000001DBC9D412D0,0x7D3616AB3BB8C4E7) lastUnregister=(000001DBB6C83930,0x904754AA9B66DDA8) unregisterHook=1 componentEntities=0 componentSkipped=0 componentSamples=0 layoutRejects=0 nullInstance=0 nullRefCount=0 truncated=0 attitudeAttempts=47527 attitudeSourceBlocked=0 attitudeAcquire=47527 attitudeExpiredInvalid=0 attitudeAgent=64579 attitudeUnknown=0 attitudeFailClosed=0
[14:56:38.711][tid=32932] no-recoil target: path=equipped-weapon playerId=0x1 weaponId=0x9B04E3 targetId=0x9B04E3 runtimeValidationRisk=0
[14:56:38.899][tid=3100] silent aim armed: target=0000000000896402 world=(986.57,-905.62,31.00) healthValid=1 health=292.50/292.50 dead=0 candidates=1 eligible=1 noPool=0 overCap=0 occluded=0 crosshairCoreHook=1 calls=2912 redirects=171 rejected=0
[14:56:40.206][tid=32932] no-recoil modifiers removed: targetId=0x9B04E3 count=11
[14:56:40.226][tid=32932] no-recoil modifiers applied: targetId=0x9B04DF count=11
[14:56:40.648][tid=32932] attitude path: work=4 phase2Enabled=1
[14:56:40.648][tid=32932] visibility tick: threadId=32932 processed=0 queued=0 casts=2340 visible=384 occluded=954 dropped=32
[14:56:40.693][tid=3100] ESP diagnostics: snapshots=45 categories[civilian=9 enemy=12 police=0 other=24] attitude[hostile=1 unknown=1 valid=47794 invalid=0] dead=12 categorized=21 categoryEnabled=12 projected=32 front=19 poseBounds=19 skeletonLines=0 depthRange=[1.23,1004.75] maxDistance=300.0 distanceRejected=1 withinDistance=18 drawn=1 enabled=1 camera=1 health[valid=604015 invalid=218454 bars=1] nativeHighlight[queued=100 cleared=19 failures=0] visibility[on=1 available=1 occluded=1 unknown=0 casts=2340 clear=384 blocked=954 dropped=32]
[14:56:41.640][tid=32932] profile present (5000ms): snapshot[n=770 avg=114.1us max=779.5us] snapLockWait[n=770 avg=0.1us max=0.4us] snapCount[n=770 avg=45.8 max=48] poseSlots[n=4860 avg=7.4us max=42.7us] esp[n=770 avg=12.2us max=63.6us] aimbot[n=770 avg=1.7us max=127.5us]
[14:56:41.640][tid=32932] profile tick (5000ms): tickTotal[n=385 avg=65.9us max=463.9us] health[n=385 avg=32.6us max=317.2us] attitude[n=385 avg=28.4us max=363.3us] highlight[n=385 avg=1.3us max=2.5us] playerMods[n=385 avg=2.5us max=62.0us] visibility[n=385 avg=0.6us max=16.3us]
[14:56:41.640][tid=32932] profile tickdetail (5000ms): healthCollect[n=385 avg=0.2us max=1.0us] healthInvoke[n=385 avg=31.4us max=315.3us] attitudeCollect[n=385 avg=0.7us max=2.2us] attitudeInvoke[n=385 avg=9.5us max=108.0us] highlightCollect[n=385 avg=0.8us max=1.7us]
[14:56:41.705][tid=32932] no-recoil target: path=equipped-weapon playerId=0x1 weaponId=0x9B04DF targetId=0x9B04DF runtimeValidationRisk=0
[14:56:42.127][tid=32932] phase1 lifetime summary: registerCallbacks=1656 registered=1650 registerTid=29008 registerChanges=1561 registerOnMain=45 registerOffMain=1611 mainTickCalls=116096 mainTickTid=32932 mainTickChanges=0 unregisterCalls=1036 unregisterTid=29076 unregisterChanges=969 unregisterOnMain=15 unregisterOffMain=1021 unregisterTracked=199 unregisterUntracked=837 unregisterTrackingUnknown=0 unregisterNoId=0 lastRegister=(000001DBC8B69130,0x9165CC10287B3B1A) lastUnregister=(000001DBB3124F50,0x9B055E) unregisterHook=1 componentEntities=0 componentSkipped=0 componentSamples=0 layoutRejects=0 nullInstance=0 nullRefCount=0 truncated=0 attitudeAttempts=47983 attitudeSourceBlocked=0 attitudeAcquire=47983 attitudeExpiredInvalid=0 attitudeAgent=65179 attitudeUnknown=0 attitudeFailClosed=0
[14:56:42.815][tid=3100] silent aim armed: target=0000000000896402 world=(985.01,-904.50,30.92) healthValid=1 health=292.50/292.50 dead=0 candidates=1 eligible=1 noPool=0 overCap=0 occluded=0 crosshairCoreHook=1 calls=3198 redirects=176 rejected=0
[14:56:42.855][tid=32932] native highlight braindance mode: 1
[14:56:42.855][tid=32932] native highlight braindance mode: 0
[14:56:43.640][tid=32932] attitude path: work=4 phase2Enabled=1
[14:56:43.640][tid=32932] visibility tick: threadId=32932 processed=0 queued=0 casts=2347 visible=385 occluded=957 dropped=32
[14:56:43.689][tid=3100] ESP diagnostics: snapshots=44 categories[civilian=9 enemy=12 police=0 other=23] attitude[hostile=1 unknown=1 valid=48181 invalid=0] dead=13 categorized=21 categoryEnabled=12 projected=28 front=19 poseBounds=19 skeletonLines=0 depthRange=[9.06,887.72] maxDistance=300.0 distanceRejected=5 withinDistance=14 drawn=0 enabled=1 camera=1 health[valid=605543 invalid=218694 bars=1] nativeHighlight[queued=101 cleared=20 failures=0] visibility[on=1 available=1 occluded=0 unknown=0 casts=2347 clear=385 blocked=957 dropped=32]
[14:56:44.027][tid=32932] native highlight braindance mode: 1
[14:56:44.121][tid=32932] native highlight braindance mode: 1
[14:56:44.703][tid=32932] no-recoil target: path=equipped-weapon playerId=0x1 weaponId=0x9B04DF targetId=0x9B04DF runtimeValidationRisk=0
[14:56:45.304][tid=32932] native highlight braindance mode: 0
[14:56:45.492][tid=32932] phase1 lifetime summary: registerCallbacks=1669 registered=1663 registerTid=23524 registerChanges=1574 registerOnMain=45 registerOffMain=1624 mainTickCalls=116352 mainTickTid=32932 mainTickChanges=0 unregisterCalls=1053 unregisterTid=27332 unregisterChanges=985 unregisterOnMain=15 unregisterOffMain=1038 unregisterTracked=203 unregisterUntracked=850 unregisterTrackingUnknown=0 unregisterNoId=0 lastRegister=(000001DBD0B05790,0x9B0A21) lastUnregister=(000001DBC46F5460,0x9B18CBC76CCD1124) unregisterHook=1 componentEntities=0 componentSkipped=0 componentSamples=0 layoutRejects=0 nullInstance=0 nullRefCount=0 truncated=0 attitudeAttempts=48419 attitudeSourceBlocked=0 attitudeAcquire=48419 attitudeExpiredInvalid=0 attitudeAgent=65757 attitudeUnknown=0 attitudeFailClosed=0
[14:56:46.574][tid=32932] native highlight braindance mode: 1
[14:56:46.627][tid=32932] native highlight braindance mode: 1
[14:56:46.641][tid=32932] attitude path: work=3 phase2Enabled=1
[14:56:46.641][tid=32932] visibility tick: threadId=32932 processed=0 queued=0 casts=2361 visible=385 occluded=964 dropped=32
[14:56:46.641][tid=32932] profile present (5000ms): snapshot[n=756 avg=112.9us max=648.5us] snapLockWait[n=756 avg=0.1us max=0.5us] snapCount[n=756 avg=44.8 max=47] poseSlots[n=4755 avg=7.3us max=34.9us] esp[n=756 avg=7.9us max=61.0us] aimbot[n=756 avg=1.1us max=15.3us]
[14:56:46.641][tid=32932] profile tick (5000ms): tickTotal[n=378 avg=67.0us max=479.9us] health[n=378 avg=33.3us max=365.4us] attitude[n=378 avg=27.2us max=227.6us] highlight[n=378 avg=2.9us max=179.0us] playerMods[n=378 avg=2.4us max=27.4us] visibility[n=378 avg=0.7us max=26.6us]
[14:56:46.641][tid=32932] profile tickdetail (5000ms): healthCollect[n=378 avg=0.3us max=1.0us] healthInvoke[n=378 avg=31.9us max=364.4us] attitudeCollect[n=378 avg=0.7us max=2.1us] attitudeInvoke[n=378 avg=9.3us max=99.3us] highlightCollect[n=378 avg=1.2us max=177.6us]
[14:56:46.685][tid=3100] ESP diagnostics: snapshots=47 categories[civilian=9 enemy=14 police=0 other=24] attitude[hostile=1 unknown=1 valid=48573 invalid=0] dead=13 categorized=23 categoryEnabled=14 projected=33 front=19 poseBounds=19 skeletonLines=0 depthRange=[7.02,537.62] maxDistance=300.0 distanceRejected=1 withinDistance=18 drawn=2 enabled=1 camera=1 health[valid=607145 invalid=218940 bars=1] nativeHighlight[queued=105 cleared=20 failures=0] visibility[on=1 available=1 occluded=2 unknown=0 casts=2361 clear=385 blocked=964 dropped=32]
[14:56:47.541][tid=32932] native highlight braindance mode: 1
[14:56:47.710][tid=32932] no-recoil target: path=equipped-weapon playerId=0x1 weaponId=0x9B04DF targetId=0x9B04DF runtimeValidationRisk=0
[14:56:48.064][tid=32932] native highlight braindance mode: 1
[14:56:48.844][tid=32932] phase1 lifetime summary: registerCallbacks=1736 registered=1730 registerTid=27332 registerChanges=1639 registerOnMain=45 registerOffMain=1691 mainTickCalls=116608 mainTickTid=32932 mainTickChanges=0 unregisterCalls=1113 unregisterTid=296 unregisterChanges=1040 unregisterOnMain=16 unregisterOffMain=1097 unregisterTracked=208 unregisterUntracked=905 unregisterTrackingUnknown=0 unregisterNoId=0 lastRegister=(000001DBB3C74300,0x89708C) lastUnregister=(000001DBC6857220,0x9B0714) unregisterHook=1 componentEntities=0 componentSkipped=0 componentSamples=0 layoutRejects=0 nullInstance=0 nullRefCount=0 truncated=0 attitudeAttempts=48839 attitudeSourceBlocked=0 attitudeAcquire=48839 attitudeExpiredInvalid=0 attitudeAgent=66330 attitudeUnknown=0 attitudeFailClosed=0
[14:56:49.644][tid=32932] attitude path: work=3 phase2Enabled=1
[14:56:49.644][tid=32932] visibility tick: threadId=32932 processed=0 queued=0 casts=2395 visible=385 occluded=981 dropped=32
[14:56:49.687][tid=3100] ESP diagnostics: snapshots=44 categories[civilian=10 enemy=16 police=0 other=18] attitude[hostile=1 unknown=1 valid=48950 invalid=0] dead=13 categorized=26 categoryEnabled=16 projected=29 front=15 poseBounds=15 skeletonLines=0 depthRange=[8.03,1239.84] maxDistance=300.0 distanceRejected=7 withinDistance=8 drawn=0 enabled=1 camera=1 health[valid=608699 invalid=219186 bars=1] nativeHighlight[queued=107 cleared=20 failures=0] visibility[on=1 available=1 occluded=0 unknown=0 casts=2395 clear=385 blocked=981 dropped=32]
[14:56:50.706][tid=32932] no-recoil target: path=equipped-weapon playerId=0x1 weaponId=0x9B04DF targetId=0x9B04DF runtimeValidationRisk=0
[14:56:51.639][tid=32932] profile present (5000ms): snapshot[n=744 avg=105.4us max=659.8us] snapLockWait[n=744 avg=0.1us max=0.4us] snapCount[n=744 avg=43.1 max=47] poseSlots[n=4575 avg=7.1us max=47.0us] esp[n=744 avg=9.3us max=31.4us] aimbot[n=744 avg=1.0us max=18.9us]
[14:56:51.639][tid=32932] profile tick (5000ms): tickTotal[n=372 avg=62.2us max=340.0us] health[n=372 avg=32.2us max=328.4us] attitude[n=372 avg=25.0us max=261.0us] highlight[n=372 avg=1.5us max=31.2us] playerMods[n=372 avg=1.9us max=11.0us] visibility[n=372 avg=1.1us max=25.6us]
[14:56:51.639][tid=32932] profile tickdetail (5000ms): healthCollect[n=372 avg=2.0us max=248.9us] healthInvoke[n=372 avg=28.5us max=75.2us] attitudeCollect[n=372 avg=0.7us max=5.3us] attitudeInvoke[n=372 avg=9.9us max=245.8us] highlightCollect[n=372 avg=0.8us max=16.6us]
[14:56:52.291][tid=32932] phase1 lifetime summary: registerCallbacks=1772 registered=1766 registerTid=27332 registerChanges=1673 registerOnMain=47 registerOffMain=1725 mainTickCalls=116864 mainTickTid=32932 mainTickChanges=0 unregisterCalls=1133 unregisterTid=30248 unregisterChanges=1060 unregisterOnMain=16 unregisterOffMain=1117 unregisterTracked=213 unregisterUntracked=920 unregisterTrackingUnknown=0 unregisterNoId=0 lastRegister=(000001DBC9EA9180,0x94E5CA466DFBE9B7) lastUnregister=(000001DBB79C5400,0x88CF5801C0FC1D3A) unregisterHook=1 componentEntities=0 componentSkipped=0 componentSamples=0 layoutRejects=0 nullInstance=0 nullRefCount=0 truncated=0 attitudeAttempts=49279 attitudeSourceBlocked=0 attitudeAcquire=49279 attitudeExpiredInvalid=0 attitudeAgent=66940 attitudeUnknown=0 attitudeFailClosed=0
[14:56:52.645][tid=32932] attitude path: work=4 phase2Enabled=1
[14:56:52.645][tid=32932] visibility tick: threadId=32932 processed=0 queued=0 casts=2411 visible=385 occluded=989 dropped=32
[14:56:52.687][tid=3100] ESP diagnostics: snapshots=45 categories[civilian=9 enemy=13 police=0 other=23] attitude[hostile=0 unknown=1 valid=49339 invalid=0] dead=10 categorized=22 categoryEnabled=13 projected=27 front=9 poseBounds=9 skeletonLines=0 depthRange=[7.25,750.02] maxDistance=300.0 distanceRejected=1 withinDistance=8 drawn=0 enabled=1 camera=1 health[valid=610242 invalid=219435 bars=1] nativeHighlight[queued=107 cleared=20 failures=0] visibility[on=1 available=1 occluded=0 unknown=0 casts=2411 clear=385 blocked=989 dropped=32]
[14:56:53.703][tid=32932] no-recoil target: path=equipped-weapon playerId=0x1 weaponId=0x9B04DF targetId=0x9B04DF runtimeValidationRisk=0
[14:56:55.611][tid=32932] phase1 lifetime summary: registerCallbacks=1780 registered=1774 registerTid=33564 registerChanges=1680 registerOnMain=47 registerOffMain=1733 mainTickCalls=117120 mainTickTid=32932 mainTickChanges=0 unregisterCalls=1146 unregisterTid=17972 unregisterChanges=1071 unregisterOnMain=16 unregisterOffMain=1130 unregisterTracked=213 unregisterUntracked=933 unregisterTrackingUnknown=0 unregisterNoId=0 lastRegister=(000001DBCFCA92C0,0xA281105941E8B6F0) lastUnregister=(000001DBCA095F50,0x60467759E9719B58) unregisterHook=1 componentEntities=0 componentSkipped=0 componentSamples=0 layoutRejects=0 nullInstance=0 nullRefCount=0 truncated=0 attitudeAttempts=49748 attitudeSourceBlocked=0 attitudeAcquire=49748 attitudeExpiredInvalid=0 attitudeAgent=67569 attitudeUnknown=0 attitudeFailClosed=0
[14:56:55.651][tid=32932] attitude path: work=4 phase2Enabled=1
[14:56:55.651][tid=32932] visibility tick: threadId=32932 processed=0 queued=0 casts=2417 visible=385 occluded=992 dropped=32
[14:56:55.696][tid=3100] ESP diagnostics: snapshots=46 categories[civilian=10 enemy=13 police=0 other=23] attitude[hostile=0 unknown=1 valid=49766 invalid=0] dead=10 categorized=23 categoryEnabled=13 projected=28 front=10 poseBounds=10 skeletonLines=0 depthRange=[10.31,808.42] maxDistance=300.0 distanceRejected=1 withinDistance=9 drawn=0 enabled=1 camera=1 health[valid=611852 invalid=219681 bars=1] nativeHighlight[queued=107 cleared=20 failures=0] visibility[on=1 available=1 occluded=0 unknown=0 casts=2417 clear=385 blocked=992 dropped=32]
[14:56:56.647][tid=32932] profile present (5000ms): snapshot[n=766 avg=116.6us max=767.4us] snapLockWait[n=766 avg=0.1us max=0.5us] snapCount[n=766 avg=45.4 max=47] poseSlots[n=4819 avg=7.4us max=31.9us] esp[n=766 avg=7.6us max=26.3us] aimbot[n=766 avg=1.1us max=17.4us]
[14:56:56.647][tid=32932] profile tick (5000ms): tickTotal[n=383 avg=67.3us max=360.8us] health[n=383 avg=33.4us max=150.0us] attitude[n=383 avg=28.9us max=297.9us] highlight[n=383 avg=2.0us max=274.9us] playerMods[n=383 avg=2.0us max=13.8us] visibility[n=383 avg=0.5us max=16.9us]
[14:56:56.647][tid=32932] profile tickdetail (5000ms): healthCollect[n=383 avg=0.2us max=0.9us] healthInvoke[n=383 avg=32.0us max=148.9us] attitudeCollect[n=383 avg=0.7us max=2.2us] attitudeInvoke[n=383 avg=10.1us max=110.1us] highlightCollect[n=383 avg=1.5us max=274.2us]
[14:56:56.709][tid=32932] no-recoil target: path=equipped-weapon playerId=0x1 weaponId=0x9B04DF targetId=0x9B04DF runtimeValidationRisk=0
[14:56:58.642][tid=32932] attitude path: work=3 phase2Enabled=1
[14:56:58.642][tid=32932] visibility tick: threadId=32932 processed=0 queued=0 casts=2417 visible=385 occluded=992 dropped=32
[14:56:58.686][tid=3100] ESP diagnostics: snapshots=41 categories[civilian=8 enemy=11 police=0 other=22] attitude[hostile=0 unknown=1 valid=50194 invalid=0] dead=10 categorized=19 categoryEnabled=11 projected=30 front=15 poseBounds=15 skeletonLines=0 depthRange=[3.70,674.43] maxDistance=300.0 distanceRejected=4 withinDistance=11 drawn=0 enabled=1 camera=1 health[valid=613472 invalid=219925 bars=1] nativeHighlight[queued=107 cleared=20 failures=0] visibility[on=1 available=1 occluded=0 unknown=0 casts=2417 clear=385 blocked=992 dropped=32]
[14:56:58.943][tid=32932] phase1 lifetime summary: registerCallbacks=1804 registered=1798 registerTid=27332 registerChanges=1700 registerOnMain=47 registerOffMain=1757 mainTickCalls=117376 mainTickTid=32932 mainTickChanges=0 unregisterCalls=1181 unregisterTid=23524 unregisterChanges=1106 unregisterOnMain=17 unregisterOffMain=1164 unregisterTracked=219 unregisterUntracked=962 unregisterTrackingUnknown=0 unregisterNoId=0 lastRegister=(000001DBBFB6C3E0,0xE7F14C6194D6ED9A) lastUnregister=(000001DBD3789F60,0x9B0A3C) unregisterHook=1 componentEntities=0 componentSkipped=0 componentSamples=0 layoutRejects=0 nullInstance=0 nullRefCount=0 truncated=0 attitudeAttempts=50225 attitudeSourceBlocked=0 attitudeAcquire=50225 attitudeExpiredInvalid=0 attitudeAgent=68183 attitudeUnknown=0 attitudeFailClosed=0
[14:56:59.700][tid=32932] no-recoil target: path=equipped-weapon playerId=0x1 weaponId=0x9B04DF targetId=0x9B04DF runtimeValidationRisk=0
[14:57:00.613][tid=32932] native highlight braindance mode: 0
[14:57:01.645][tid=32932] attitude path: work=0 phase2Enabled=1
[14:57:01.645][tid=32932] visibility tick: threadId=32932 processed=0 queued=0 casts=2417 visible=385 occluded=992 dropped=32
[14:57:01.645][tid=32932] profile present (5000ms): snapshot[n=780 avg=113.5us max=868.1us] snapLockWait[n=780 avg=0.1us max=1.3us] snapCount[n=780 avg=42.4 max=47] poseSlots[n=4493 avg=7.8us max=224.1us] esp[n=780 avg=5.7us max=17.5us] aimbot[n=780 avg=0.9us max=5.2us]
[14:57:01.645][tid=32932] profile tick (5000ms): tickTotal[n=390 avg=61.9us max=212.7us] health[n=390 avg=32.5us max=91.4us] attitude[n=390 avg=24.8us max=154.7us] highlight[n=390 avg=1.6us max=44.2us] playerMods[n=390 avg=2.2us max=23.0us] visibility[n=390 avg=0.3us max=3.9us]
[14:57:01.645][tid=32932] profile tickdetail (5000ms): healthCollect[n=390 avg=0.2us max=1.1us] healthInvoke[n=390 avg=31.3us max=90.0us] attitudeCollect[n=390 avg=0.7us max=2.2us] attitudeInvoke[n=390 avg=8.5us max=32.5us] highlightCollect[n=390 avg=0.8us max=43.4us]
[14:57:01.687][tid=3100] ESP diagnostics: snapshots=34 categories[civilian=6 enemy=9 police=0 other=19] attitude[hostile=0 unknown=1 valid=50548 invalid=0] dead=10 categorized=15 categoryEnabled=9 projected=23 front=8 poseBounds=8 skeletonLines=0 depthRange=[9.10,635.25] maxDistance=300.0 distanceRejected=3 withinDistance=5 drawn=0 enabled=1 camera=1 health[valid=615042 invalid=220203 bars=1] nativeHighlight[queued=107 cleared=20 failures=0] visibility[on=1 available=1 occluded=0 unknown=0 casts=2417 clear=385 blocked=992 dropped=32]
[14:57:02.225][tid=32932] phase1 lifetime summary: registerCallbacks=1835 registered=1829 registerTid=29076 registerChanges=1727 registerOnMain=47 registerOffMain=1788 mainTickCalls=117632 mainTickTid=32932 mainTickChanges=0 unregisterCalls=1231 unregisterTid=33564 unregisterChanges=1151 unregisterOnMain=17 unregisterOffMain=1214 unregisterTracked=228 unregisterUntracked=1003 unregisterTrackingUnknown=0 unregisterNoId=0 lastRegister=(000001DBC6389200,0x4EBDF2352990BCBD) lastUnregister=(000001DBBAA82000,0x9B0A43) unregisterHook=1 componentEntities=0 componentSkipped=0 componentSamples=0 layoutRejects=0 nullInstance=0 nullRefCount=0 truncated=0 attitudeAttempts=50601 attitudeSourceBlocked=0 attitudeAcquire=50601 attitudeExpiredInvalid=0 attitudeAgent=68691 attitudeUnknown=0 attitudeFailClosed=0
[14:57:02.703][tid=32932] no-recoil target: path=equipped-weapon playerId=0x1 weaponId=0x9B04DF targetId=0x9B04DF runtimeValidationRisk=0
[14:57:04.639][tid=32932] attitude path: work=0 phase2Enabled=1
[14:57:04.639][tid=32932] visibility tick: threadId=32932 processed=0 queued=0 casts=2417 visible=385 occluded=992 dropped=32
[14:57:04.697][tid=3100] ESP diagnostics: snapshots=31 categories[civilian=5 enemy=9 police=0 other=17] attitude[hostile=0 unknown=1 valid=50808 invalid=0] dead=10 categorized=14 categoryEnabled=9 projected=21 front=2 poseBounds=2 skeletonLines=0 depthRange=[35.92,49.07] maxDistance=300.0 distanceRejected=0 withinDistance=2 drawn=0 enabled=1 camera=1 health[valid=616531 invalid=220554 bars=1] nativeHighlight[queued=107 cleared=20 failures=0] visibility[on=1 available=1 occluded=0 unknown=0 casts=2417 clear=385 blocked=992 dropped=32]
[14:57:05.524][tid=17972] phase1 lifetime summary: registerCallbacks=1859 registered=1853 registerTid=296 registerChanges=1748 registerOnMain=47 registerOffMain=1812 mainTickCalls=117882 mainTickTid=32932 mainTickChanges=0 unregisterCalls=1280 unregisterTid=17972 unregisterChanges=1196 unregisterOnMain=17 unregisterOffMain=1263 unregisterTracked=231 unregisterUntracked=1049 unregisterTrackingUnknown=0 unregisterNoId=0 lastRegister=(000001DB807B8AA0,0x9B0715) lastUnregister=(000001DBB6D1E470,0x904754AA9B66DDA8) unregisterHook=1 componentEntities=0 componentSkipped=0 componentSamples=0 layoutRejects=0 nullInstance=0 nullRefCount=0 truncated=0 attitudeAttempts=50878 attitudeSourceBlocked=0 attitudeAcquire=50878 attitudeExpiredInvalid=0 attitudeAgent=69086 attitudeUnknown=0 attitudeFailClosed=0
[14:57:05.711][tid=32932] no-recoil target: path=equipped-weapon playerId=0x1 weaponId=0x9B04DF targetId=0x9B04DF runtimeValidationRisk=0
[14:57:06.644][tid=32932] profile present (5000ms): snapshot[n=770 avg=96.7us max=893.6us] snapLockWait[n=770 avg=0.1us max=0.5us] snapCount[n=770 avg=31.1 max=34] poseSlots[n=3327 avg=7.9us max=216.2us] esp[n=770 avg=4.0us max=92.8us] aimbot[n=770 avg=0.8us max=6.4us]
[14:57:06.644][tid=32932] profile tick (5000ms): tickTotal[n=385 avg=62.9us max=270.5us] health[n=385 avg=33.1us max=98.7us] attitude[n=385 avg=24.0us max=209.8us] highlight[n=385 avg=2.4us max=41.2us] playerMods[n=385 avg=2.6us max=45.5us] visibility[n=385 avg=0.3us max=2.7us]
[14:57:06.644][tid=32932] profile tickdetail (5000ms): healthCollect[n=385 avg=0.3us max=1.0us] healthInvoke[n=385 avg=31.7us max=96.8us] attitudeCollect[n=385 avg=0.7us max=4.3us] attitudeInvoke[n=385 avg=7.7us max=151.3us] highlightCollect[n=385 avg=0.6us max=1.5us]
[14:57:07.651][tid=32932] attitude path: work=0 phase2Enabled=1
[14:57:07.651][tid=32932] visibility tick: threadId=32932 processed=0 queued=0 casts=2417 visible=385 occluded=992 dropped=32
[14:57:07.689][tid=3100] ESP diagnostics: snapshots=29 categories[civilian=3 enemy=9 police=0 other=17] attitude[hostile=0 unknown=1 valid=51048 invalid=0] dead=10 categorized=12 categoryEnabled=9 projected=19 front=6 poseBounds=6 skeletonLines=0 depthRange=[13.74,69.26] maxDistance=300.0 distanceRejected=0 withinDistance=6 drawn=0 enabled=1 camera=1 health[valid=617997 invalid=220920 bars=1] nativeHighlight[queued=107 cleared=20 failures=0] visibility[on=1 available=1 occluded=0 unknown=0 casts=2417 clear=385 blocked=992 dropped=32]
[14:57:08.712][tid=32932] no-recoil target: path=equipped-weapon playerId=0x1 weaponId=0x9B04DF targetId=0x9B04DF runtimeValidationRisk=0
[14:57:08.890][tid=32932] phase1 lifetime summary: registerCallbacks=1889 registered=1883 registerTid=27332 registerChanges=1775 registerOnMain=47 registerOffMain=1842 mainTickCalls=118144 mainTickTid=32932 mainTickChanges=0 unregisterCalls=1341 unregisterTid=23524 unregisterChanges=1253 unregisterOnMain=17 unregisterOffMain=1324 unregisterTracked=237 unregisterUntracked=1104 unregisterTrackingUnknown=0 unregisterNoId=0 lastRegister=(000001DBB033DF00,0x5E18C9E3F892BD7C) lastUnregister=(000001DBC7BA6AB0,0xE352E0400F2EAFD3) unregisterHook=1 componentEntities=0 componentSkipped=0 componentSamples=0 layoutRejects=0 nullInstance=0 nullRefCount=0 truncated=0 attitudeAttempts=51143 attitudeSourceBlocked=0 attitudeAcquire=51143 attitudeExpiredInvalid=0 attitudeAgent=69447 attitudeUnknown=0 attitudeFailClosed=0
[14:57:10.418][tid=32932] no-recoil modifiers removed: targetId=0x9B04DF count=11
[14:57:10.437][tid=32932] no-recoil modifiers applied: targetId=0x9B04E3 count=11
[14:57:10.642][tid=32932] attitude path: work=0 phase2Enabled=1
[14:57:10.642][tid=32932] visibility tick: threadId=32932 processed=0 queued=0 casts=2417 visible=385 occluded=992 dropped=32
[14:57:10.698][tid=3100] ESP diagnostics: snapshots=33 categories[civilian=3 enemy=9 police=0 other=21] attitude[hostile=0 unknown=1 valid=51303 invalid=0] dead=10 categorized=12 categoryEnabled=9 projected=17 front=15 poseBounds=15 skeletonLines=0 depthRange=[4.68,819.12] maxDistance=300.0 distanceRejected=3 withinDistance=12 drawn=0 enabled=1 camera=1 health[valid=619490 invalid=221283 bars=1] nativeHighlight[queued=107 cleared=20 failures=0] visibility[on=1 available=1 occluded=0 unknown=0 casts=2417 clear=385 blocked=992 dropped=32]
[14:57:11.638][tid=32932] profile present (5000ms): snapshot[n=760 avg=97.2us max=671.4us] snapLockWait[n=760 avg=0.1us max=0.5us] snapCount[n=760 avg=30.8 max=35] poseSlots[n=3244 avg=7.9us max=151.8us] esp[n=760 avg=4.9us max=37.6us] aimbot[n=760 avg=0.9us max=5.6us]
[14:57:11.638][tid=32932] profile tick (5000ms): tickTotal[n=380 avg=61.6us max=213.3us] health[n=380 avg=33.6us max=158.7us] attitude[n=380 avg=22.3us max=155.9us] highlight[n=380 avg=2.1us max=5.2us] playerMods[n=380 avg=2.6us max=58.5us] visibility[n=380 avg=0.3us max=2.4us]
[14:57:11.638][tid=32932] profile tickdetail (5000ms): healthCollect[n=380 avg=0.3us max=12.9us] healthInvoke[n=380 avg=32.3us max=157.5us] attitudeCollect[n=380 avg=0.6us max=1.9us] attitudeInvoke[n=380 avg=7.1us max=140.8us] highlightCollect[n=380 avg=0.6us max=1.4us]
[14:57:11.701][tid=32932] no-recoil target: path=equipped-weapon playerId=0x1 weaponId=0x9B04E3 targetId=0x9B04E3 runtimeValidationRisk=0
[14:57:12.249][tid=32932] phase1 lifetime summary: registerCallbacks=1944 registered=1938 registerTid=33564 registerChanges=1828 registerOnMain=47 registerOffMain=1897 mainTickCalls=118400 mainTickTid=32932 mainTickChanges=0 unregisterCalls=1353 unregisterTid=33784 unregisterChanges=1265 unregisterOnMain=18 unregisterOffMain=1335 unregisterTracked=239 unregisterUntracked=1114 unregisterTrackingUnknown=0 unregisterNoId=0 lastRegister=(000001DBC87158B0,0x83FA9BC027DDCBE8) lastUnregister=(000001DBC83E3E80,0xC0F5E8A353B77495) unregisterHook=1 componentEntities=0 componentSkipped=0 componentSamples=0 layoutRejects=0 nullInstance=0 nullRefCount=0 truncated=0 attitudeAttempts=51452 attitudeSourceBlocked=0 attitudeAcquire=51452 attitudeExpiredInvalid=0 attitudeAgent=69867 attitudeUnknown=0 attitudeFailClosed=0
[14:57:13.650][tid=32932] attitude path: work=0 phase2Enabled=1
[14:57:13.650][tid=32932] visibility tick: threadId=32932 processed=0 queued=0 casts=2417 visible=385 occluded=992 dropped=32
[14:57:13.699][tid=3100] ESP diagnostics: snapshots=37 categories[civilian=5 enemy=9 police=0 other=23] attitude[hostile=0 unknown=1 valid=51603 invalid=0] dead=10 categorized=14 categoryEnabled=9 projected=23 front=17 poseBounds=17 skeletonLines=0 depthRange=[6.17,990.60] maxDistance=300.0 distanceRejected=4 withinDistance=13 drawn=0 enabled=1 camera=1 health[valid=621012 invalid=221601 bars=1] nativeHighlight[queued=107 cleared=20 failures=0] visibility[on=1 available=1 occluded=0 unknown=0 casts=2417 clear=385 blocked=992 dropped=32]
[14:57:14.708][tid=32932] no-recoil target: path=equipped-weapon playerId=0x1 weaponId=0x9B04E3 targetId=0x9B04E3 runtimeValidationRisk=0
[14:57:15.639][tid=32932] phase1 lifetime summary: registerCallbacks=2012 registered=2006 registerTid=33292 registerChanges=1894 registerOnMain=47 registerOffMain=1965 mainTickCalls=118656 mainTickTid=32932 mainTickChanges=0 unregisterCalls=1397 unregisterTid=28432 unregisterChanges=1304 unregisterOnMain=18 unregisterOffMain=1379 unregisterTracked=243 unregisterUntracked=1154 unregisterTrackingUnknown=0 unregisterNoId=0 lastRegister=(000001DBBE2284F0,0xFBA4FE3BB81AE8BB) lastUnregister=(000001DBC7A33890,0x3ACF2521D709457C) unregisterHook=1 componentEntities=0 componentSkipped=0 componentSamples=0 layoutRejects=0 nullInstance=0 nullRefCount=0 truncated=0 attitudeAttempts=51802 attitudeSourceBlocked=0 attitudeAcquire=51802 attitudeExpiredInvalid=0 attitudeAgent=70335 attitudeUnknown=0 attitudeFailClosed=0
[14:57:16.643][tid=32932] attitude path: work=0 phase2Enabled=1
[14:57:16.643][tid=32932] visibility tick: threadId=32932 processed=0 queued=0 casts=2417 visible=385 occluded=992 dropped=32
[14:57:16.643][tid=32932] profile present (5000ms): snapshot[n=760 avg=105.6us max=922.6us] snapLockWait[n=760 avg=0.1us max=0.6us] snapCount[n=760 avg=35.3 max=37] poseSlots[n=3747 avg=8.1us max=257.2us] esp[n=760 avg=5.8us max=36.6us] aimbot[n=760 avg=0.9us max=25.7us]
[14:57:16.643][tid=32932] profile tick (5000ms): tickTotal[n=380 avg=65.9us max=220.1us] health[n=380 avg=34.7us max=193.4us] attitude[n=380 avg=25.2us max=172.1us] highlight[n=380 avg=2.5us max=20.3us] playerMods[n=380 avg=2.6us max=14.1us] visibility[n=380 avg=0.4us max=3.3us]
[14:57:16.643][tid=32932] profile tickdetail (5000ms): healthCollect[n=380 avg=0.3us max=1.2us] healthInvoke[n=380 avg=33.2us max=192.5us] attitudeCollect[n=380 avg=0.7us max=2.2us] attitudeInvoke[n=380 avg=8.1us max=148.6us] highlightCollect[n=380 avg=0.6us max=1.6us]
[14:57:16.686][tid=3100] ESP diagnostics: snapshots=34 categories[civilian=5 enemy=9 police=0 other=20] attitude[hostile=0 unknown=1 valid=51900 invalid=0] dead=10 categorized=14 categoryEnabled=9 projected=20 front=9 poseBounds=9 skeletonLines=0 depthRange=[3.14,941.29] maxDistance=300.0 distanceRejected=4 withinDistance=5 drawn=0 enabled=1 camera=1 health[valid=622495 invalid=221910 bars=1] nativeHighlight[queued=107 cleared=20 failures=0] visibility[on=1 available=1 occluded=0 unknown=0 casts=2417 clear=385 blocked=992 dropped=32]
[14:57:17.702][tid=32932] no-recoil target: path=equipped-weapon playerId=0x1 weaponId=0x9B04E3 targetId=0x9B04E3 runtimeValidationRisk=0
[14:57:18.356][tid=29076] entity registered: total=2048 ptr=000001DBA41ACF50 id=0x9B09C3 typeHash=0x317316F0865EA816 puppet=1 positioned=1 pos=(909.93, -880.66, 29.53)
[14:57:19.058][tid=32932] phase1 lifetime summary: registerCallbacks=2057 registered=2051 registerTid=17972 registerChanges=1935 registerOnMain=49 registerOffMain=2008 mainTickCalls=118912 mainTickTid=32932 mainTickChanges=0 unregisterCalls=1471 unregisterTid=31528 unregisterChanges=1368 unregisterOnMain=19 unregisterOffMain=1452 unregisterTracked=252 unregisterUntracked=1219 unregisterTrackingUnknown=0 unregisterNoId=0 lastRegister=(000001DBCD4062E0,0x7683134B0C982FA5) lastUnregister=(000001DBBFC03B20,0x3F0311CDBEB4B0B8) unregisterHook=1 componentEntities=0 componentSkipped=0 componentSamples=0 layoutRejects=0 nullInstance=0 nullRefCount=0 truncated=0 attitudeAttempts=52113 attitudeSourceBlocked=0 attitudeAcquire=52113 attitudeExpiredInvalid=0 attitudeAgent=70760 attitudeUnknown=0 attitudeFailClosed=0
[14:57:19.639][tid=32932] attitude path: work=2 phase2Enabled=1
[14:57:19.639][tid=32932] visibility tick: threadId=32932 processed=0 queued=0 casts=2417 visible=385 occluded=992 dropped=32
[14:57:19.685][tid=3100] ESP diagnostics: snapshots=30 categories[civilian=6 enemy=9 police=0 other=15] attitude[hostile=0 unknown=1 valid=52164 invalid=0] dead=10 categorized=15 categoryEnabled=9 projected=17 front=12 poseBounds=12 skeletonLines=0 depthRange=[37.32,766.29] maxDistance=300.0 distanceRejected=4 withinDistance=8 drawn=0 enabled=1 camera=1 health[valid=623956 invalid=222249 bars=1] nativeHighlight[queued=107 cleared=20 failures=0] visibility[on=1 available=1 occluded=0 unknown=0 casts=2417 clear=385 blocked=992 dropped=32]
[14:57:20.028][tid=32932] native highlight braindance mode: 1
[14:57:20.702][tid=32932] no-recoil target: path=equipped-weapon playerId=0x1 weaponId=0x9B04E3 targetId=0x9B04E3 runtimeValidationRisk=0
[14:57:21.228][tid=32932] no-recoil modifiers removed: targetId=0x9B04E3 count=11
[14:57:21.244][tid=32932] no-recoil modifiers applied: targetId=0x9B04E1 count=11
[14:57:21.284][tid=32932] native highlight braindance mode: 1
[14:57:21.338][tid=32932] native highlight braindance mode: 1
[14:57:21.443][tid=32932] native highlight braindance mode: 1
[14:57:21.648][tid=32932] profile present (5000ms): snapshot[n=752 avg=102.4us max=1270.1us] snapLockWait[n=752 avg=0.1us max=0.7us] snapCount[n=752 avg=33.6 max=42] poseSlots[n=3572 avg=7.6us max=251.7us] esp[n=752 avg=7.5us max=48.8us] aimbot[n=752 avg=0.9us max=4.7us]
[14:57:21.648][tid=32932] profile tick (5000ms): tickTotal[n=376 avg=66.0us max=214.5us] health[n=376 avg=34.7us max=161.9us] attitude[n=376 avg=24.9us max=94.7us] highlight[n=376 avg=2.4us max=37.5us] playerMods[n=376 avg=2.8us max=59.1us] visibility[n=376 avg=0.7us max=23.2us]
[14:57:21.648][tid=32932] profile tickdetail (5000ms): healthCollect[n=376 avg=0.3us max=1.8us] healthInvoke[n=376 avg=33.1us max=124.7us] attitudeCollect[n=376 avg=0.8us max=1.9us] attitudeInvoke[n=376 avg=8.1us max=62.7us] highlightCollect[n=376 avg=0.7us max=1.5us]
[14:57:22.432][tid=32932] phase1 lifetime summary: registerCallbacks=2115 registered=2109 registerTid=17972 registerChanges=1992 registerOnMain=49 registerOffMain=2066 mainTickCalls=119168 mainTickTid=32932 mainTickChanges=0 unregisterCalls=1526 unregisterTid=28260 unregisterChanges=1421 unregisterOnMain=20 unregisterOffMain=1506 unregisterTracked=255 unregisterUntracked=1271 unregisterTrackingUnknown=0 unregisterNoId=0 lastRegister=(000001DBC45FB9C0,0xD458FC13C2B44103) lastUnregister=(000001DBCC66DFC0,0x9B0577) unregisterHook=1 componentEntities=0 componentSkipped=0 componentSamples=0 layoutRejects=0 nullInstance=0 nullRefCount=0 truncated=0 attitudeAttempts=52478 attitudeSourceBlocked=0 attitudeAcquire=52478 attitudeExpiredInvalid=0 attitudeAgent=71286 attitudeUnknown=0 attitudeFailClosed=0
[14:57:22.650][tid=32932] attitude path: work=1 phase2Enabled=1
[14:57:22.650][tid=32932] visibility tick: threadId=32932 processed=0 queued=0 casts=2442 visible=390 occluded=1002 dropped=32
[14:57:22.692][tid=3100] ESP diagnostics: snapshots=43 categories[civilian=13 enemy=12 police=1 other=17] attitude[hostile=0 unknown=1 valid=52517 invalid=0] dead=10 categorized=26 categoryEnabled=13 projected=27 front=22 poseBounds=22 skeletonLines=0 depthRange=[1.40,787.82] maxDistance=300.0 distanceRejected=2 withinDistance=20 drawn=1 enabled=1 camera=1 health[valid=625487 invalid=222534 bars=1] nativeHighlight[queued=111 cleared=20 failures=0] visibility[on=1 available=1 occluded=0 unknown=0 casts=2442 clear=390 blocked=1002 dropped=32]
[14:57:23.701][tid=32932] no-recoil target: path=equipped-weapon playerId=0x1 weaponId=0x9B04E1 targetId=0x9B04E1 runtimeValidationRisk=0
[14:57:25.647][tid=32932] attitude path: work=0 phase2Enabled=1
[14:57:25.647][tid=32932] visibility tick: threadId=32932 processed=0 queued=0 casts=2488 visible=393 occluded=1023 dropped=32
[14:57:25.693][tid=3100] ESP diagnostics: snapshots=35 categories[civilian=15 enemy=3 police=1 other=16] attitude[hostile=0 unknown=1 valid=52906 invalid=0] dead=1 categorized=19 categoryEnabled=4 projected=30 front=21 poseBounds=21 skeletonLines=0 depthRange=[1.45,977.96] maxDistance=300.0 distanceRejected=4 withinDistance=17 drawn=1 enabled=1 camera=1 health[valid=627012 invalid=222817 bars=1] nativeHighlight[queued=111 cleared=20 failures=0] visibility[on=1 available=1 occluded=0 unknown=0 casts=2488 clear=393 blocked=1023 dropped=32]
[14:57:25.835][tid=32932] phase1 lifetime summary: registerCallbacks=2161 registered=2155 registerTid=32624 registerChanges=2037 registerOnMain=49 registerOffMain=2112 mainTickCalls=119424 mainTickTid=32932 mainTickChanges=0 unregisterCalls=1585 unregisterTid=33292 unregisterChanges=1477 unregisterOnMain=21 unregisterOffMain=1564 unregisterTracked=265 unregisterUntracked=1320 unregisterTrackingUnknown=0 unregisterNoId=0 lastRegister=(000001DBB9DE5960,0x9B0AD3) lastUnregister=(000001DBAA404400,0x70F7ADAD3271EC91) unregisterHook=1 componentEntities=0 componentSkipped=0 componentSamples=0 layoutRejects=0 nullInstance=0 nullRefCount=0 truncated=0 attitudeAttempts=52926 attitudeSourceBlocked=0 attitudeAcquire=52926 attitudeExpiredInvalid=0 attitudeAgent=71917 attitudeUnknown=0 attitudeFailClosed=0
[14:57:26.642][tid=32932] profile present (5000ms): snapshot[n=756 avg=108.9us max=667.3us] snapLockWait[n=756 avg=0.1us max=0.4us] snapCount[n=756 avg=39.0 max=44] poseSlots[n=4156 avg=7.6us max=201.1us] esp[n=756 avg=12.1us max=247.3us] aimbot[n=756 avg=1.1us max=14.5us]
[14:57:26.642][tid=32932] profile tick (5000ms): tickTotal[n=378 avg=72.7us max=186.4us] health[n=378 avg=36.3us max=139.3us] attitude[n=378 avg=29.9us max=151.1us] highlight[n=378 avg=1.4us max=9.6us] playerMods[n=378 avg=2.5us max=12.8us] visibility[n=378 avg=2.0us max=34.9us]
[14:57:26.642][tid=32932] profile tickdetail (5000ms): healthCollect[n=378 avg=0.6us max=113.3us] healthInvoke[n=378 avg=34.4us max=117.9us] attitudeCollect[n=378 avg=0.8us max=2.7us] attitudeInvoke[n=378 avg=10.9us max=41.9us] highlightCollect[n=378 avg=0.8us max=9.0us]
[14:57:26.705][tid=32932] no-recoil target: path=equipped-weapon playerId=0x1 weaponId=0x9B04E1 targetId=0x9B04E1 runtimeValidationRisk=0
[14:57:28.639][tid=32932] attitude path: work=0 phase2Enabled=1
[14:57:28.639][tid=32932] visibility tick: threadId=32932 processed=0 queued=0 casts=2512 visible=393 occluded=1035 dropped=32
[14:57:28.690][tid=3100] ESP diagnostics: snapshots=43 categories[civilian=23 enemy=3 police=1 other=16] attitude[hostile=0 unknown=1 valid=53385 invalid=0] dead=1 categorized=27 categoryEnabled=4 projected=42 front=23 poseBounds=22 skeletonLines=0 depthRange=[5.54,281.40] maxDistance=300.0 distanceRejected=0 withinDistance=23 drawn=1 enabled=1 camera=1 health[valid=628577 invalid=223092 bars=1] nativeHighlight[queued=111 cleared=20 failures=0] visibility[on=1 available=1 occluded=1 unknown=0 casts=2512 clear=393 blocked=1035 dropped=32]
[14:57:29.149][tid=32932] phase1 lifetime summary: registerCallbacks=2206 registered=2200 registerTid=296 registerChanges=2081 registerOnMain=50 registerOffMain=2156 mainTickCalls=119680 mainTickTid=32932 mainTickChanges=0 unregisterCalls=1611 unregisterTid=33784 unregisterChanges=1501 unregisterOnMain=21 unregisterOffMain=1590 unregisterTracked=267 unregisterUntracked=1344 unregisterTrackingUnknown=0 unregisterNoId=0 lastRegister=(000001DBBB0C18D0,0xD51E35D8001EE695) lastUnregister=(000001DBC49E6350,0x9B04DC) unregisterHook=1 componentEntities=0 componentSkipped=0 componentSamples=0 layoutRejects=0 nullInstance=0 nullRefCount=0 truncated=0 attitudeAttempts=53462 attitudeSourceBlocked=0 attitudeAcquire=53462 attitudeExpiredInvalid=0 attitudeAgent=72630 attitudeUnknown=0 attitudeFailClosed=0
[14:57:29.711][tid=32932] no-recoil target: path=equipped-weapon playerId=0x1 weaponId=0x9B04E1 targetId=0x9B04E1 runtimeValidationRisk=0
[14:57:31.639][tid=32932] attitude path: work=0 phase2Enabled=1
[14:57:31.639][tid=32932] visibility tick: threadId=32932 processed=0 queued=0 casts=2518 visible=399 occluded=1035 dropped=32
[14:57:31.639][tid=32932] profile present (5000ms): snapshot[n=1083 avg=77.7us max=615.9us] snapLockWait[n=1083 avg=0.1us max=0.5us] snapCount[n=1083 avg=41.1 max=45] poseSlots[n=4316 avg=7.0us max=57.4us] esp[n=1083 avg=10.7us max=64.9us] aimbot[n=1083 avg=1.1us max=51.0us]
[14:57:31.639][tid=32932] profile tick (5000ms): tickTotal[n=839 avg=45.7us max=360.2us] health[n=839 avg=26.9us max=231.9us] attitude[n=839 avg=15.2us max=312.2us] highlight[n=839 avg=1.1us max=3.5us] playerMods[n=839 avg=1.6us max=11.7us] visibility[n=839 avg=0.5us max=43.8us]
[14:57:31.639][tid=32932] profile tickdetail (5000ms): healthCollect[n=839 avg=0.5us max=205.3us] healthInvoke[n=839 avg=25.8us max=178.3us] attitudeCollect[n=839 avg=0.5us max=2.3us] attitudeInvoke[n=839 avg=4.8us max=132.0us] highlightCollect[n=839 avg=0.6us max=1.5us]
[14:57:31.686][tid=296] ESP diagnostics: snapshots=40 categories[civilian=20 enemy=3 police=1 other=16] attitude[hostile=0 unknown=1 valid=53857 invalid=0] dead=1 categorized=24 categoryEnabled=4 projected=39 front=23 poseBounds=22 skeletonLines=0 depthRange=[4.18,279.74] maxDistance=300.0 distanceRejected=0 withinDistance=23 drawn=1 enabled=1 camera=1 health[valid=633308 invalid=223921 bars=1] nativeHighlight[queued=111 cleared=20 failures=0] visibility[on=1 available=1 occluded=0 unknown=0 casts=2518 clear=399 blocked=1035 dropped=32]
[14:57:32.710][tid=32932] no-recoil target: path=equipped-weapon playerId=0x1 weaponId=0x9B04E1 targetId=0x9B04E1 runtimeValidationRisk=0
[14:57:33.727][tid=32932] phase1 lifetime summary: registerCallbacks=2212 registered=2206 registerTid=23524 registerChanges=2087 registerOnMain=50 registerOffMain=2162 mainTickCalls=120576 mainTickTid=32932 mainTickChanges=0 unregisterCalls=1622 unregisterTid=27332 unregisterChanges=1512 unregisterOnMain=21 unregisterOffMain=1601 unregisterTracked=270 unregisterUntracked=1352 unregisterTrackingUnknown=0 unregisterNoId=0 lastRegister=(000001DBC936D520,0x9B06EB) lastUnregister=(000001DBC82489E0,0x9B0563) unregisterHook=1 componentEntities=0 componentSkipped=0 componentSamples=0 layoutRejects=0 nullInstance=0 nullRefCount=0 truncated=0 attitudeAttempts=54173 attitudeSourceBlocked=0 attitudeAcquire=54173 attitudeExpiredInvalid=0 attitudeAgent=73551 attitudeUnknown=0 attitudeFailClosed=0
[14:57:35.085][tid=32624] entity unregister observed: total=2048 ptr=000001DBC1752D80 id=0xBCBE33C43CE64E22 identity=1 trackedKnown=1 trackedBefore=0 result=1
[14:57:35.281][tid=32932] attitude path: work=0 phase2Enabled=1
[14:57:35.302][tid=27332] ESP diagnostics: snapshots=0 tracked=0 pendingPosition=0 unregistered=2223 staleRemoved=0 healthValid=635367 healthInvalid=224286
